emotion_class,cleaned_text
anger,တ ကယ် ပဲ စိတ် ကုန် ဖို့ ကောင်း တယ်
anger,မင်း ကို လုံး ဝ ခွင့် မ လွှတ် နိုင် ဘူး
love,ကမ် ဘာ ကြီး က ငါ့ အ ပေါ် ရက် စက် လွန်း တယ်
suprise,တ ကယ် ပဲ လား ... ဆု တောင်း တွေ ပြည့် သွား တာ လား
love,ဘယ် သူ့ ကို မှ မ တွေ့ ချင် တော့ ဘူး
natural,စိတ် မ ပူ ပါ နဲ့ တော့
natural,အေး ချမ်း မှု အ ပြည့်
joy,အေး ချမ်း လိုက် တာ
joy,လန်း ဆန်း လှ
fear,မ ကြည့် နဲ့ တော့
anger,စိတ် တို လွန်း လို့ ရူး တော့ မယ်
fear,ဖုန်း သံ က ထိတ် လန့် စ ရာ
natural,သ ဘာ ဝ အ တိုင်း လေး ပဲ
natural,ဒီ နေ့ တော့ လမ်း လျှောက် ထွက် မယ်
love,အား တင်း ထား ရ တာ ပင် ပန်း လှ ပြီ
suprise,ကြို တင် မ သိ ရ ဘဲ ကြုံ လိုက် ရ တဲ့ ပျော် ရွှင် မှု က အ ကောင်း ဆုံး ပဲ
natural,သူ ငယ် ချင်း တွေ နဲ့ အ တိတ် က အ မှတ် တ ရ ဟောင်း တွေ ကို ပြန် ပြော ရင်း ရယ် မော ရ တဲ့ အ ချိန် က စိတ် ကို တ ကယ် ပေါ့ ပါး လန်း ဆန်း စေ တယ်
natural,ဒီ နေ့ ည နေ ခင်း နေ ဝင် တာ လေး က တ ကယ် လှ တယ်
anger,ပျက် စီး ခြင်း အ စ ပဲ
fear,မျက် လုံး မှိတ် ထား လိုက်
natural,စိတ် ထဲ မှာ မျှော် လင့် ချက် အ သစ် တွေ နဲ့ လန်း ဆန်း လို့
natural,စိတ် ထဲ အား ရ ကျေ နပ် တယ်
sadness,လွမ်း ရ တာ မော လှ ပြီ
suprise,အ မ လေး ... ရင် တုန် လိုက် တာ ၊ ဒါ ပေ မဲ့ မိုက် တယ်
natural,စိတ် အေး ချမ်း စွာ နား နေ ခြင်း
suprise,ဟာ ... မိုက် ချက် က တော့ လွန် ရော ပဲ
sadness,ပြန် မ ဆုံ နိုင် တော့ တဲ့ လမ်း ခွဲ
anger,စိတ် တို လွန်း လို့ ရင် ဘတ် ထဲ ပေါက် ကွဲ မ တတ် ပဲ
joy,စိတ် အေး လက် အေး နဲ့ ပျော် တယ်
joy,ရင် ခုန် ရ လို့ ပျော် တယ်
fear,အ ထီး ကျန် ရ မှာ ကို တွေး ပြီး ကြောက် နေ မိ တယ်
anger,အ ချိန် ကုန် တယ်
anger,မင်း ကို ကြည့် ရ တာ နဲ့ တင် စိတ် ညစ် တယ်
sadness,ဘယ် သူ မှ မ ကြား နိုင် တဲ့ ငို သံ
suprise,ဟာ ... အား လုံး က ချက် ချင်း ကြီး ဖြစ် သွား တာ ပဲ
fear,ကြောက် စိတ် က ခန် ဓာ ကိုယ် တစ် ခု လုံး ကို စိုး မိုး ထား လို့ ခြေ လှမ်း တစ် လှမ်း လှမ်း ဖို့ တောင် အင် အား မ ရှိ တော့ သ လို ပဲ
anger,ဘာ မှ လာ မ ရှင်း ပြ နဲ့
anger,တောင်း ပန် လည်း မ ရ တော့ ဘူး
sadness,နှ လုံး သား ရဲ့ အက် ကြောင်း များ
joy,လ စာ ရ တဲ့ နေ့ မှာ ကိုယ် လို ချင် တာ လေး ဝယ် လိုက် ရ တဲ့ အ ရ သာ
fear,ရော ဂါ ရ မှာ ကို ကြောက် တယ်
fear,ငါ့ ရဲ့ ကြိုး စား မှု တွေ အား လုံး က အ ချည်း နှီး ပဲ ဖြစ် သွား မ လား ဆို တဲ့ အ ကြောက် တ ရား က နေ့ တိုင်း နှိပ် စက် တယ်
love,အ တိတ် ကို ပြန် တွေး တိုင်း ရင် နာ ရ တယ်
natural,စိတ် ထဲ နေ လို့ ကောင်း တယ်
natural,နေ ရ တာ သက် တောင့် သက် သာ ရှိ လှ တယ်
joy,ဒီ နေ့ တော့ အ ရာ ရာ ကို ခွင့် လွှတ် နိုင် ပြီး စိတ် ပေါ့ ပါး နေ တယ်
natural,ဘာ ပဲ ဖြစ် ဖြစ် အ ဆင် ပြေ သွား မှာ ပါ
joy,သူ ငယ် ချင်း ဟောင်း တွေ နဲ့ မ တွေ့ တာ ကြာ လို့ ပြန် ဆုံ ပြီး ဟား တိုက် ရယ် မော ရ တဲ့ အ ချိန်
sadness,ဘာ လို့ ငါ့ ကို ထား ခဲ့ တာ လဲ
fear,ကိုယ့် ကိုယ် ကိုယ် ယုံ ကြည် မှု ပျောက် ဆုံး ပြီး လူ တွေ ရှေ့ ထွက် ဖို့ ကြောက် နေ တဲ့ စိတ် ဝေ ဒ နာ က တ ကယ့် အိပ် မက် ဆိုး
joy,စာ အုပ် ဖတ် ရ လို့ ပျော် တယ်
love,ငါ့ ရဲ့ နာ ကျင် မှု ကို ဘယ် သူ မှ မ မြင် ကြ ဘူး
natural,အ ဝတ် လျှော် ပြီး နေ လှန်း ရ တဲ့ အ လုပ် လေး က ကို စိတ် ကြည် တယ်
anger,စိတ် ကုန် စ ရာ ကြီး ဗျာ
natural,အ သက် ရှူ ရ တာ ဝ တယ်
joy,သ တင်း ကောင်း ကြား လို့ ပျော် တယ်
anger,စောက် ဂ ရု မ စိုက် ဘူး
sadness,ငါ့ ရဲ့ ကြိုး စား မှု တွေ က အ ရာ မ ထင် ခဲ့ ဘူး
natural,နေ သာ လို့ ကောင်း တယ်
anger,မင်း ကြောင့် ငါ အ လုပ် ရှုပ် ရ တယ်
joy,အ ပူ ပင် ကင်း လို့ ပျော် တယ်
suprise,ဝိုး ... ဒါ က တော့ မှော် ဆန် တဲ့ ခံ စား ချက် မျိုး ပဲ
natural,စိတ် လန်း ဆန်း သွား တယ်
love,ငါ တ ကယ် မော နေ ပြီ
anger,မင်း က ဘာ သိ လို့ လဲ
fear,အိပ် လို့ မ ရ တော့ ဘူး
joy,ကံ ထူး တဲ့ နေ့
suprise,လုံး ဝ ကို အံ့ ဩ စ ရာ ကောင်း လွန်း တဲ့ ည နေ ခင်း လေး
anger,ငါ့ ကို ဘာ မှတ် နေ လဲ
love,အ ပြုံး တွေ က အ တု အ ယောင် တွေ ပါ
sadness,ဘာ မှ မျှော် လင့် မ ထား သင့် ဘူး
suprise,ရင် ထဲ မှာ ပျော် လုံး ဆို့ ပြီး အံ့ ဩ နေ ရ တယ်
fear,မ လာ ပါ နဲ့ နဲ့
fear,အ သံ ကြီး က လည်း ကြောက် စ ရာ
fear,ကြောက် စ ရာ ကောင်း လိုက် တာ
fear,ကယ် ကြ ပါ ဦး
fear,ဆံ ပင် တွေ ထောင် သွား တယ်
sadness,ငါ က ပဲ အ မြဲ တမ်း အ မှား လုပ် မိ နေ သ လို ပဲ
natural,အ ရာ ရာ က သာ ယာ အ ဆင် ပြေ လို့
fear,အ ပြစ် တင် ခံ ရ မှာ ကို ကြောက် တယ်
love,ဝမ်း နည်း ခြင်း အ နက် ရှိုင်း ဆုံး ထဲ နစ် မြုပ် နေ တုန်း
natural,သ ဘာ ဝ တ ရား က လှ တယ်
natural,အိပ် ရေး ဝ ဝ အိပ် လိုက် ရ လို့ တစ် ကိုယ် လုံး လန်း ဆန်း နေ ပြီ
joy,ပီ တိ ဖြစ် ရ တယ်
joy,ကြည် နူး လွန်း
natural,စိတ် ထဲ ပွင့် လင်း သွား တယ်
anger,စိတ် ဓာတ် ကောက် ကျစ် တာ
anger,အ ဆိုး ဆုံး ပဲ
fear,အ မှောင် ထဲ က ခြေ သံ တွေ ကို ကြား နေ ရ သ လို ပဲ
natural,နိုး ထ လာ ရ တာ လန်း ဆန်း လှ တယ်
suprise,မ ယုံ နိုင် လောက် အောင် ထူး ခြား တဲ့ ခံ စား ချက် ကြီး
anger,အ လုပ် မ ရှုပ် စမ်း နဲ့
fear,လန့် စ ရာ ကြီး
natural,ဒီ လို တိတ် ဆိတ် အေး ချမ်း တဲ့ အ ချိန် လေး ကို သ ဘော ကျ တယ်
joy,စိတ် ကူး ယဉ် အ တိုင်း ပဲ
joy,အ ပြုံး မ ပျက် ဘူး
fear,ချစ် ရ တဲ့ သူ တွေ ငါ့ အ နား က နေ ထာ ဝ ရ ထွက် ခွာ သွား မှာ ကို တွေး မိ တဲ့ စက် ကန့် တိုင်း က င ရဲ ကျ နေ သ လို ပါ ပဲ
anger,တုံး အ လိုက် တာ
suprise,အံ့ ဩ စ ရာ တွေ ပြည့် နှက် နေ တဲ့ အ ခိုက် အ တန့် လေး
anger,နား မ လည် ဘူး လား
joy,ရုပ် ရှင် ကြည့် ရ လို့ ပျော် တယ်
natural,စိတ် ထဲ မှာ ဘာ ကို မှ လို ချင် တော မက် စိတ် မ ရှိ ဘဲ လော လော ဆယ် ရှိ နေ တဲ့ အ ခြေ အ နေ လေး ပေါ် မှာ တင် ကျေ နပ် နှစ် သက် နေ မိ တယ်
joy,အ ပူ အ ပင် မ ရှိ တော့ ဘူး
joy,ပြုံး မိ တာ
natural,စိတ် ထဲ က စိုး ရိမ် ပူ ပန် မှု တွေ နဲ့ သံ သ ယ တွေ ကို အား လုံး လွှတ် ချ လိုက် နိုင် တဲ့ အ ခါ ဘ ဝ က တ ကယ့် ကို ရိုး ရှင်း ပြီး နေ ပျော် လာ တယ်
natural,ဘာ မှ ထပ် မ လို ချင် တော့ တဲ့ စိတ်
natural,စိတ် ပူ ပန် စ ရာ တွေ အား လုံး ကို ခ ဏ လောက် မေ့ ထား လိုက် ပြီ
anger,ဒေါ သ တွေ ထိန်း မ ရ တော့ ဘူး
joy,ပီ တိ လျှံ
love,အ ရင် လို ပြန် မ ဖြစ် နိုင် တော့ ဘူး ပေါ့
suprise,မ ယုံ နိုင် စ ရာ ကောင်း လောက် အောင် အ ဆင် ပြေ သွား တာ
joy,ပေါ့ ပါး လန်း ဆန်း နေ တာ ပဲ
joy,ပြုံး ပြ လို့ ပျော် တယ်
fear,ရှုံး နိမ့် မှာ ကို ကြောက် တယ်
joy,ကြည် နူး ပီ တိ
love,ဘာ မှ ဖြစ် မ လာ တော့ တဲ့ အ တိတ် ကို လွမ်း နေ မိ တယ်
love,အ ပယ် ခံ ခံ စား ချက်
fear,နောက် ကျ မှာ ကို တွေး ပြီး အ လော တ ကြီး ကြောက် နေ တာ
suprise,ဟယ် ... အဲ လို ကြီး လား !
fear,အ သက် ကို ခိုး ရှူ နေ ရ တယ်
fear,ပိုက် ဆံ မ ရှိ တော့ မှာ ကို အ မြဲ တမ်း စိုး ရိမ် တယ်
suprise,ထင် မှတ် မ ထား တဲ့ Surprise အ ကြီး ကြီး ပဲ !
joy,ကိုယ့် ကို နား လည် ပေး မယ့် သူ ရှိ နေ တာ တ ကယ့် ဆု လာဘ် ပဲ
suprise,မ ထင် မှတ် ထား တဲ့ ပျော် ရွှင် မှု ကြောင့် ရင် ထဲ မှာ အ ပြည့် အ ဝ အံ့ ဩ ဝမ်း သာ ဖြစ် ရ တဲ့ နေ့
sadness,သေ ချာ တာ တစ် ခု က တော့ ငါ့ မှာ မင်း မ ရှိ တော့ ဘူး
sadness,အ ရင် လို မ ရယ် မော နိုင် တော့ ဘူး
fear,တ ကယ် ကြောက် တာ ပါ
joy,အ ဆင် ပြေ ချော မွေ့
fear,နောက် က လိုက် လာ သ လို ပဲ
anger,ကြည့် မ ရ ဘူး
suprise,ဟာ ... ကြည့် စမ်း ၊ တ ကယ် ကြီး ဖြစ် လာ ပြီ
anger,နည်း နည်း မှ အား ကိုး လို့ မ ရ ဘူး
joy,လက် ခုပ် တီး ချင် လောက် အောင် ပဲ
love,နှ လုံး သား တစ် ခု လုံး ကွဲ အက် သွား သ လို ပဲ
fear,မ ခေါ် ပါ နဲ့
joy,ဘ ဝ က တ ကယ့် ကို နေ ချင် စ ရာ ကောင်း လိုက် တာ
anger,စ ကား ကို ဖြတ် မ ပြော နဲ့
anger,ရွံ စ ရာ ကြီး
love,သူ များ တွေ ပျော် နေ တာ မြင် ရင် ပို ဝမ်း နည်း ရ တယ်
joy,လန်း ဆန်း တက် ကြွ
love,ကူ ညီ မယ့် သူ မ ရှိ ဘူး
fear,နောက် ပြန် မ လှည့် ရဲ ဘူး
joy,စိတ် အေး သွား ပြီ
natural,ကိုယ့် ကိုယ် ကိုယ် အ ချိန် ပေး ဖြစ် တဲ့ နေ့
joy,မျက် နှာ ပွင့် လန်း သွား တာ ပဲ
joy,စိတ် အေး ရ ပြီ
fear,စာ မေး ပွဲ ကျ မှာ ကို တွေး ပြီး ရင် တုန် နေ ပြီ
natural,နေ ရ တာ သက် တောင့် သက် သာ
joy,စိတ် ချမ်း သာ
fear,ဒီ အ ခြေ အ နေ ကြီး က နေ လွတ် မြောက် ချင် ပြီ
love,နှုတ် ဆက် စ ကား တောင် မ ပြော နိုင် ခဲ့ ကြ ဘူး
fear,ရေ နက် ထဲ ဆင်း ရ မှာ ကြောက် တယ်
natural,စိတ် အ ပန်း ပြေ သွား ပြီ
natural,သ ဘာ ဝ အ လှ တ ရား
natural,စိတ် အေး ရ တဲ့ နေ့
fear,အ ချိန် မ မှီ မှာ ကို ကြောက် တယ်
love,မျှော် လင့် ခြင်း ကင်း မဲ့ တဲ့ မ နက် ခင်း
suprise,ဟား ... ဒါ က တော့ လုံး ဝ ကွက် တိ ပဲ ၊ အံ့ ဩ သွား တာ ပဲ
fear,ကယ် ကြ ပါ ဘု ရား
fear,ရန် ဖြစ် မှာ ကို ကြောက် တယ်
joy,စိတ် ကျေ နပ် မှု အ ပြည့်
joy,ဘာ လို သေး လဲ
natural,စိတ် အေး လက် အေး ရှိ နေ တာ ဇိမ် ပဲ
natural,အိပ် ရာ နိုး ရ တာ လန်း ဆန်း လိုက် တာ
natural,စိတ် အေး လက် အေး
natural,သီ ချင်း အေး အေး လေး က စိတ် ကို ကု စား ပေး တယ်
love,အ ထီး ကျန် ခြင်း က ငါ့ အ ဖော်
natural,ဘ ဝ ကို ကျေ နပ် စွာ ဖြတ် သန်း ခြင်း
natural,အေး ချမ်း တဲ့ မ နက် ခင်း လေး
joy,စိတ် အ နှောင့် အ ယှက် တွေ အား လုံး ယူ ပစ် သ လို ပျောက် ကွယ် သွား ပြီ
fear,ခေါင်း ထဲ မှာ အ ဆိုး မြင် အ တွေး တွေ ပဲ တ ရ စပ် ဝင် လာ ပြီး ကြောက် စိတ် ကြောင့် ဘာ မှ ဆက် မ လုပ် ရဲ တော့ ဘူး
natural,ဘာ အ ပူ မှ မ ရှိ တဲ့ နေ့ ရက် များ
fear,လူ တွေ အား လုံး ငါ့ ကို ဝိုင်း ကြည့် နေ သ လို ပဲ
fear,အ ဝေး မှာ နေ ပါ
love,ဘယ် တော့ မှ ပြန် မ လာ တော့ မယ့် အ ရာ တွေ
natural,ကိုယ့် အ ချိန် နဲ့ ကိုယ်
fear,ပိုး ဟပ် မြင် ရင် ကြောက် တယ်
love,အိပ် မက် တွေ က ပျက် စီး သွား ပြီ
fear,ဟင် ၊ ဘာ သံ လဲ
joy,ကံ ကောင်း ခြင်း
natural,ရင် ထဲ ငြိမ်း ချမ်း သွား တာ ပဲ
fear,အ သံ ဗ လံ တွေ ကြား ရ တိုင်း လန့် လန့် သွား တယ်
natural,ရင် ထဲ မှာ ဘာ သံ သ ယ မှ မ ရှိ ဘဲ ရှင်း ရှင်း လင်း လင်း ရှိ နေ တာ
fear,ရင် ဘတ် ဖိ ထား ရ တယ်
natural,ဇိမ် ကျ လိုက် တာ
sadness,စိတ် တွေ လေ လွင့် နေ တယ်
natural,လွတ် လပ် မှု အ ပြည့် ပဲ
joy,လေ ညှင်း ခံ ရ လို့ ပျော် တယ်
sadness,နှုတ် မ ဆက် ဘဲ ထွက် ခွာ သွား ကြ တယ်
fear,သူ တစ် ပါး ရဲ့ ဒေါ သ တ ကြီး အော် ဟစ် သံ တွေ ကို ကြား ရ တဲ့ အ ခါ တိုင်း ငယ် ငယ် က အ ကြောက် တ ရား တွေ ပြန် ပေါ် လာ တယ်
sadness,ဘာ ကြောင့် မှန်း မ သိ ဘဲ ဝမ်း နည်း နေ တဲ့ ည နေ ခင်း
joy,သာ ယာ ချက်
natural,သ ဘာ ဝ အ သံ တွေ က သာ ယာ လိုက် တာ
anger,အ ဝေး ဆုံး ကို လွင့် သွား စမ်း
joy,ကံ ကောင်း လို့ ပျော် တယ်
joy,သူ တစ် ပါး ကို ကူ ညီ လိုက် ရ လို့ စိတ် ထဲ ကြည် နူး ပီ တိ ဖြစ် ရ တယ်
joy,ပျော် ရွှင် စ ရာ
natural,စိတ် အ ပြောင်း အ လဲ လေး
love,မျက် ရည် တွေ က ခေါင်း အုံး ပေါ် မှာ အ စွန်း အ ထင်း တွေ ဖြစ် လို့
natural,အေး ချမ်း ခြင်း က ဒီ မှာ တင် ပဲ
anger,တစ် ခု မှ အ ဆင် မ ပြေ ဘူး
joy,ပျော် ရွှင် စ ရာ အ မှတ် တ ရ တွေ တိုး လာ ပြန် ပြီ
joy,စိတ် ကျေ နပ်
fear,ည ဘက် လမ်း မီး မ ရှိ တဲ့ လမ်း ကြား ထဲ တစ် ယောက် တည်း လျှောက် ရ တာ က တ ကယ့် ကို သွေး ပျက် စ ရာ ည တစ် ည ပဲ
fear,ကိုယ့် ရဲ့ အား နည်း ချက် တွေ ကို သူ တ ပါး သိ သွား ပြီး လှောင် ပြောင် ကြ မှာ ကို သေ မ တတ် ကြောက် မိ တာ အ မှန် ပဲ
fear,မိုး ခြိမ်း ရင် လန့် တတ် တယ်
fear,ဒီ ည တော့ မီး ဖွင့် ပြီး ပဲ အိပ် တော့ မယ်
natural,ဘ ဝ က ဒီ လို ပဲ အေး ဆေး ပေါ့
natural,စိတ် ကူး တွေ ယဉ် လို့ ကောင်း တုန်း
joy,က လေး လေး တွေ ရိုး ရိုး သား သား နဲ့ အော် ဟစ် ရယ် မော နေ တာ ကြည့် ပြီး ပျော် တာ
natural,အေး အေး လူ လူ ရှိ နေ တယ်
anger,တ မင် သက် သက် လုပ် နေ တာ လား
joy,ကြိုး စား ထား တဲ့ စာ မေး ပွဲ မှာ အ မှတ် ကောင်း ကောင်း နဲ့ အောင် မြင် သွား တဲ့ နေ့
joy,သူ ငယ် ချင်း တွေ နဲ့ အ တူ တောင် တက် ရင်း ထိပ် ဆုံး ကို ရောက် သွား တဲ့ အ ချိန် ခံ စား ရ တဲ့ အောင် ပွဲ က ရင် ခုန် စ ရာ ပဲ
love,အား ကိုး ရာ မဲ့ နေ တဲ့ ခံ စား ချက် ကြီး
joy,စိတ် လှုပ် ရှား စ ရာ ကောင်း လိုက် တာ
natural,စိတ် ကျေ နပ် မှု ရှိ တယ်
joy,သီ ချင်း နား ထောင် ရ လို့ ပျော် တယ်
natural,စာ အုပ် ကောင်း တစ် အုပ် နဲ့ တင် နေ့ လယ် ခင်း က ပြီး ပြည့် စုံ တယ်
joy,ပိတ် ရက် မှာ အိပ် ရေး ဝ ဝ အိပ် လိုက် ရ လို့ စိတ် ကြည် လင် နေ တာ
natural,အေး အေး ဆေး ဆေး ပါ ပဲ
joy,ပျော် လိုက် တာ
anger,တော် တော် လွန် သွား ပြီ
anger,စိတ် ပျက် စ ရာ လူ တန်း စား
love,မျှော် လင့် ချက် ဆို တာ ငါ နဲ့ မ ထိုက် တန် တဲ့ အ ရာ
suprise,တ ကယ် ကြီး ဖြစ် သွား တာ လား ... မ ယုံ နိုင် ဘူး
anger,ငါ့ ဘ ဝ ထဲ က ထွက် သွား
joy,အား လုံး အ ဆင် ပြေ လို့ ပျော် တယ်
fear,ပိုက် ဆံ ပြတ် လပ် မှာ ကို ကြောက် တယ်
sadness,မျှော် လင့် ခြင်း ရဲ့ နောက် ဆက် တွဲ က နာ ကျင် မှု
anger,ငါ အ ခု ဒေါ သ ထွက် နေ တယ်
sadness,စိတ် ပျက် မိ တယ်
joy,အ ပူ အ ပင် ကင်း
natural,စိတ် အေး လက် အေး ရှိ တယ်
fear,လက် ဖျား ခြေ ဖျား တွေ အေး လို့
sadness,အ ရာ ရာ က ပြီး ဆုံး သွား ခဲ့ ပြီ လေ
love,အ ရာ ရာ ကို လက် လျှော့ လိုက် ချင် ပြီ
anger,အ ဓိပ် ပာယ် မ ရှိ တာ တွေ
natural,ရင် ထဲ မှာ ဘာ အ ပူ မှ မ ရှိ တဲ့ ခံ စား ချက်
natural,စာ အုပ် တစ် အုပ် နဲ့ တင် စိတ် အ ပန်း ပြေ တယ်
fear,ပြေး ကြ စို့
joy,ရင် ထဲ က ပီ တိ တွေ လှိုက် တက် လာ တာ
natural,စိတ် ချမ်း သာ စ ရာ
joy,စိတ် ကူး ယဉ် ခဲ့ တဲ့ ခ ရီး စဉ် လေး ကို တ ကယ့် လက် တွေ့ သွား ရ တော့ မယ့် အ ချိန်
joy,စိတ် အ ပန်း ပြေ သွား တယ်
anger,အ ခု ချက် ချင်း ရပ် လိုက်
love,ဒီ အ တိုင်း ပျောက် ကွယ် သွား ချင် တယ်
joy,စိတ် ကျေ နပ် မှု အ ပြည့် ပဲ
fear,လူ ကြီး တွေ ဆူ မှာ ကို ကြောက် နေ ရ တာ
suprise,အံ့ ဩ လွန်း လို့ သွေး တောင် တက် ချင် ချင် ပဲ
anger,ဘာ လဲ ဗျာ
suprise,ဝိုး ... ဒီ Surprise က တော့ လုံး ဝ ကို ထိ မိ တယ်
joy,လူ သား တစ် ယောက် အ နေ နဲ့ ဒီ ကမ် ဘာ ပေါ် မှာ အ သုံး ဝင် ပြီး အ ကျိုး ရှိ ရှိ ရှင် သန် နေ ရ တယ် လို့ ခံ စား ရ တဲ့ အ ချိန်
natural,ရိုး ရိုး လေး ပဲ ကောင်း ပါ တယ်
joy,ကြည် နူး စ ရာ လေး
sadness,အ တိတ် ရဲ့ အ ရိပ် တွေ က ခြောက် လှန့် နေ တုန်း ပဲ
fear,ဆေး ရုံ သွား ရ မှာ ကို ကြောက် တယ်
anger,စိတ် ဆိုး တာ မ ဟုတ် ဘူး ၊ ဒေါ သ ထွက် တာ
suprise,ဟား ... ဒါ မျိုး ကျ တော့ လည်း ရင် ခုန် စ ရာ ကြီး ဗျာ
joy,မိုး ရွာ နေ တုန်း အိမ် မှာ စောင် လေး ခြုံ ပြီး စာ အုပ် ဖတ် ရ တဲ့ အ ရ သာ
anger,အ လုပ် မ ရှုပ် နဲ့
anger,ဖယ် စမ်း ပါ
love,ဝမ်း နည်း ရ လွန်း လို့ ရင် ဘတ် ကြီး က လေး လံ နေ တယ်
suprise,ဝါး ... ဒါ က တော့ ကမ် ဘာ ပေါ် မှာ အ မိုက် ဆုံး Surprise ပဲ
fear,အား လုံး ဆုံး ရှုံး မှာ ကို ကြောက် တယ်
love,ဒီ နေ့ လည်း စိတ် ညစ် စ ရာ တွေ နဲ့ ပဲ ပြီး သွား ပြန် ပြီ
anger,လေ သံ ကို က စိတ် တို စ ရာ
anger,လာ မ စမ်း နဲ့
sadness,နှ လုံး သား က အေး စက် သွား ပြီ
joy,စိတ် တိုင်း ကျ ပဲ
natural,အ ကြံ အ ဖန် မ ရှိ ရှင်း လင်း တယ်
suprise,လုံး ဝ ကို အံ ဩ ပြီး ကျောက် ရုပ် လို ဖြစ် သွား တယ်
natural,ဘာ မှ ပြိုင် ဆိုင် မ နေ ရ တာ လွတ် လပ် တယ်
fear,မီး ဖွင့် ပေး ပါ ဦး
joy,ကြည် နူး စ ရာ နေ့ ရက်
joy,မ နက် ခင်း ကော် ဖီ ပူ ပူ လေး သောက် ရင်း စိတ် ကူး တွေ လန်း ဆန်း လာ တဲ့ အ ချိန်
natural,အ ဆင် ပြေ ပြေ ပါ ပဲ
anger,လာ မ ပတ် သက် နဲ့ တော့
natural,စိတ် ကျေ နပ် စ ရာ ပဲ
joy,ကိုယ် ပေး လိုက် တဲ့ လက် ဆောင် ကို သူ ငယ် ချင်း က သ ဘော ကျ လို့ ကြည် နူး ရ တာ
suprise,လုံး ဝ ထင် မှတ် မ ထား တဲ့ ရ လဒ် ပဲ ဗျာ
natural,စိတ် ထဲ အေး ချမ်း လို့ ကောင်း လိုက် တာ
fear,မီး ပျက် ရင် တုန် လှုပ် မိ တယ်
joy,ရင် ထဲ အေး
fear,အ နာ ဂတ် ကို တွေး ပြီး ကြောက် တယ်
anger,မင်း က ဘာ မို့ လို့ လဲ
joy,ချီး ကျူး ခံ ရ လို့ ပျော် တယ်
fear,လမ်း ပျောက် မှာ ကို ကြောက် တယ်
joy,ဝမ်း မြောက် မိ တယ်
fear,ခြောက် ခြား စ ရာ
love,ရင် ထဲ မှာ ဟာ လာ ဟင်း လင်း ပဲ
natural,စိတ် ထဲ မှာ ရှင်း လင်း ပြီး လန်း ဆန်း လို့
love,နှုတ် ဆက် ခဲ့ ပါ တယ်
sadness,လူ ပို ကြီး ဖြစ် နေ သ လို ပဲ
love,ဘာ ကြောင့် ဒီ လောက် ထိ ခံ စား ရ လဲ မ သိ တော့ ဘူး
fear,ပြေး မှ ဖြစ် မယ်
anger,ပြော လို့ ကို မ ရ ဘူး
joy,ထင် မှတ် မ ထား တဲ့ အ ပျော်
natural,စိတ် ထဲ မှာ ကြည် လင် ရွှင် လန်း နေ တဲ့ နေ့ တစ် နေ့
fear,လက် တွေ တုန် နေ လို့
joy,အ ဝတ် သစ် ဝတ် ရ လို့ ပျော် တယ်
natural,ဟန် ချက် ညီ တယ်
love,စိတ် ပျက် စ ရာ တွေ ချည်း ပဲ
fear,အ ဆင် မ ပြေ မှာ ကို တွေး ပြီး ကြောက် နေ မိ တာ
natural,ဘာ မှ တွေး မ ပူ ဘဲ အေး ဆေး နေ လိုက် မယ်
joy,စိတ် ပင် ပန်း သ မျှ အား လုံး ကို သား သ မီး လေး တွေ ရဲ့ ချစ် စ ရာ အ ပြုံး တွေ က ချက် ချင်း ယူ ပစ် သ လို ပျောက် ကွယ် စေ တယ်
natural,စိုး ရိမ် စိတ် တွေ ပျောက် ပြီ
sadness,ရင် ထဲ မှာ ဟာ လာ ဟင်း လင်း ဖြစ် သွား တယ်
natural,သီ ချင်း လေး နဲ့ တိမ် တွေ ကို ငေး နေ တာ
joy,ကောင်း လိုက် တာ
fear,လူ အုပ် ကြီး ကို ကြောက် တယ်
joy,စိတ် ရွှင် လန်း
fear,ရင် ဘတ် ထဲ မ ကောင်း ဘူး
natural,မိုး ဖွဲ ဖွဲ လေး ရွာ နေ တဲ့ အ ချိန် မှာ ပြ တင်း ပေါက် နား ထိုင် ပြီး စာ ဖတ် ရ တဲ့ အ ရ သာ က ဘာ နဲ့ မှ မ လဲ နိုင် တဲ့ သ ဘာ ဝ အ လှ တ ရား ပဲ
natural,ဒီ အ တိုင်း လေး ပဲ အ ဆင် ပြေ ပါ တယ်
fear,ရော ဂါ ဖြစ် မှာ ကို တွေး ပြီး အ မြဲ ကြောက် နေ ရ တယ်
natural,တစ် နေ့ တာ လုံး အေး ဆေး ပါ ပဲ
joy,စိတ် ရွှင် မြူး
joy,အိပ် မက် ဆန်း လေး
natural,အ ပင် လေး တွေ ကြီး လာ တာ ကြည့် ပြီး ပျော် တယ်
anger,အ ရာ ရာ က က မောက် က မ တွေ ချည်း ပဲ
joy,အိပ် ရာ ဝင် ရ လို့ ပျော် တယ်
joy,အောင် မြင် မှု အ ရ သာ
joy,ဘ ဝ ရဲ့ သာ ယာ မှု တွေ ကို အ ပြည့် အ ဝ ခံ စား နေ ရ တဲ့ နေ့
anger,ကန် ထုတ် ချင် စိတ် ပေါက် တယ်
anger,စိတ် ပျက် လွန်း လို့ သေ တော့ မယ်
fear,ဘာ မှန်း မ သိ တဲ့ အ ရာ ကို ကြောက် နေ ရ တာ ပို ဆိုး တယ်
anger,မင်း မျက် နှာ ကို လုံး ဝ မ မြင် ချင် ဘူး
suprise,ဟား ... အံ့ ဩ စ ရာ တွေ ချည်း ပါ ပဲ လား
suprise,အ မ လေး ... အိမ် မက် မက် နေ တာ လား ပဲ
joy,ကူ ညီ ရ လို့ ပျော် တယ်
suprise,ဟာ ကွာ ... မိုက် လိုက် တာ ၊ လုံး ဝ မ မျှော် လင့် ထား ဘူး
sadness,မျှော် လင့် ခြင်း ရဲ့ အ ဆုံး သတ်
anger,ဝင် မ ရှုပ် နဲ့
natural,ဒီ နေ့ တော့ စိတ် ညစ် စ ရာ တွေ မ ရှိ ဘူး
suprise,မျှော် လင့် မ ထား တဲ့ သ တင်း ကောင်း ကြောင့် ရင် ခုန် သွား ရ တယ်
love,အား လုံး က ပုံ ပြင် တွေ လို ပါ ပဲ ၊ အ ဆုံး သတ် က မ လှ ခဲ့ ဘူး
sadness,စိတ် ဓာတ် တွေ ပြို လဲ သွား တဲ့ အ ခါ
suprise,ရင် ထဲ မှာ ဗြုန်း ခ နဲ ဆတ် ခ နဲ ဖြစ် သွား တာ ပဲ
sadness,ခံ စား ချက် မ ရှိ တဲ့ အ ရုပ် တစ် ခု လို ပဲ
anger,မ ကြား ချင် ဘူး
anger,အ ဆင့် မ ရှိ တာ
anger,မ တ ရား တာ ကို လက် မ ခံ ဘူး
sadness,အ ရာ ရာ ကို လက် လွှတ် လိုက် ချင် ပြီ
joy,ကော် ဖီ သောက် ရ လို့ ပျော် တယ်
anger,အ ကန့် အ သတ် ရှိ တယ် နော်
natural,ရင် ထဲ မှာ အေး မြ ပြီး ကြည် လင် တယ်
joy,ရှယ် အ ဆင် ပြေ
anger,မုန်း ဖို့ ကောင်း လိုက် တာ
natural,အ ရာ ရာ ကို သ ဘာ ဝ အ တိုင်း ပဲ လက် ခံ လိုက် တာ စိတ် အေး ရ တယ်
sadness,မ မေ့ နိုင် တဲ့ အ တိတ် ဆိုး
love,ရင် ဘတ် တစ် ခု လုံး အောင့် တက် လာ တယ်
joy,စိတ် ညစ် စ ရာ တွေ အား လုံး ကို နောက် မှာ ထား ခဲ့ ပြီး ဘ ဝ သစ် တစ် ခု ကို ပျော် ပျော် ရွှင် ရွှင် စ တင် နိုင် ခဲ့ တဲ့ နေ့ တစ် နေ့
natural,စိတ် ချမ်း မြေ့ စ ရာ
joy,အား လုံး အ ဆင် ပြေ
suprise,အံ့ ဩ လွန်း လို့ နှ လုံး ခုန် သံ တွေ တောင် မြန် လာ တယ်
suprise,ဘု ရား ရေ ... ဒါ တ ကယ့် အ ရှိ တ ရား လား
natural,ရိုး ရှင်း တဲ့ အ ရာ လေး တွေ က စိတ် ချမ်း သာ စေ တယ်
anger,တော် တော် ဆိုး တာ ပဲ
natural,နေ လို့ ကောင်း လိုက် တာ
joy,အ လို ကျ ပဲ
love,စိတ် ပျက် လွန်း လို့ စ ကား တောင် မ ဟ ချင် တော့ တာ
suprise,လုံး ဝ ကို စိတ် လှုပ် ရှား ပြီး ပျော် သွား တာ ပဲ
anger,မင်း နဲ့ ပြော ရ တာ အ ချိန် ပုပ် တယ်
anger,မင်း ကြောင့် ပျက် စီး ကုန် ပြီ
sadness,နား လည် မှု လွဲ မှား ခြင်း ရဲ့ အ ကျိုး ဆက်
natural,ပူ စ ရာ မ လို တော့ ဘူး
anger,လူ ကို လာ မ နှိမ် နဲ့
sadness,ငါ့ ကမ် ဘာ လေး တစ် ခု လုံး ပြာ ကျ သွား သ လို ပဲ
anger,ခေါင်း ကို မီး တောက် မ တတ် ပဲ
natural,တ ရား မှတ် ရင်း စိတ် ကို ငြိမ် အောင် ထား လိုက် တယ်
joy,အောင် မြင် မှု ရဲ့ အ ရ သာ
love,ဘာ ကြောင့် မှန်း မ သိ ဘဲ မျက် ရည် ကျ မိ တယ်
natural,အိမ် မှာ တင် အေး ဆေး နား ရ တာ ကောင်း တယ်
anger,ဘာ မှ လာ မ ပြော နဲ့
suprise,လုံး ဝ Surprise ပါ ပဲ ၊ တစ် သက် လုံး မ မေ့ နိုင် စ ရာ ပဲ
fear,လူ တွေ ကြား ထဲ သွား ရ မှာ ကို ကြောက် နေ မိ တယ်
sadness,နှ လုံး သား ကြေ ကွဲ ခြင်း
natural,အေး ဆေး ဖြတ် သန်း မယ်
fear,ဆုံး ရှုံး ရ မှာ ကို ကြောက် တယ်
joy,ဟေး ... အောင် မြင် ပြီ
joy,ကြာ ကြာ စောင့် ခဲ့ ရ တဲ့ ပါ ဆယ် ထုပ် လေး အိမ် ကို ရောက် လာ တဲ့ အ ချိန်
joy,အား လုံး ပြည့် စုံ
joy,အင်္ ကျီ အ သစ် နဲ့ ပျော် တယ်
suprise,ရင် ခုန် လွန်း လို့ အ သက် ရှူ ဖို့ တောင် မေ့ သွား တယ်
love,အ ရာ ရာ ကို စိတ် ကုန် နေ မိ တယ်
joy,ရင် ထဲ နွေး ထွေး
joy,မိုး အေး အေး နဲ့ ပျော် တယ်
love,အ ထီး ကျန် စွာ နဲ့ ပဲ အ သား ကျ သွား ပါ တယ်
fear,ခွေး ဟောင် ရင် ကြောက် တတ် တယ်
natural,ဘာ ဖိ အား မှ မ ရှိ တဲ့ နေ့ တစ် နေ့
natural,ဇိမ် ရှိ ရှိ နေ မယ်
sadness,မျှော် လင့် ချက် ကင်း မဲ့ ခြင်း
fear,မျက် ရည် တောင် ကျ တယ်
natural,ဒီ နေ့ တော့ ကိုယ့် အ တွက် ပဲ အ ချိန် ပေး မယ်
anger,လူ ကို အ ထင် မ သေး နဲ့
fear,သူ့ ဒေါ သ တွေ ကို ရင် မ ဆိုင် ရဲ ဘူး
joy,တ ကယ့် ကို
natural,စိတ် ထဲ ရှင်း သွား တယ်
fear,အောက် ထပ် က ထူး ဆန်း တဲ့ အ သံ တွေ ကြား နေ ရ တယ်
suprise,အံ့ ဩ လွန်း လို့ ကြက် သီး တွေ တောင် ထ သွား တယ်
anger,လူ့ ဗာ လ တွေ
natural,ခန် ဓာ ကိုယ် ထဲ က ပင် ပန်း မှု တွေ အား လုံး ပျောက် ကွယ် သွား ပြီ
joy,အ ပျော် ဆုံး နေ့
natural,အေး အေး ဆေး ဆေး ကော် ဖီ သောက် မယ်
fear,တစ် ယောက် တည်း ကျန် ခဲ့ မှာ ကို တ ကယ် ကြောက် တယ်
fear,အ သား တွေ ဆတ် ဆတ် တုန် လို့
anger,ကိုယ့် အ လုပ် ကိုယ် လုပ် စမ်း ပါ
natural,စိတ် အေး ရ ပြီ
love,ဘာ ကို မှ မ ပြင် ဆင် နိုင် တော့ ဘူး
fear,သူ့ မျက် လုံး တွေ က ကြောက် စ ရာ ကြီး
love,အ ဖော် မဲ့ တဲ့ လမ်း မ ထက် မှာ
natural,အား လုံး အို ကေ တယ်
natural,အား လုံး ကို မေတ် တာ ပွား နေ မိ တယ်
joy,စိတ် ပေါ့ ပါး လို့ ပျော် တယ်
joy,မုန့် စား ရ လို့ ပျော် တယ်
joy,က လေး တွေ တွေ့ လို့ ပျော် တယ်
sadness,ရင် ဘတ် ထဲ က နာ ကျင် မှု က အ မြစ် တွယ် နေ ပြီ
anger,မုန်း တယ်
natural,နေ ရ တာ ငြိမ်း ချမ်း တယ်
fear,နား ပိတ် ထား လိုက် မယ်
natural,စိတ် ထဲ မှာ တည် ငြိမ် အေး ချမ်း လို့
sadness,မျှော် လင့် ချက် တွေ ပျက် သုဉ်း ခြင်း
love,သူ စိမ်း တွေ ဖြစ် သွား ကြ ပြီ ပေါ့
suprise,ရုတ် တ ရက် ကြီး ဆို တော့ ဘာ ပြော ရ မှန်း တောင် မ သိ ဘူး
suprise,အံ့ ဩ လွန်း လို့ ပါး စပ် တောင် မ ပိတ် နိုင် တော့ ဘူး
joy,အား လုံး အို ကေ ပဲ
suprise,တ ကယ် ကြီး လား လို့ ... နောက် နေ တာ မ ဟုတ် ဘူး မ လား
joy,ရင် ထဲ လန်း ဆန်း
natural,စိတ် ကျေ နပ် တယ်
suprise,အ မ လေး ... အံ့ ဩ လို့ မ ဆုံး နိုင် တော့ ဘူး
joy,ဘ ဝ မှာ ဘာ ကို မှ ထပ် ပြီး မ တောင်း တ တော့ ဘဲ အ ခု ရှိ နေ တဲ့ အ ခြေ အ နေ လေး အ ပေါ် မှာ တင် အ ပြည့် အ ဝ ကျေ နပ် နေ တာ
fear,အ ရာ ရာ တိုင်း ပျက် စီး ဆုံး ရှုံး သွား ပြီး ဘာ မှ မ ရှိ တော့ တဲ့ ဘ ဝ ကို ရောက် သွား မှာ ကို တွေး ပြီး သွေး ပျက် နေ မိ တယ်
anger,အ သုံး မ ကျ တဲ့ ကောင်
natural,စိုး ရိမ် စိတ် တွေ လွင့် ပြယ် သွား ပြီ
natural,ရေ ချိုး လိုက် ရ တာ လန်း ဆန်း သွား တာ ပဲ
fear,ကား မ တော် တ ဆ မှု တွေ မြင် ဖူး က တည်း က ကား လမ်း ကူး ရ မှာ ကို ပုံ မှန် ထက် ပို ပြီး ကြောက် လန့် နေ မိ တော့ တယ်
natural,အား လုံး အ ဆင် ပြေ ချော မွေ့ သွား မှာ ပါ
joy,ဒီ ထက် ပို ကောင်း တဲ့ နေ့ ရှိ နိုင် ဦး မ လား လို့ တွေး မိ တယ်
joy,အောင် မြင် လို့ ပျော် တယ်
joy,ပါ ဆယ် ရောက် လို့ ပျော် တယ်
sadness,အ တိတ် ကို ပြန် ပြင် လို့ မ ရ တော့ ဘူး လေ
fear,စ ကား တောင် မ ပီ တော့ ဘူး
joy,ပေါ့ ပါး လန်း ဆန်း
natural,တွေး မ ပူ တော့ ဘူး
suprise,ဝိုး ... ဒါ မျိုး ကို အိပ် မက် ထဲ တောင် မက် ဖူး ဘူး
suprise,အ မ လေး ... ရင် ထဲ အေး ခ နဲ ဖြစ် သွား တာ ပဲ
fear,နောက် က နေ တစ် ယောက် ယောက် စိုက် ကြည့် နေ သ လို ပဲ
anger,ဒုက် ခ ပေး တဲ့ ကောင်
natural,အား လုံး အို ကေ
fear,သ ရဲ ခြောက် နေ သ လို ပဲ
sadness,စိတ် ဓာတ် တွေ အောက် ခြေ အ ထိ ပြုတ် ကျ သွား တဲ့ နေ့
joy,ကြည် နူး ရ လို့ ပျော် တယ်
suprise,ဟယ် ... အဲ လို လည်း ဖြစ် တတ် တာ ပဲ လား
joy,ဝုန်း ဒိုင်း ကျဲ ပျော် တာ
sadness,ဆုံး ရှုံး မှု တွေ နဲ့ ပြည့် နှက် နေ တဲ့ ဘ ဝ
anger,ပြော ရ တာ အာ ညောင်း တယ်
natural,ည နေ ခင်း လမ်း လျှောက် ရ တာ စိတ် ပေါ့ ပါး တယ်
fear,တစ် ကိုယ် လုံး တုန် ရီ ပြီး ဘာ လုပ် ရ မှန်း မ သိ တော့ ဘူး
suprise,လုံး ဝ ကို အံ သြ မှင် သက် သွား ရ တယ်
joy,အ မေ ချက် ကျွေး တဲ့ ကိုယ့် အ ကြိုက် ဆုံး ဟင်း ဟင်း လေး ကို စား ရ တဲ့ အ ချိန်
joy,အ ကောင်း ဆုံး ပဲ
anger,လာ မ ထိ နဲ့
anger,မ တ ရား ဘူး
anger,စိတ် လေ ရုံ တင် မ က ဘူး အ ခု က ဒေါ သ ပါ ထွက် လာ ပြီ
anger,နား မ လည် တဲ့ လူ တွေ
sadness,တစ် ယောက် တည်း ငို နေ ရ တဲ့ ည တိုင်
natural,ဘာ မှ အ လျင် စ လို လုပ် စ ရာ မ လို ဘဲ အေး ဆေး နေ ရ တဲ့ နေ့
joy,ဒီ နေ့ ဝတ် ထား တဲ့ အင်္ ကျီ လေး က ကိုယ် နဲ့ အ ရမ်း လိုက် ဖက် နေ လို့ ယုံ ကြည် မှု ရှိ တဲ့ နေ့
natural,လမ်း လျှောက် ရင်း သ ဘာ ဝ အ လှ အ ပ တွေ ကို ငေး ကြည့် နေ မိ တယ်
natural,စိတ် ထဲ ပေါ့ ပါး သွား တာ ပဲ
fear,ရေ နက် ကြီး ကို ကြည့် ပြီး ခြေ ဖျား လက် ဖျား အေး လာ တယ်
love,မ ပြည့် စုံ တဲ့ ဘ ဝ တစ် ခု ရဲ့ သော က တွေ
natural,ဘ ဝ ရဲ့ အ လှ တ ရား တွေ ကို သ တိ ပြု မိ လာ တဲ့ နေ့
natural,ဘာ ပြိုင် ဆိုင် မှု မှ မ ရှိ တဲ့ နေ ရာ လေး မှာ နေ ချင် တယ်
joy,ဟား တိုက် ရယ် မော
natural,မ နက် ခင်း ငှက် က လေး တွေ အော် သံ က နား ထောင် လို့ ကောင်း တယ်
fear,အ ရိပ် တစ် ခု ဖြတ် ပြေး သွား သ လို ပဲ လန့် လိုက် တာ
natural,အ ရာ ရာ ကို အ ကောင်း မြင် စိတ် နဲ့ ပဲ ကြည့် တတ် လာ ပြီ
sadness,ငါ့ ကို နား လည် ပေး မယ့် သူ တစ် ယောက် မှ မ ရှိ ဘူး
anger,မင်း စ ကား တွေ နား မ ထောင် ချင် ဘူး
natural,မီး ပိတ် ပြီး သီ ချင်း နား ထောင် ရ တာ ဇိမ် ပဲ
fear,မြွေ မြင် ရင် သေ မ တတ် ကြောက် တယ်
fear,သ ရဲ ကား ကြည့် ရ သ လို ပဲ
anger,ဘာ မှ လာ မ ပြော နဲ့ တော့
fear,လူ တွေ ငြင်း ပယ် မှာ ကို ကြောက် တယ်
natural,အ ပင် လေး တွေ ကို ရေ လောင်း ရင်း စိတ် အေး ချမ်း ရ တယ်
joy,နေ ရောင် ခြည် နွေး နွေး လေး အောက် မှာ လမ်း လျှောက် ရ တာ တ ကယ့် ကို သာ ယာ တယ်
fear,အ ထီး ကျန် ဖြစ် ရ မှာ ကို ကြောက် တယ်
joy,လက် ဆောင် ရ လို့ ပျော် တယ်
joy,ဝမ်း သာ လွန်း လို့
fear,အ သံ မ ထွက် ရဲ ဘူး
love,ငါ့ ကို နား လည် ပေး မယ့် သူ ရှာ မ တွေ့ ဘူး
suprise,တ ကယ် ကို အံ့ ဩ စ ရာ ကောင်း တဲ့ နေ့ တစ် နေ့ ပဲ
suprise,ထင် မှတ် မ ထား တဲ့ ပျော် ရွှင် မှု က ပို ပြီး အ ရ သာ ရှိ တယ်
sadness,နှုတ် ဆက် စ ကား တောင် မ ပြော ဖြစ် ခဲ့ ကြ ဘူး
joy,ပျော် စ ရာ ကြီး ပဲ
joy,စိတ် အေး ရ လို့ ပျော် တယ်
sadness,သ တိ ရ ခြင်း ရဲ့ ဒဏ် ရာ
joy,သူ ငယ် ချင်း နဲ့ တွေ့ လို့ ပျော် တယ်
fear,ကြောက် စိတ် ကြောင့် ဗိုက် ထဲ က ကို မ ကောင်း ဘူး
anger,ရူး ချင် တာ ပဲ
sadness,ရင် ဘတ် ထဲ က အ လုံး ကြီး အ မြဲ မူး နေ သ လို ပဲ
fear,ညဉ့် နက် သံ တွေ က ကြောက် စ ရာ
joy,မ ထင် မှတ် ထား တဲ့ နေ ရာ က နေ ကိုယ့် အ တွက် အ ခွင့် အ လမ်း ကောင်း တွေ ပွင့် လန်း လာ လို့ ဝမ်း သာ ပီ တိ ဖြစ် ရ တယ်
suprise,ဝါး ... ဒါ မျိုး ကျ တော့ လည်း လုံး ဝ အ ထာ ကျ တာ ပဲ
sadness,မင်း မ ရှိ တဲ့ ည တွေ က အ ရမ်း ရှည် လျား လွန်း တယ်
fear,ရုတ် တ ရက် မီး ပျက် သွား တော့ လန့် ဖျတ် သွား တာ ပဲ
fear,တုန် နေ တာ ပဲ
natural,မိ သား စု နဲ့ အ တူ တူ ထ မင်း စား ရ တာ အ ရ သာ အ ရှိ ဆုံး ပဲ
joy,ပျော် ရွှင် မှု အ စ
anger,စ ကား အ ရာ မ ရှိ ဘူး
natural,ဘာ ပူ စ ရာ ရှိ လဲ
sadness,ငါ့ ရဲ့ တန် ဖိုး က ဒီ လောက် ပဲ လား
natural,သ ဘာ ဝ တ ရား က ပေး တဲ့ အေး ချမ်း မှု
natural,စိတ် ချမ်း သာ ဖို့ က ပ ထ မ ပဲ
anger,လာ ပြီး မ အော် နဲ့
fear,အ လုပ် ပြုတ် မှာ ကို တွေး ပြီး စိုး ရိမ် စိတ် တွေ တက် နေ တာ
natural,ဘ ဝ က ရိုး ရှင်း ပါ တယ်
natural,မိုး ရွာ သံ လေး နား ထောင် ရ တာ စိတ် ထဲ အေး ချမ်း တယ်
anger,သည်း ခံ တာ အ တိုင်း အ ထက် အ လွန် ပဲ
joy,စိတ် အေး လက် အေး ပဲ
anger,စိတ် အ နှောင့် အ ယှက် ဖြစ် စ ရာ ကြီး
sadness,မျက် ရည် တွေ နဲ့ ရုန်း ကန် ရ တဲ့ နေ့ ရက် များ
fear,အ လုပ် ထဲ မှား မှာ ကို စိုး ရိမ် တယ်
sadness,အား လုံး က ငါ့ ကို ကျော ခိုင်း သွား ကြ ပြီ
joy,ကိုယ် တိုင် ဖန် တီး ထား တဲ့ လက် ရာ လေး ကို သူ များ တွေ က အ သိ အ မှတ် ပြု ချီး ကျူး ကြ တဲ့ အ ခါ တ ကယ် ပီ တိ ဖြစ် ရ တယ်
anger,လာ မ ပွား နဲ့
anger,နည်း နည်း မှ ကို အ ဆင် မ ပြေ ဘူး
natural,အ ရာ ရာ က ပုံ မှန် အ တိုင်း လည် ပတ် နေ တာ ပဲ အေး ချမ်း ပါ တယ်
natural,စိတ် အ ပန်း ပြေ ပြေ
anger,မ ဆိုင် ရင် ဖယ် နေ
joy,စိတ် ထဲ ပေါ့ ပါး သွား တယ်
anger,သစ် စာ မ ရှိ တာ တွေ
joy,အ မြဲ တမ်း ပျော် နေ မယ်
suprise,လုံး ဝ ကို စိတ် လှုပ် ရှား စ ရာ အ ခိုက် အ တန့် ပဲ
natural,ဘာ မှ အ တင်း အ ကျပ် မ လုပ် ဘဲ သ ဘာ ဝ အ တိုင်း ပဲ
fear,သွား ပြီ
natural,စိတ် ကို လျှော့ ချ လိုက် နိုင် ပြီ
joy,ပျော် စ ရာ ကြီး
sadness,ငါ့ ကို ဘယ် သူ မှ အ လေး မ ထား ဘူး
joy,အ ခက် အ ခဲ တွေ ကြုံ နေ ရ ချိန် မှာ မ မျှော် လင့် ဘဲ ကူ ညီ မယ့် လက် တစ် စုံ ပေါ် လာ လို့ ရင် ထဲ လှိုက် လှဲ စွာ ဝမ်း သာ ရ တယ်
anger,နောက် တစ် ခါ လာ မ ပြော နဲ့
love,မော လှ ပြီ
joy,အိပ် မက် တ ကယ် ဖြစ် လာ ပြီ
joy,ဘ ဝ မှာ မျှော် လင့် ချက် အ သစ် တွေ မြင် လာ ရ လို့ ဝမ်း သာ တယ်
sadness,စိတ် ကူး တွေ ပဲ ကျန် ခဲ့ တယ်
joy,မျက် နှာ ပွင့် လန်း
joy,ည ဘက် လေ ညှင်း ခံ ရင်း ကြယ် တွေ ကြည့် ရ တာ စိတ် ကြည် နူး စ ရာ
anger,သောက် ကျင့် မ ကောင်း ဘူး
fear,လန့် ပြီး ခုန် တက် မိ တယ်
natural,ပူ ပန် မှု တွေ ဝေး ပါ စေ တော့
sadness,အ ဆင် ပြေ ပါ တယ် လို့ ပြော ရ တာ ပင် ပန်း လာ ပြီ
natural,စိတ် ဓာတ် တွေ တက် ကြွ တယ်
suprise,ဟာ ... ဝမ်း သာ လွန်း လို့ ငို တောင် ငို ချင် တယ်
fear,မျက် လုံး မှိတ် လိုက် ရင် တစ် ခု ခု ပေါ် လာ မ လား လို့
anger,အား လုံး က ဘာ ဖြစ် နေ ကြ တာ လဲ
fear,ကြောက် စ ရာ ကောင်း လိုက် တာ
anger,အ ရာ ရာ တိုင်း က ဘာ လို့ အ ဆင် မ ပြေ ဖြစ် နေ ရ တာ လဲ
natural,သက် တောင့် သက် သာ ရှိ တယ်
love,ဘာ ကို မှ မ မျှော် လင့် တော့ တာ အ ကောင်း ဆုံး ပါ ပဲ
suprise,မ ယုံ နိုင် လောက် အောင် ကို မိုက် လွန်း တယ်
natural,အ သက် ပြင်း ပြင်း ရှူ ပြီး စိတ် ကို လျှော့ ချ လိုက် တယ်
natural,ကိုယ့် ဘ ဝ ကို ကိုယ် ကျေ နပ် မိ တယ်
sadness,အ ထီး ကျန် ခြင်း ရဲ့ ထောင် ချောက်
fear,အ သက် ရှူ ရ ခက် လာ ပြီ
sadness,အ ပြုံး တု တွေ နောက် ကွယ် က သော က
joy,ကိုယ် စိုက် ထား တဲ့ အ ပင် လေး မှာ ပ ထ မ ဆုံး အ သီး လေး သီး လာ တာ ကို မြင် ရ တဲ့ အ ပျော် က တ ကယ် ကို ထူး ခြား တယ်
joy,စိတ် ထဲ မှာ ဘာ အ မုန်း တ ရား မှ မ ရှိ ဘဲ အ ရာ ရာ ကို မေတ် တာ မျက် စိ နဲ့ ကြည့် နိုင် လို့ စိတ် အေး ချမ်း နေ တဲ့ နေ့
anger,သွား စမ်း ပါ
joy,ဘာ အ ပူ အ ပင် မှ မ ရှိ ဘဲ စိတ် အေး ချမ်း သာ စွာ နဲ့ သ ဘာ ဝ တ ရား ရဲ့ အ လှ အ ပ ကို ခံ စား နေ ရ တဲ့ မိ နစ် တိုင်း က အ ဖိုး တန် တယ်
anger,အ ချိန် ဖြုန်း နေ တာ
joy,ကိုယ့် ကိုယ် ကိုယ် ဂုဏ် ယူ မိ တဲ့ နေ့ တစ် နေ့ ပဲ
natural,သူ ငယ် ချင်း ဟောင်း တွေ နဲ့ စ ကား ပြော ရ တာ စိတ် ပေါ့ ပါး တယ်
anger,အ မြင် ကတ် ဖို့ ကောင်း တယ်
joy,အ ပျော် တွေ ဝေ ဆာ
joy,ကိုယ် ချစ် ရ တဲ့ သူ ဆီ က နေ ရုတ် တ ရက် ဖုန်း ကောလ် လေး ဝင် လာ တဲ့ အ ခါ
fear,အ နား မ ကပ် ရဲ ဘူး
joy,အ ပျော် တွေ ကူး
suprise,ဟာ ... ဖြစ် နိုင် လို့ လား ၊ တ ကယ် ကြီး ပဲ လား
natural,သီ ချင်း အေး အေး လေး နား ထောင် ရင်း စိတ် ကို လွှတ် ထား လိုက် တယ်
natural,အ ရာ ရာ ကို အ ချိန် လေး ပေး လိုက် တာ
natural,လွတ် လပ် သွား ပြီ
anger,စိတ် မ ရှည် တော့ ဘူး
fear,နောင် ရေး အ တွက် ဘာ မှ သေ ချာ ရေ ရာ တာ မ ရှိ တဲ့ အ ခါ မျိုး မှာ စိုး ရိမ် စိတ် တွေ က တား မ ရ ဆီး မ ရ ဝင် လာ တတ် စ မြဲ ပဲ
love,ပျော် စ ရာ ဆို တာ ဘာ လဲ မေ့ နေ ပြီ
fear,အ မှား တစ် ခု ခု လုပ် မိ မှာ ကို အ ရမ်း စိုး ရိမ် တယ်
anger,ငါ့ ကိစ် စ ငါ သိ တယ်
sadness,အ ရာ ရာ ကို မေ့ ပစ် ချင် တယ်
joy,တ ကယ့် ကို ကံ ကောင်း တာ ပဲ
suprise,ရုတ် တ ရက် ကြီး ဆို တော့ ရင် ထဲ မှာ ဒိန်း ခ နဲ ဖြစ် သွား တာ ပဲ
joy,လမ်း လျှောက် ရ လို့ ပျော် တယ်
joy,စိတ် ရွှင် လန်း နေ တာ
natural,မ နက် ခင်း နေ ရောင် ခြည် နွေး နွေး လေး အောက် မှာ သစ် ရွက် စိမ်း စိမ်း လေး တွေ ကို ငေး ကြည့် ရင်း အ သက် ရှူ ရ တာ တ ကယ့် ကို လတ် ဆတ် တယ်
fear,ည ဘက် အ ပြင် ထွက် ရ မှာ ကြောက် တယ်
natural,ဇိမ် ရှိ လိုက် တာ
love,နှုတ် ဆက် ခြင်း မ ရှိ ဘဲ ဝေး ကွာ သွား ခဲ့ ကြ တယ်
natural,စိတ် အာ ရုံ တွေ အား လုံး လန်း ဆန်း တက် ကြွ နေ တယ်
anger,လူ ကို စိတ် တို အောင် လာ မ လုပ် နဲ့
natural,သစ် ပင် ရိပ် အောက် မှာ နား ရ တာ တ ကယ် အေး ချမ်း တယ်
sadness,အား ကိုး ရာ မဲ့ တဲ့ ခံ စား ချက်
natural,စိတ် ထဲ ပေါ့ ပါး သွား တာ ခံ စား ရ တယ်
joy,ပေါ့ ပါး ချက်
fear,မှား သွား မှာ ကို သေ လု မ တတ် ကြောက် တာ
natural,ရင် ထဲ ရှင်း လင်း တယ်
fear,အ မြင့် တက် ရင် ကြောက် တယ်
fear,လျှပ် စီး လက် တာ မြင် ရင် ရင် တုန် တယ်
anger,ကိုယ့် ကိုယ် ကိုယ် ပြန် ကြည့် ဦး
anger,တော် လောက် ပြီ
fear,မီး မ ပိတ် ပါ နဲ့
suprise,ဝိုး ... ဘာ ကြီး လဲ ဟ ၊ မိုက် လိုက် တာ
anger,ဘာ မှ ဖြစ် မြောက် အောင် မ လုပ် နိုင် ဘူး
sadness,ဘယ် သူ့ ကို မှ မ ပြော ပြ ချင် တဲ့ စိတ် ဒဏ် ရာ
suprise,ဘယ် လို မှ မ ထင် ထား တဲ့ အ ချိန် မှာ ဖြစ် သွား တာ
fear,ခေါင်း နား ပန်း ကြီး သွား တာ ပဲ
anger,လုံး ဝ ကို မ လုပ် ချင် တော့ ဘူး
love,တစ် ယောက် တည်း ကြိတ် ငို ရ တဲ့ အ ချိန် တွေ
natural,စိမ်း စို နေ တဲ့ တောင် တန်း ကြီး တွေ ကို ငေး ကြည့် ရင်း လူ ဆို တာ သ ဘာ ဝ တ ရား ရဲ့ အ စိတ် အ ပိုင်း တစ် ခု ပဲ ဆို တာ တွေး မိ ပြီး စိတ် အေး ရ တယ်
anger,သည်း ခံ နိုင် စွမ်း ကုန် ပြီ
fear,သူ့ မျက် နှာ ကြီး ကြည့် ရ တာ ကြောက် စ ရာ ကြီး
joy,အ ရယ် မော နိုင် ဆုံး နေ့
suprise,အံ့ ဩ လွန်း လို့ အား လုံး ကို ငေး ကြည့် နေ မိ တယ်
sadness,လူ တွေ ကြား ထဲ မှာ ပို ပြီး အ ထီး ကျန် ဆန် လာ တယ်
joy,အ လုပ် က အ ပြန် ဘတ်စ် ကား ပေါ် မှာ ထိုင် ခုံ အ လွတ် ရ လို့ ကံ ကောင်း တဲ့ နေ့
natural,စိတ် မ ပူ နဲ့ တော့
sadness,ငါ့ ကို ဘယ် သူ မှ ဂ ရု မ စိုက် ကြ ပါ ဘူး
love,အ ချည်း နှီး ပါ ပဲ
anger,ဘာ မှ လည်း အ သုံး မ ကျ ဘူး
anger,အ ဓိပ် ပာယ် မ ရှိ တာ ကို အ တင်း လုပ် နေ တယ်
fear,ကြောက် စ ရာ ကြီး
fear,တံ ခါး သံ ကြီး က လည်း
fear,လေ ယာဉ် စီး ရ မှာ ကြောက် တယ်
suprise,ဟယ် ... တ ကယ် ကြီး ဖြစ် လာ တာ ပဲ လား
joy,သာ ယာ လိုက် တဲ့ နေ့ လေး
suprise,ဝါး ... လုံး ဝ ကို စ ပယ် ရှယ် ကြီး ပဲ
fear,မုန် တိုင်း သံ ကြီး ကြား ရ တာ ရင် တုန် စ ရာ
fear,တစ် ယောက် တည်း အ ပြင် ထွက် ရ မှာ ကို မ ရဲ ဘူး
joy,ကိုယ် ကြိုက် တဲ့ ရုပ် ရှင် အ သစ် လေး ထွက် လာ လို့ စိတ် လှုပ် ရှား နေ တာ
anger,နား မ ထောင် ချင် ဘူး
anger,ဘာ တွေ လဲ ဟ
natural,အေး အေး ဆေး ဆေး စာ ဖတ် နေ တာ
anger,ပါး စပ် ပိတ် ထား
natural,ရေ နွေး ကြမ်း လေး သောက် ရင်း စိတ် အ ပန်း ဖြေ နေ တာ
natural,စိတ် ထဲ မှာ တည် ငြိမ် ပြီး အေး ချမ်း နေ တာ
joy,စိတ် လက် ပေါ့ ပါး
sadness,မျက် ရည် တွေ က အ လို လို စီး ကျ လာ တယ်
fear,အောက် ချေ မ ခိုင် တော့ သ လို ပဲ
anger,ရွံ စ ရာ ကောင်း တဲ့ သောက် ကျင့်
joy,အ လုပ် ပြီး လို့ ပျော် တယ်
fear,ဖုန်း သံ မြည် လာ ရင် တုန် လှုပ် သွား တတ် တယ်
anger,လူ ကို က စား နေ တာ လား
natural,အေး ချမ်း တဲ့ ခံ စား ချက် လေး
natural,အေး ဆေး တည် ငြိမ် တဲ့ စိတ် နေ စိတ် ထား
sadness,ခံ စား ချက် တွေ ကို ဖျောက် ဖျက် ပစ် ချင် မိ တယ်
natural,စိတ် ပျော် စ ရာ ကောင်း တယ်
suprise,လုံး ဝ ကို စိတ် လှုပ် ရှား စ ရာ ကောင်း လွန်း တဲ့ Surprise ကြီး
sadness,တိတ် ဆိတ် ခြင်း ရဲ့ အော် ဟစ် သံ
anger,လူ လိမ်
fear,မိုး ကြိုး ပစ် သံ ကြောင့် လန့် အော် မိ တာ
suprise,ဟယ် ... အံ့ ဩ ဖို့ ကောင်း လိုက် တာ
natural,ဘာ ဟန် ဆောင် မှု မှ မ လို ဘဲ ကိုယ့် ရဲ့ တ ကယ့် ပ က တိ အ တိုင်း နေ ထိုင် ခွင့် ရ တဲ့ ပတ် ဝန်း ကျင် မှာ ရှိ နေ ရ တာ စိတ် အ ချ ရ ဆုံး ပါ ပဲ
natural,စိတ် ထဲ အေး သွား တာ ပဲ
natural,ကိုယ့် အ ရှိန် နဲ့ ကိုယ် သွား နေ တာ
joy,စိတ် ကြိုက် ပဲ
natural,ဘာ ဖိ အား မှ မ ရှိ ဘဲ ကိုယ့် အ လုပ် ကိုယ် လုပ် ရ တာ ဇိမ် ပဲ
anger,အ ပြော နဲ့ အ လုပ် မ ညီ တာ တွေ စိတ် ကုန် တယ်
anger,မင်း ဘာ တတ် နိုင် လို့ လဲ
suprise,မျက် လုံး ကို တောင် ပွတ် ပြီး ပြန် ကြည့် ရ တယ်
anger,နား လည် အောင် ပြော တာ ကို မ ရ ဘူး
sadness,ပျောက် ဆုံး သွား တဲ့ ပျော် ရွှင် မှု များ
natural,အ ရာ ရာ ကို ခွင့် လွှတ် လိုက် တာ စိတ် အေး တယ်
joy,ရေ ချိုး ပြီး ခါ စ မှာ ရင် ထဲ လန်း ဆန်း ပြီး ပေါ့ ပါး သွား တဲ့ ခံ စား ချက်
anger,စ ကား နာ မ လာ နဲ့
suprise,လုံး ဝ ကို အံ့ ဩ မှင် သက် စ ရာ ကောင်း လွန်း တယ်
fear,ကြက် သီး ထ သွား တယ်
suprise,မ ထင် မှတ် ထား တဲ့ ရ လဒ် ကြောင့် စိတ် လှုပ် ရှား နေ ရ တယ်
love,မျှော် လင့် ချက် တွေ အ ကုန် တစ် စ စီ ကြွေ လွင့် သွား တဲ့ ည
love,ဒီ အ တိုင်း အ ရာ ရာ ကို မေ့ ပစ် လိုက် ချင် တော့ တယ်
joy,ပေါ့ ပါး သွား
fear,စင် ပေါ် တက် စ ကား ပြော ရ မှာ ကြောက် တယ်
anger,စိတ် ကုန် စ ရာ တွေ ချည်း ပဲ
suprise,ရင် ခုန် သံ တွေ ဆူ ညံ သွား ရ တဲ့ Surprise မျိုး ပဲ
joy,အို ကေ စို ပြေ
fear,မ ကောင်း တဲ့ သ တင်း တစ် ခု ခု ကြား ရ တော့ မ လား ဆို ပြီး ဖုန်း လာ တိုင်း ရင် တ ထိတ် ထိတ် နဲ့ ကိုင် နေ ရ တယ်
fear,အ ပယ် ခံ ရ မှာ ကို ကြောက် တယ်
anger,တော် တော် လွန် သွား ပြီ
joy,ဝမ်း မြောက်
joy,နေ သာ လို့ ပျော် တယ်
natural,ဘာ မှ မျှော် လင့် မ ထား တော့ လို့ ပေါ့ ပါး တယ်
love,နား လည် ပေး မယ့် သူ တစ် ယောက် မှ မ ရှိ တဲ့ ဘ ဝ
joy,အား လုံး ပြီး ပြီ
natural,အေး အေး လူ လူ ပဲ
anger,စ ကား လာ မ များ နဲ့
sadness,စိတ် ပျက် အား ငယ် ခြင်း
fear,တစ် ယောက် တည်း မ နေ ရဲ ဘူး
anger,ဝင် မ ပါ နဲ့
natural,ညဉ့် နက် မှ တိတ် ဆိတ် တာ ကို သ ဘော ကျ တယ်
sadness,သစ် စာ ဖောက် ခံ ရ ခြင်း ရဲ့ အ ရ သာ
love,ခွင့် လွှတ် ပေး ဖို့ တောင်း ပန် ရ တာ လည်း အ မော
love,ငါ့ ရဲ့ တန် ဖိုး က ဒီ လောက် ပဲ လား
anger,ခပ် ဝေး ဝေး မှာ နေ စမ်း ပါ
fear,ကြောက် စိတ် တွေ ရှိ နေ မှာ ကို ကြောက် တယ်
natural,စိတ် ထဲ နေ လို့ ကောင်း တဲ့ နေ့ တစ် နေ့
joy,အ ဆင် ပြေ သွား ပြီ
joy,ကောင်း လိုက် တဲ့ သ တင်း
joy,အ ရာ ရာ အ ဆင် ပြေ တယ်
anger,စိတ် အ ဆိပ် တက် တယ်
sadness,ရင် ထဲ မှာ မြို သိပ် ထား ရ တဲ့ မျက် ရည် တွေ က ပို ပြီး ပူ လောင် တယ်
fear,အ မှောင် ထဲ မှာ တစ် ယောက် တည်း ရှိ နေ တဲ့ အ ချိန် ဘာ မ ဟုတ် တဲ့ အ သံ လေး ကြား ရင် တောင် သွေး ပျက် မ တတ် လန့် သွား တတ် တယ်
love,အ ထီး ကျန် ခြင်း တွေ စု ပြုံ နေ တဲ့ အ ခန်း လေး
sadness,အ ရင် လို ပြန် မ ဖြစ် နိုင် တော့ တဲ့ ဆက် ဆံ ရေး တစ် ခု ကို ငေး ကြည့် နေ ရ တာ ရင် နာ ဖို့ ကောင်း လိုက် တာ
sadness,နာ ကျင် မှု တွေ က အ သား ကျ နေ ပြီ
sadness,ဘာ ကို မှ မ ပြောင်း လဲ နိုင် ခဲ့ ဘူး
joy,ဒီ နေ့ တော့ ရှယ် ပဲ
anger,လာ မ ဆ ရာ လုပ် နဲ့
fear,တံ ခါး ကို ဘယ် သူ လာ ခေါက် မှန်း မ သိ တဲ့ ညဉ့် နက် သန်း ခေါင် ယံ အ ချိန် တွေ က တ ကယ် ကို တုန် လှုပ် ခြောက် ခြား စ ရာ ပဲ
joy,စိတ် အေး ရ ပြီ
love,ရင် ထဲ မှာ မွန်း ကြပ် နေ တယ်
joy,မိ သား စု အား လုံး စုံ စုံ လင် လင် နဲ့ ထ မင်း ဝိုင်း မှာ တ ပျော် တ ပါး စား သောက် ရ တဲ့ အ ချိန် က အ ကောင်း ဆုံး ပဲ
natural,အေး ချမ်း တဲ့ ည
fear,ရင် တ လှိတ် လှိတ် နဲ့
love,ငါ က အ မြဲ တမ်း အ ပို လူ ပဲ
joy,ရင် ထဲ နွေး ထွေး သွား တယ်
anger,အ ပြော ပဲ ရှိ တာ
natural,အ နာ ဂတ် အ တွက် လည်း အေး ဆေး ပဲ ရင် ဆိုင် သွား မယ်
natural,ရိုး ရိုး ရှင်း ရှင်း လေး ပဲ
anger,စိတ် ဆိုး နေ ပြီ
anger,မျက် စိ ထဲ ကန့် လန့် ကြီး
fear,အိပ် မက် ဆိုး တွေ က နေ နိုး မ လာ မှာ ကြောက် တယ်
suprise,ဘု ရား ရေ ... ဒါ တ ကယ် ကြီး ဖြစ် ပျက် နေ တာ လား
anger,စိတ် ရှုပ် စ ရာ တွေ
fear,မျှော် လင့် ချက် မဲ့ မှာ ကို ကြောက် တယ်
joy,အောင် ပွဲ ပဲ ဟေ့
anger,စိတ် တို စ ရာ ကောင်း အောင် တ မင် လုပ် နေ တာ
joy,ရေ ချိုး ရ လို့ ပျော် တယ်
joy,ကံ ကောင်း ခြင်း တွေ ပဲ
natural,သ ဘာ ဝ အ တိုင်း ပဲ ဖြတ် သန်း သွား မယ်
anger,ပေါက် ကွဲ တော့ မယ်
anger,အ စီ အ စဉ် မ ရှိ တာ တွေ
fear,လန့် သွား တာ ပဲ
love,အ ရာ ရာ က ငါ့ အ မှား တွေ ချည်း ပဲ
joy,ရင် ထဲ မှာ အေး ချမ်း ပြီး ဘာ လို လို နဲ့ ပြုံး နေ မိ တယ်
love,စိတ် ဓာတ် တွေ ပြို လဲ သွား တဲ့ ည
joy,အ ကောင်း ဆုံး နေ့ မို့ ပျော် တယ်
fear,ရင် ထဲ တ ဒိန်း ဒိန်း နဲ့
fear,လန့် ဖျတ် သွား တာ ပဲ
love,ဘာ လို့ အ မြဲ တမ်း ငါ ပဲ ခံ စား ရ လဲ
anger,မျက် နှာ ကို မ မြင် ချင် ဘူး
joy,ကား ပိတ် တဲ့ အ ချိန် မှာ ကိုယ် သွား မယ့် ဘက် က လမ်း ပွင့် နေ တာ မျိုး
fear,တစ် ခု ခု ဆုံး ရှုံး ရ မှာ ကို တွေး ပြီး ကြောက် တယ်
joy,အ ရမ်း ပျော် တာ ပဲ
fear,ဒေါ သ သံ တွေ ကို ကြောက် တယ်
natural,ဒီ နေ့ တော့ စိတ် ရော ကိုယ် ပါ အ နား ရ တဲ့ နေ့
anger,ဘာ မှ လာ မ တောင်း ဆို နဲ့
natural,စိတ် လက် ပေါ့ ပါး စွာ နဲ့
suprise,စိတ် ထဲ မှာ ဗြုန်း ခ နဲ ထူး ခြား သွား တာ ပဲ
suprise,မ ထင် မှတ် ထား ဘဲ ဖြစ် သွား တော့ ရင် တွေ တောင် တုန် တယ်
anger,ဘာ မှ တန် ဖိုး မ ရှိ ဘူး
suprise,ဝါး ... လုံး ဝ မ ထင် ထား တဲ့ လှည့် ကွက် ပဲ
joy,နှစ် ပေါင်း များ စွာ ကြိုး စား အား ထုတ် ခဲ့ ရ တဲ့ ရ လဒ် တွေ က အ ခု တော့ အောင် အောင် မြင် မြင် နဲ့ အ သီး အ ပွင့် ခံ စား ရ ပြီ
natural,စိတ် ထဲ ပေါ့ သွား ပြီ
joy,တ ကယ် အ ဆင် ပြေ တယ်
fear,အိမ် မက် ဆိုး တွေ ထဲ က လို ပဲ တ ကယ့် လက် တွေ့ မှာ ဖြစ် လာ ခဲ့ ရင် ငါ ဘယ် လို ရင် ဆိုင် ရ မ လဲ တွေး ရင်း ကြောက် နေ မိ တယ်
fear,ခွဲ ခွာ ရ မှာ ကို ကြောက် တယ်
anger,မင်း ကို မေး နေ လို့ လား
sadness,အ မြဲ တမ်း နောက် ကျ နေ ခဲ့ တယ်
joy,ကိုယ် ပိုင် အ ချိန် လေး တစ် ခု ကို စိတ် အေး လက် အေး ဖြတ် သန်း ရ တဲ့ နေ့
joy,စိတ် ချမ်း မြေ့
anger,ကိုယ့် လမ်း ကိုယ် သွား စမ်း ပါ
sadness,အ ရာ ရာ က ပျက် စီး သွား ပြီ
joy,အောင် ပွဲ ခံ ပြီ
suprise,အံ့ ဩ လွန်း လို့ စ ကား လုံး တွေ တောင် ပျောက် ရှ ကုန် ပြီ
natural,သ ဘာ ဝ အ တိုင်း ပဲ ဖြစ် ပါ စေ
fear,ကြောက် စိတ် က ငယ် ထိပ် ရောက် တယ်
joy,ည ဘက် လ သာ သာ မှာ က ဗျာ လေး ဖတ် ၊ သီ ချင်း လေး နား ထောင် ရင်း စိတ် ကူး ယဉ် ရ တာ တ ကယ့် ကို သာ ယာ ကြည် နူး စ ရာ ပဲ
natural,စိတ် အေး ချမ်း စွာ အိပ် စက် ပါ ပြီ
natural,စိတ် ထဲ လွတ် လပ် သွား ပြီ
natural,ကော် ဖီ နံ့ သင်း သင်း လေး က မ နက် ခင်း ကို လန်း ဆန်း စေ တယ်
anger,အ လို မ ကျ ဘူး
joy,အင် တာ နက် လိုင်း ကောင်း လွန်း လို့ အ လုပ် တွေ အ မြန် ပြီး သွား တဲ့ နေ့
anger,စ ကား တွေ ရှည် မ နေ နဲ့
suprise,မ ယုံ နိုင် စ ရာ ကောင်း လောက် အောင် ထူး ခြား တဲ့ နေ့ တစ် နေ့
joy,ဖုန်း လာ လို့ ပျော် တယ်
suprise,ဟား ... ဒါ မျိုး ကျ တော့ လည်း မ ဆိုး ဘူး ပဲ
anger,အ သိ ဉာဏ် မ ရှိ တာ စိတ် ပျက် ဖို့ ကောင်း တယ်
suprise,အံ့ ဩ စ ရာ ကောင်း လောက် အောင် ထူး ခြား နေ တယ်
sadness,အ ထီး ကျန် စွာ နဲ့ ရုန်း ကန် ခြင်း
joy,ပြုံး မိ ပြီ
natural,အေး ဆေး ပဲ ပေါ့
fear,အ နာ ဂတ် အ တွက် တွေး မိ တိုင်း ရင် တုန် ရ တယ်
anger,နား ညည်း တယ်
suprise,ဝါး ... ဒါ မျိုး ကျ တော့ လည်း ရင် ခုန် ရ တာ တန် တာ ပေါ့
anger,မျက် နှာ သာ ပေး ထား လို့
natural,ဘ ဝ က ရိုး ရိုး ရှင်း ရှင်း လေး တင် လှ ပါ တယ်
fear,ငါ့ ရဲ့ လျှို့ ဝှက် ချက် တွေ ကို သူ များ တွေ သိ သွား မှာ ကို တွေး မိ တိုင်း ရင် ထဲ တ ဒိန်း ဒိန်း ခုန် ပြီး ကြောက် လန့် နေ မိ တယ်
joy,ကိုယ် ချစ် ရ တဲ့ သူ က ကိုယ့် မျက် လုံး ကို ကြည့် ပြီး ပြုံး ပြ လိုက် တဲ့ စက် ကန့် လေး မှာ တင် အ ရာ ရာ ပြည့် စုံ သွား သ လို ပဲ
sadness,ပင် ပန်း လွန်း လို့ အိပ် ပျော် သွား ချင် ပြီ
anger,သောက် ကျင့် ကို မ ကောင်း တာ
natural,အ ရာ ရာ ကို အ ကောင်း ဆုံး ဖြတ် သန်း မယ်
natural,သာ ယာ တဲ့ နေ့ လေး
anger,ကြည့် ရ တာ နဲ့ တင် ဒေါ သ ထွက် တယ်
love,အ ရာ ရာ က မှုန် မှိုင်း နေ တာ ပဲ
fear,ရုတ် တ ရက် ကမ် ဘာ ကြီး ပျက် စီး သွား မ လား ဆို တဲ့ အ တွေး ဆန်း တွေ ဝင် လာ ပြီး ကြောက် လန့် နေ မိ တာ
sadness,အ မှောင် ထု ထဲ မှာ တစ် ယောက် တည်း
love,စိတ် ဓာတ် တွေ အောက် ခြေ အ ထိ ထိုး ကျ သွား တဲ့ နေ့
natural,အိပ် လို့ ကောင်း တော့ မယ်
natural,စိတ် အေး ရ တဲ့ ခံ စား ချက် က အ ကောင်း ဆုံး
anger,မြင် ရ တာ တင် စိတ် ရှုပ် ဖို့ ကောင်း တယ်
sadness,နေ့ ရက် တိုင်း က မှောင် မိုက် နေ တယ်
sadness,စ ကား လုံး မ ရှိ တဲ့ ဝမ်း နည်း မှု
joy,အ ဆင် ပြေ ချက်
suprise,ဟာ ... တ ကယ် ကို မ ထင် ထား ဘူး
joy,အိပ် ရေး ဝ လို့ ပျော် တယ်
joy,ကြည် နူး မှု အ ပြည့်
sadness,အား လုံး က အ တု အ ယောင် တွေ ပဲ
natural,သူ တစ် ပါး ကို ကူ ညီ လိုက် ရ လို့ စိတ် ထဲ ကြည် နူး ရ တယ်
love,မျှော် လင့် ချက် မဲ့ ခြင်း ရဲ့ အ ရ သာ
anger,စောက် သုံး ကို မ ကျ ဘူး
natural,အ ချိန် တွေ အေး အေး ဆေး ဆေး ကုန် ဆုံး သွား တာ သ ဘော ကျ တယ်
joy,ကြည် ကြည် လင် လင်
love,စိတ် အ မော တွေ နဲ့ ပဲ နေ့ ရက် တိုင်း ကုန် ဆုံး တယ်
anger,စိတ် အ နှောင့် အ ယှက် ပေး တာ ဝါ သ နာ ပါ နေ လား
joy,ကိုယ် နှစ် သက် တဲ့ အ နု ပ ညာ အ လုပ် တစ် ခု ကို စိတ် ရော ကိုယ် ပါ နှစ် မြှုပ် ပြီး လုပ် ခွင့် ရ တာ တ ကယ့် ပျော် ရွှင် မှု ပဲ
natural,စိတ် လက် အေး ချမ်း စွာ နဲ့
fear,တိတ် ဆိတ် မှု က ငါ့ ကို ကြောက် စေ တယ်
sadness,အ ရာ ရာ က က မောက် က မ တွေ ဖြစ် ကုန် ပြီ
suprise,အံ့ ဩ လွန်း လို့ ရင် ဘတ် ကို လက် နဲ့ တောင် ဖိ ထား ရ တယ်
suprise,အို ... ဒါ တ ကယ့် ကို အံ့ ဩ စ ရာ ပဲ
fear,ဒီ အ တိုင်း ကြီး ရှုံး နိမ့် သွား မှာ ကို မ လို လား ဘူး
joy,စိတ် တိုင်း ကျ လို့ ပျော် တယ်
suprise,ဝိုး ... ဒါ ကြီး က တော့ တ ကယ် ကို မိုက် လွန်း တယ်
suprise,ဝါး ... ဘယ် လို မှ တွေး မ ထား မိ တဲ့ အ ရာ မျိုး ပဲ
suprise,ဟာ ... လုံး ဝ ကို Perfect ပဲ ၊ အံ့ ဩ ရ တယ်
fear,အ သက် ရှူ ရပ် မ တတ် ပဲ
suprise,အံ့ ဩ လွန်း လို့ အော် တောင် အော် မိ တယ်
natural,ကိုယ့် ကိုယ် ကိုယ် ကျေ နပ် တဲ့ နေ့
natural,ပေါ့ ပေါ့ ပါး ပါး ပါ ပဲ
natural,ဒီ နေ့ ရာ သီ ဥ တု က အေး မြ တယ်
fear,ဘ ဝ ပျက် မှာ ကို ကြောက် တယ်
anger,မ ခံ နိုင် တော့ ဘူး
anger,ပြော မ ရ ဆို မ ရ
joy,ဒါ မှ ငါ့ နေ့
joy,အ ပင် လေး တွေ ပွင့် လို့ ပျော် တယ်
fear,ရင် တုန် လိုက် တာ
joy,လမ်း မှာ ခွေး ပေါက် စ လေး တွေ ဆော့ နေ တာ မြင် ပြီး အ လို လို ပြုံး မိ တာ
natural,က လေး လို စိတ် ပေါ့ ပါး နေ တာ
anger,စိတ် မ ရှည် တော့ ဘူး လို့ ပြော နေ တယ် လေ
love,မျှော် လင့် ရ တာ ပင် ပန်း လွန်း လို့
love,အား လုံး က ငါ့ ကို စွန့် ပစ် သွား ကြ တာ
fear,သွေး မြင် ရင် လန့် တတ် တယ်
joy,ငါ့ ဘ ဝ လေး က ရိုး ရိုး ရှင်း ရှင်း နဲ့ ပျော် ဖို့ ကောင်း ပါ တယ်
anger,ဘာ လုပ် လုပ် အ လွဲ လွဲ အ ချော် ချော် တွေ
fear,အား ကိုး ရာ မဲ့ သွား မှာ ကို အ ကြောက် ဆုံး ပဲ
fear,ကူ ညီ မယ့် သူ မ ရှိ မှာ ကို ကြောက် တယ်
joy,အေး ချမ်း လိုက် တာ
fear,တံ ခါး ခေါက် သံ က လန့် စ ရာ
natural,စိတ် ထဲ မှာ ပေါ့ ပါး လွန်း လို့
fear,သွေး လန့် သွား တယ်
natural,ကိုယ့် အိမ် လေး က အ အေး ချမ်း ဆုံး
love,အ ရာ ရာ ကို အ ရှုံး ပေး လိုက် ပါ ပြီ
natural,ဘာ မှ လော စ ရာ မ ရှိ
natural,လော က ကြီး ရဲ့ ရုန်း ကန် လှုပ် ရှား မှု တွေ ကြား က နေ ခ ဏ တာ ခွဲ ထွက် ပြီး ကိုယ် ပိုင် အ ခန်း လေး ထဲ မှာ အေး အေး ဆေး ဆေး နား နေ ရ တာ အ ကောင်း ဆုံး ပဲ
love,နှ လုံး သား က တိတ် တ ဆိတ် သွေး စိမ်း ရှင် ရှင် ယို နေ သ လို ပဲ
suprise,လုံး ဝ ကို မျှော် လင့် မ ထား တဲ့ အ လှည့် အ ပြောင်း ပဲ ဗျာ
natural,အိပ် ရေး ဝ ဝ အိပ် လိုက် ရ တာ တ ကယ့် အ ကောင်း ဆုံး
joy,အောင် ပွဲ ခံ
love,အ ဆင် မ ပြေ မှု တွေ နဲ့ ပဲ အ သား ကျ နေ ပါ ပြီ
suprise,ဝါး ... ဒါ က တော့ လုံး ဝ ကို Surprise အ စစ် ပဲ
joy,စိတ် ချမ်း သာ လိုက် တာ
suprise,ဘယ် လို ကြီး လဲ ... မ ခန့် မှန်း နိုင် အောင် ကောင်း လွန်း တယ်
suprise,မ ထင် မှတ် ဘဲ ကံ ကောင်း သွား တဲ့ အ ခါ ခံ စား ရ တဲ့ အံ့ ဩ မှု မျိုး
natural,က လေး တွေ ဆော့ က စား နေ တာ ကြည့် ပြီး စိတ် ချမ်း သာ ရ တယ်
suprise,တ ကယ့် ကို မ မျှော် လင့် ဘဲ ရ လိုက် တဲ့ လက် ဆောင် ပဲ
joy,ကား မ ပိတ် လို့ ပျော် တယ်
natural,စိတ် ပူ စ ရာ တွေ ကို လွှတ် ချ လိုက် နိုင် ပြီ
suprise,အို မိုင် ဂေါ့ ... တ ကယ် ကြီး ဖြစ် သွား ပြီ
joy,အ ပျော် ဆုံး အ ချိန်
suprise,မ ယုံ နိုင် စ ရာ ကောင်း လောက် အောင် ပြီး ပြည့် စုံ နေ တယ်
anger,သောက် ဖတ် ကို မ လုပ် တာ
natural,ည ဘက် လ သာ တာ ကို ငေး ကြည့် ရ တာ စိတ် ကြည် နူး စ ရာ
fear,သေ ရ မှာ ကို ကြောက် တယ်
love,မျက် ရည် တွေ က ငါ့ ရဲ့ အ ရင်း နှီး ဆုံး သူ ငယ် ချင်း ဖြစ် လာ တယ်
sadness,အ ချိန် တွေ က ဒဏ် ရာ ကို ကု မ ပေး နိုင် ပါ ဘူး
anger,မျက် စိ နောက် တယ်
joy,လုပ် စ ရာ စာ ရင်း ထဲ က အ လုပ် တွေ ကို တစ် ခု ပြီး တစ် ခု အ မှန် ခြစ် ပြီး အ ကျိုး ရှိ တဲ့ နေ့ တစ် နေ့
natural,ကမ်း ခြေ မှာ လေ ညင်း ခံ ရ တာ စိတ် ထဲ ပေါ့ ပါး သွား စေ တယ်
sadness,သ တိ ရ ရုံ က လွဲ လို့ ဘာ မှ မ လုပ် နိုင် တော့ ဘူး
fear,ပုန်း နေ လိုက် မယ်
fear,အို မင်း ရ မှာ ကို ကြောက် တယ်
anger,နား ငြီး တယ်
sadness,ခွင့် လွှတ် ဖို့ ခက် ခဲ လွန်း တဲ့ အ မှား တွေ
love,နာ ကျင် ရ လွန်း လို့ အ သက် ရှူ ဖို့ တောင် မေ့ ချင် တယ်
natural,ဒီ နေ့ တော့ ကိုယ့် စိတ် လေး က ငြိမ် သက် နေ တယ်
natural,အား လုံး က ပုံ မှန် အ တိုင်း အ ဆင် ပြေ နေ တာ
fear,မေ့ လျော့ ခံ ရ မှာ ကို ကြောက် တယ်
fear,ကြောက် လွန်း လို့ စ ကား တောင် မ နည်း ပြော နေ ရ တယ်
natural,စိတ် မ ကျဉ်း ကျပ် တော့ ဘူး
natural,အေး အေး ဆေး ဆေး နဲ့ ပြီး ပြည့် စုံ တယ်
natural,အ ရာ ရာ အ ဆင် ပြေ တယ်
love,အား လုံး က ရိုး အီ သွား ပြီ
joy,အိမ် မှာ နား ရ လို့ ပျော် တယ်
anger,စိတ် ရှုပ် အောင် လာ မ လုပ် နဲ့
anger,စိတ် တို ရ လွန်း လို့ သွေး တိုး တယ်
anger,လုံး ဝ စိတ် မ ရှည် တော့ ဘူး
anger,အ ခု ချက် ချင်း ထွက် သွား
anger,မင်း ကြောင့် ဖြစ် ရ တာ
love,အ လ ကား ပါ ပဲ
anger,စိတ် ပျက် စ ရာ ကြီး ကွာ
natural,စိတ် လက် ပေါ့ ပါး စွာ ဖြတ် သန်း နေ တာ
fear,ဆေး ထိုး အပ် မြင် တာ နဲ့ တင် အ သား တွေ တုန် လာ ပြီ
joy,ရင် ထဲ က ပျော် ရွှင် မှု တွေ က မျက် လုံး ထဲ အ ထိ ပေါ် လွင် နေ တယ်
fear,ကြောက် လို့ ပါ
joy,ခက် ခဲ တဲ့ စိန် ခေါ် မှု တွေ ကို ရင် ဆိုင် ကျော် ဖြတ် ပြီး တဲ့ နောက် ရ ရှိ လာ တဲ့ အောင် မြင် မှု က ပို ပြီး ချို မြိန် လှ ပါ တယ်
natural,လော လော ဆယ် အ ချိန် လေး မှာ ပဲ အာ ရုံ စိုက် နေ တာ
natural,ည နေ ခင်း က သာ ယာ တယ်
anger,ဘာ လို့ အ မြဲ တမ်း ငါ့ ကို ပဲ လာ လုပ် နေ ကြ တာ လဲ
anger,အ ကုန် လွဲ နေ တာ ပဲ
sadness,နှုတ် ဆိတ် ခြင်း က ပို ပြီး နာ ကျင် ရ တယ်
natural,လေ ပြေ လေး က တိုက် လို့
anger,စိတ် အာ ရုံ နောက် တယ်
joy,စိတ် ကျေ နပ် တယ်
suprise,ဘု ရား ရေ ... ဒါ အ စစ် အ မှန် ကြီး လား
fear,ရင် ဘတ် ကြီး တုန် လိုက် တာ
natural,ရင် ထဲ မှာ ရှင်း လင်း တောက် ပ နေ တာ
natural,အေး ချမ်း လိုက် တာ
fear,အ မြင့် ရောက် ရင် ခေါင်း တွေ မူး ပြီး ကြောက် လာ တာ
natural,သက် သာ ရာ ရ သွား ပြီ
fear,သ တင်း ဆိုး ကြား ရ မှာ ကြောက် တယ်
fear,ဒီ နေ ရာ ကြီး က တစ် မျိုး ကြီး ပဲ ခြောက် ခြား စ ရာ
natural,စိတ် ထဲ ရှင်း သွား တာ ပဲ
suprise,ဟာ ... တ ကယ် ကြီး လား !
fear,တိတ် ဆိတ် လွန်း တဲ့ ည က ပို ပြီး ကြောက် ဖို့ ကောင်း တယ်
joy,မ နက် ခင်း ငှက် က လေး တွေ ရဲ့ တေး ဆို သံ ကို ကြား ရ တာ တင် ဘ ဝ ကို ပို ပြီး ချစ် မြတ် နိုး လာ စေ တယ်
joy,အ ဆင် ပြေ ပြေ ပြီး သွား ပြီ
suprise,အ မ လေး ... အံ့ ဩ လွန်း လို့ အော် တောင် အော် မိ တယ်
fear,ရင် ခုန် သံ တွေ မြန် လာ ပြီ
joy,အ နား ရ လို့ ပျော် တယ်
fear,အ ဆိပ် ရှိ တဲ့ သတ် တ ဝါ တွေ မြင် ရင် သွေး ပျက် တယ်
joy,သီ ချင်း အေး အေး လေး နား ထောင် ရင်း လမ်း လျှောက် ရ တာ စိတ် ချမ်း သာ ဖို့ ကောင်း တယ်
fear,နောက် ကျ ကျန် ခဲ့ မှာ ကို ကြောက် တယ်
joy,ချစ် ခြင်း မေတ် တာ တွေ ကြား မှာ ရှင် သန် ရ တာ တ ကယ့် ကို ပျော် စ ရာ
joy,မျှော် လင့် ထား သ လို ဖြစ် လာ ပြီ
natural,စိတ် အေး ချမ်း မှု အ ပြည့် ရှိ တဲ့ နေ့ တစ် နေ့
joy,ခက် ခဲ တဲ့ အ လုပ် တစ် ခု ကို ကိုယ့် အား ကိုယ် ကိုး ပြီး အောင် အောင် မြင် မြင် ပြီး မြောက် သွား တာ
natural,ကိုယ့် စိတ် ကိုယ် ပြန် သိ ရ တာ အေး ချမ်း တယ်
joy,စိတ် ချမ်း မြေ့ စ ရာ ပဲ
natural,စိတ် ကြည် လင် သွား တယ်
natural,လန်း ဆန်း တဲ့ မ နက် ခင်း
anger,ဘာ အာ ဏာ ရှိ လို့ လဲ
joy,ဝမ်း သာ လိုက် တာ
anger,ကမ် ဘာ ပေါ် မှာ အ မုန်း ဆုံး ပဲ
joy,ငယ် ငယ် က အိပ် မက် ခဲ့ တဲ့ နေ ရာ လေး ကို အ ခု လို ကိုယ် တိုင် ရောက် ရှိ လာ ရ တော့ ရင် ထဲ မှာ အ တိုင်း မ သိ ပျော် မိ တယ်
fear,အော် လိုက် ရ မ လား
suprise,အံ့ ဩ စ ရာ တွေ ချည်း ဆက် တိုက် ဖြစ် နေ လို့ ရင် ခုန် နေ ရ တယ်
fear,ဒီ လူ နဲ့ ဝေး သွား မှာ ကို သေ မ တတ် ကြောက် တာ
joy,ဒီ နေ့ တော့ စိတ် ညစ် စ ရာ အား လုံး ကို မေ့ ထား ပြီး ပျော် ပျော် ရွှင် ရွှင် နေ မယ်
joy,ကြယ် တွေ ကြည့် ရ လို့ ပျော် တယ်
joy,စာ မေး ပွဲ အောင် လို့ ပျော် တယ်
sadness,အ ချိန် တွေ အ နောက် ကို ပြန် ရ ချင် မိ တယ်
natural,လေ ညင်း လေး က တိုး ဝှေ့ သွား တယ်
fear,အ မှား လုပ် မိ မှာ ကို အ မြဲ ကြောက် တယ်
love,ပျော် ရွှင် ရ မယ့် အ လှည့် က ငါ့ ဆီ ဘယ် တော့ မှ ရောက် မ လာ ဘူး
sadness,ငါ့ ရဲ့ ဖြစ် တည် မှု ကို မုန်း တီး မိ တယ်
joy,စိတ် အေး ချမ်း ချက်
anger,မင်း ဘာ သိ လို့ လဲ
love,အိပ် မ ပျော် တဲ့ ည တွေ အ လီ လီ ကုန် လွန် လို့
joy,အ ပူ အ ပင် ဝေး
love,မိုး ရေ ထဲ မှာ ငို ရ တာ မျက် ရည် မ မြင် ရ လို့ အ ဆင် ပြေ တယ်
suprise,ဝိုး ... လုံး ဝ အ လန်း စား ပဲ
natural,ကိုယ့် အိမ် ကိုယ် ပြန် ရောက် တဲ့ ခံ စား ချက် က အ ကောင်း ဆုံး ပဲ
suprise,ဘု ရား ရေ ... ဒါ မျိုး လည်း ရှိ နိုင် တာ ပဲ လား
fear,ဆ ရာ ဝန် က ရော ဂါ အ ဖြေ ရှာ မယ့် စက် ကန့် ပိုင်း လေး က အ သက် ရှူ ရပ် မ တတ် ကြောက် စ ရာ ကောင်း လှ ပါ တယ်
fear,ဘာ ကြီး လဲ မ သိ ဘူး
anger,စိတ် ကူး ထဲ တောင် ထည့် မ တွေး ချင် ဘူး
anger,တော် စမ်း
natural,လေ ကောင်း လေ သန့် ရ တဲ့ နေ ရာ လေး မှာ အ သက် ရှူ ရ တာ ဝ တယ်
fear,အ ရှိန် နဲ့ လန့် သွား တာ
anger,အ မြဲ တမ်း ငါ့ အ လှည့် ကျ မှ
anger,သောက် သုံး မ ကျ ဘူး
love,အား လုံး က ကိုယ့် ကို ထား ခဲ့ ကြ ပြီ
anger,ကိုယ့် ကိုယ် ကိုယ် ဘာ ထင် နေ လဲ
suprise,ဟာ ... ဒါ ကြီး က တော့ အ လန်း ဇ ယား ပဲ
natural,အိမ် မှာ ပဲ အေး အေး ဆေး ဆေး ချက် ပြုတ် စား ရ တာ ပျော် စ ရာ
suprise,ဟုတ် လို့ လား ... မ ယုံ နိုင် စ ရာ ပဲ !
fear,တောင်း ပန် ပါ တယ်
anger,အောက် တန်း ကျ လိုက် တာ
anger,ဘာ ဖြစ် ချင် နေ တာ လဲ
joy,အ ကြိုက် တွေ့ သွား ပြီ
suprise,မ ထင် မှတ် တဲ့ အ ချိန် မှာ ဗြုန်း ခ နဲ ရောက် လာ တဲ့ ပျော် ရွှင် မှု မျိုး
love,နောက် ကျ သွား ခဲ့ ပြီ
fear,မ သွား ရဲ ဘူး
sadness,နေ သား ကျ ဖို့ ကြိုး စား ရ တာ မော လှ ပြီ
anger,မ လုပ် နိုင် ရင် မ ပြော နဲ့
fear,အိမ် မက် ဆိုး ကြီး
sadness,ငါ အ များ ကြီး ပင် ပန်း နေ ပြီ
love,ဘာ မှ မ ရှိ တော့ ဘူး
natural,ဒီ နေ့ တော့ ဘာ အ လုပ် မှ မ တွေး ဘဲ နား နား နေ နေ ပဲ
love,မင်း ရဲ့ အေး စက် စက် အ ကြည့် တွေ က ငါ့ ကို သတ် နေ တယ်
natural,အ တိတ် က အ ကြောင်း တွေ ကို တွေး ပြီး ပူ မ နေ တော့ ဘူး
love,စိတ် တွေ လွင့် ပါး နေ တယ်
sadness,အ နား မှာ ရှိ နေ ပေး မယ့် သူ လို ချင် မိ တယ်
anger,မ မြင် ချင် ဘူး
natural,စိတ် ထဲ မှာ ဘာ အ ပူ မှ မ ရှိ ဘဲ လွတ် လပ် နေ သ လို ခံ စား ရ တယ်
anger,မင်း ကိစ် စ မ ဟုတ် ဘူး
suprise,ဝါး ... ဒါ က တော့ လုံး ဝ ကို မျှော် လင့် မ ထား တဲ့ အ ကွက် ပဲ
natural,လန်း လန်း ဆန်း ဆန်း ပဲ
fear,အ ထင် သေး ခံ ရ မှာ ကို ကြောက် တယ်
joy,စိတ် ထဲ မှာ အေး ချမ်း မှု အ ပြည့် နဲ့ ည ဘက် ကောင်း ကောင်း အိပ် စက် ရ မယ်
natural,ည နေ စောင်း လေ ညင်း တိုက် တဲ့ အ ချိန် မှာ မြစ် ကမ်း နား မှာ လမ်း လျှောက် ရ တာ စိတ် ထဲ က အ ပူ တွေ အား လုံး ကို လွင့် စင် သွား စေ သ လို ပဲ
natural,စိုး ရိမ် စ ရာ မ ရှိ တော့ ဘူး
suprise,ဟယ် ... မိုက် လိုက် တာ နော်
natural,ဘာ မှ လော မ နေ ဘဲ တစ် ဆင့် ချင်း စီ သွား နေ တာ
anger,အ ဝေး ကို သွား လိုက်
natural,စိတ် ကျေ နပ် မှု အ ပြည့် နဲ့ ဖြတ် သန်း ခြင်း
sadness,အား လုံး ပြီး ဆုံး သွား တဲ့ အ ခါ မှ ငါ့ မှာ ဘာ မှ မ ကျန် ခဲ့ ဘူး ဆို တာ သိ လိုက် ရ တယ်
love,သူ လည်း ငါ့ ကို နား မ လည် ပေး နိုင် ခဲ့ ဘူး
fear,ကြောက် စိတ် ဝင် လာ ပြီ
joy,ပျော် စ ရာ နေ့
sadness,ဘယ် သူ့ ကို မှ မ ယုံ ရဲ တော့ ဘူး
sadness,ဘာ ကြောင့် ငါ ပဲ အ မြဲ ခံ ရ လဲ
joy,ဒါ မှ ဟုတ် တာ
joy,ကံ ကောင်း လိုက် တာ
joy,ဒီ နေ့ တော့ ကမ် ဘာ ကြီး တစ် ခု လုံး ငါ့ ဘက် မှာ ရှိ နေ သ လို ပဲ
anger,စိတ် ပျက် ဖို့ ကောင်း လိုက် တာ
sadness,အ ထီး ကျန် မှု က ငါ့ ရဲ့ သူ ငယ် ချင်း ဖြစ် လာ တယ်
love,အ ဆင် ပြေ ပါ တယ် လို့ ပြော ရ တာ ပင် ပန်း လှ ပြီ
natural,စိတ် လက် ပေါ့ ပါး စွာ အ နား ယူ ခြင်း
joy,ရင် ခုန် ကြည် နူး
fear,ငြင်း ပယ် ခံ ရ မှာ ကို အ မြဲ ကြောက် ရွံ့ နေ မိ တယ်
natural,ရိုး ရိုး ရှင်း ရှင်း နဲ့ အေး ချမ်း တဲ့ ဘ ဝ ကို ပဲ သ ဘော ကျ တယ်
fear,ကြောက် စိတ် က ထိန်း မ ရ ဘူး
natural,သက် တောင့် သက် သာ နဲ့ ဇိမ် ရှိ ရှိ
fear,လူ သူ ကင်း မဲ့ တဲ့ လမ်း မ ကြီး က ကြောက် စ ရာ
sadness,အိပ် မက် တွေ က တ စ စီ ကြေ မွ လို့
love,စိတ် ဒဏ် ရာ တွေ က အ ဖတ် တင် ကျန် ခဲ့ တယ်
fear,အ သည်း ယား စ ရာ ကြီး
natural,ဒီ နေ့ တော့ စိတ် သွား တိုင်း ကိုယ် ပါ ပဲ
anger,လေ သံ ကို က စိတ် တို စ ရာ
anger,ခေါင်း မာ လိုက် တာ
natural,ကိုယ့် စိတ် ကို ကိုယ် ပြန် ထိန်း နိုင် တာ အေး ချမ်း တယ်
anger,တော် စမ်း ၊ ဘာ မှ ထပ် မ ပြော နဲ့
natural,အ လုပ် တွေ အား လုံး ပြီး စီး သွား တဲ့ ပိတ် ရက် မှာ ဘာ နှိုး စက် မှ ပေး မ ထား ဘဲ စိတ် ကြိုက် အိပ် ရေး ဝ ဝ အိပ် စက် ရ တာ တ ကယ့် ဇိမ် ပါ ပဲ
fear,အ မ လေး ဗျို့
anger,ဒီ မှာ စိတ် တို နေ ပြီ
fear,ဒီ လမ်း ကြီး က ခြောက် ခြား စ ရာ ကြီး
joy,ခ ရီး သွား ရ လို့ ပျော် တယ်
joy,လ စာ ရ လို့ ပျော် တယ်
anger,ဘာ ဆိုင် လို့ လဲ
natural,စိတ် ထဲ ပေါ့ ပေါ့ ပါး ပါး နဲ့
natural,နေ လို့ အ ရမ်း ကောင်း
anger,တော် တော် စိတ် ပျက် ဖို့ ကောင်း တဲ့ နေ့ ပဲ
suprise,မ ယုံ နိုင် စ ရာ တွေ ဖြစ် ပျက် နေ တဲ့ နေ့ တစ် နေ့
anger,က လေး က လား တွေ
anger,ခေါင်း ကို ကိုက် သွား တာ ပဲ
natural,ရှင်း ရှင်း လင်း လင်း ပဲ
love,ခံ စား ချက် တွေ က သေ ဆုံး နေ သ လို ပဲ
joy,အို ကေ ပဲ
sadness,တန် ဖိုး မ ထား တာ ကို ခံ ရ တဲ့ အ ခါ
natural,ဘာ အ နှောင့် အ ဖွဲ့ မှ မ ရှိ တဲ့ ကိုယ် ပိုင် အ ချိန် လေး
love,စ ကား တွေ လည်း ဆက် မ ပြော ချင် တော့ ဘူး
natural,စိတ် အေး လက် အေး စား သောက် ရ တာ
suprise,ဝိုး ... မိုက် လိုက် တာ မှ လွန် ကော ပဲ
sadness,ဘာ ကို မှ အား မ ရှိ တော့ ဘူး
anger,လူ ကို လာ နောက် နေ တာ လား
natural,စိတ် ထဲ မှာ ဘာ အ မုန်း မှ မ ရှိ တော့ ဘူး
sadness,ဝေး ကွာ ခြင်း
anger,စိတ် မ ထိန်း နိုင် တော့ ဘူး
joy,စို ပြေ လန်း
love,ဘ ဝ က စုတ် ချက် ကြမ်း လှ ချည် လား
love,ရင် ထဲ မှာ အ လုံး ကြီး ခံ နေ သ လို ပဲ
joy,ပီ တိ ဖြစ် လို့ ပျော် တယ်
natural,လော က ကြီး ရဲ့ အ လှ တ ရား ကို ခံ စား နေ ရ တယ်
fear,ဘာ မှ မ လုပ် ပါ နဲ့
joy,ပြုံး ပျော် နိုင် ပြီ
joy,အ ပျော် လွန် နေ ပြီ
joy,အ ပျော် ဆုံး ပဲ
fear,တစ် ကိုယ် လုံး အေး စက် သွား တာ ပဲ
sadness,စိတ် ဒဏ် ရာ
sadness,ဘာ မှ အ ဓိပ် ပာယ် မ ရှိ တော့ တဲ့ ဘ ဝ
anger,အ မှား အ ယွင်း တွေ ချည်း ပဲ
natural,သ ဘာ ဝ အ တိုင်း အေး အေး ဆေး ဆေး ပဲ
love,ဘာ အ လုပ် မှ လည်း လုပ် ချင် စိတ် မ ရှိ တော့ ဘူး
natural,ကိုယ့် စိတ် နဲ့ ကိုယ် လွတ် လပ် နေ တာ အ ကောင်း ဆုံး ခံ စား ချက်
suprise,ဟာ ... တ ကယ် ကြီး လား လို့ ၊ မ နောက် နဲ့ နော်
anger,တ ကယ် ကြီး စိတ် ပျက် ဖို့ ကောင်း တယ်
love,ရယ် မော ခြင်း တွေ နောက် ကွယ် က တ ကယ့် အ မှန် တ ရား က ငို ရှိုက် ခြင်း
natural,စိတ် ထဲ မှာ ဘာ အ မုန်း တ ရား မှ မ ရှိ တာ အေး ချမ်း လိုက် တာ
natural,အ ရာ ရာ ကို အ ကောင်း မြင် ပေး လိုက် တာ ပေါ့ ပါး တယ်
sadness,သောင် တင် နေ တဲ့ သင်္ ဘော ပျက် လို ပဲ
natural,အား လုံး အေး ဆေး
anger,ဘာ မှ မ သိ ဘဲ ဝင် မ ပြော နဲ့
fear,အ ရိပ် ကြီး က ကျော ချမ်း စ ရာ
natural,ဘာ မှ မ ဖြစ် ပါ ဘူး
anger,အ ဆင့် အ တန်း မ ရှိ ဘူး
anger,တစ် ခါ လေး တောင် အေး အေး ဆေး ဆေး မ နေ ရ ဘူး
anger,ပြော ရ တာ ပင် ပန်း တယ်
love,အ ချိန် တွေ ကို နောက် ပြန် လှည့် ချင် မိ တယ်
joy,အ ကောင်း ဆုံး အ ချိန်
joy,ဒီ နေ့ ဖြတ် သန်း ရ တဲ့ အ ချိန် တိုင်း က တန် ဖိုး ရှိ လွန်း တယ်
natural,ဘာ မှ တွေး မ နေ တော့ ဘူး
fear,ကြောက် လို့ သေ တော့ မယ်
anger,နည်း နည်း မှ အ သိ ဉာဏ် မ ရှိ ဘူး
anger,စိတ် ပျက် စ ရာ သတ် တ ဝါ
fear,တစ် ယောက် တည်း တော အုပ် ထဲ မှာ လမ်း ပျောက် သွား သ လို မျိုး ဘ ဝ မှာ လမ်း ပျောက် မှာ ကို အ ရမ်း ကြောက် တယ်
fear,ဘာ ကြီး လဲ အဲ့ ဒါ
natural,ဘာ အ ပူ မှ မ ရှိ
love,လူ ကြား ထဲ မှာ ရှိ နေ ပေ မဲ့ အ ရမ်း အ ထီး ကျန် တယ်
fear,အိမ် မက် ဆိုး တွေ က ခြောက် လှန့် တယ်
love,တောင်း ပန် ပါ တယ် ၊ ဒါ ပေ မဲ့ နောက် ကျ သွား ပြီ
joy,ခွေး လေး တွေ တွေ့ လို့ ပျော် တယ်
suprise,လုံး ဝ ရှော့ခ် ရ သွား သ လို ပဲ ၊ မ ယုံ နိုင် သေး ဘူး
sadness,ရင် ထဲ မှာ မိုး တွေ ရွာ နေ တယ်
joy,တစ် နေ့ တာ လုံး အ လုပ် တွေ ပြီး မြောက် လို့ အိပ် ရာ ထဲ လှဲ ချ လိုက် ရ တဲ့ အ ချိန်
anger,စ ကား ကို ကောင်း ကောင်း ပြော လို့ မ ရ ဘူး
anger,မင်း က ဘာ မို့ လို့ လဲ
fear,အ မှောင် ထဲ မှာ တစ် ယောက် တည်း
joy,လန်း ဆန်း လှ ပ တဲ့ မ နက် ခင်း
love,အ ခန်း ထောင့် လေး ထဲ မှာ တစ် ယောက် တည်း ငို နေ မိ တယ်
natural,စိတ် ထဲ မှာ ရှင်း လင်း တောက် ပ နေ တယ်
love,သ တိ ရ ပေ မဲ့ ဆက် သွယ် ခွင့် မ ရှိ တော့ တဲ့ အ ခါ
anger,အ မြဲ တမ်း ဒီ လို ကြီး ပဲ
anger,အတ် တ သ မား တွေ
natural,အေး ချမ်း ခြင်း ရဲ့ အ ရ သာ
anger,လူ ယုတ် မာ
joy,အေး ချမ်း လို့ ပျော် တယ်
joy,ပျော် လွန်း လို့ ရင် ထဲ မှာ လိပ် ပြာ လေး တွေ ပျံ သန်း နေ သ လို မျိုး
natural,ဒီ နေ့ ရာ သီ ဥ တု လေး က သာ သာ ယာ ယာ နဲ့ နေ လို့ ကောင်း တယ်
love,မျက် ရည် တွေ က ထိန်း မ ရ အောင် စီး ကျ လာ တယ်
fear,မ လုပ် ပါ နဲ့
sadness,မျက် ရည် တွေ မ ခြောက် နိုင် တဲ့ ည
fear,ဘာ ဖြစ် မ လဲ ဆို တာ တွေး ပြီး ရင် တုန် နေ ရ တယ်
natural,အား လုံး အ ဆင် ပြေ ချော မွေ့ တယ်
joy,စိတ် ထဲ ကြည် လို့
anger,ဝေး ဝေး သွား စမ်း
joy,ရင် ထဲ လန်း ဆန်း သွား တာ ပဲ
love,အ မှောင် ထု ထဲ မှာ ပဲ နေ ချင် တော့ တယ်
natural,ဘာ မှ လော စ ရာ မ လို တဲ့ ဘ ဝ
anger,အ ချိန် ပုပ် တယ်
joy,မ နက် ခင်း အ လှ နဲ့ ပျော် တယ်
fear,ခွဲ စိတ် ရ မှာ ကို သွေး ပျက် တယ်
love,ငါ ဘာ ဆက် လုပ် ရ မ လဲ
joy,မိုး လင်း လို့ မျက် လုံး ပွင့် လာ တာ နဲ့ စိတ် ထဲ မျှော် လင့် ချက် တွေ အ ပြည့် ရှိ နေ တဲ့ နေ့
joy,အား ရ ပါး ရ ရယ် လိုက် ရ တယ်
fear,လွှတ် ပေး ပါ
natural,အေး ချမ်း ခြင်း တွေ ဝန်း ရံ နေ သ လို ပဲ
sadness,ဘာ မှ မ လုပ် ချင် လောက် အောင် စိတ် ကုန် နေ ပြီ
anger,ကိုယ့် အ ဆင့် ကိုယ် သိ
anger,စိတ် တို စ ရာ ကြီး
sadness,ရင် ထဲ မှာ အေး စက် လွန်း လှ တယ်
joy,ရယ် ရ လို့ ပျော် တယ်
joy,အား ရ ကျေ နပ်
suprise,အံ့ ဩ လွန်း လို့ မျက် လုံး တောင် ပြူး သွား တယ်
sadness,အား လုံး က ယာ ယီ ပါ ပဲ
joy,အ ဝတ် အ စား အ ဟောင်း ထဲ က နေ ပိုက် ဆံ အ ကြွေ လေး တွေ ပြန် တွေ့ တဲ့ အ ပျော်
fear,ချွေး စေး တွေ ပြန် လာ ပြီ
sadness,ဝမ်း နည်း ခြင်း တွေ နဲ့ ကုန် ဆုံး သွား တဲ့ နေ့ တစ် နေ့
natural,စိတ် ကူး ထဲ အ တိုင်း ပဲ
fear,မ ကြည့် ရဲ ဘူး
joy,ဒီ နေ့ တော့ ဟတ် ထိ တယ်
natural,လော က ကြီး က သာ ယာ တယ်
fear,ဘယ် သူ လဲ ဟင်
natural,အ ရာ ရာ သာ ယာ အ ဆင် ပြေ ပါ စေ
anger,ဒေါ သ မီး တွေ တောက် နေ ပြီ
natural,စိတ် ရှုပ် စ ရာ တွေ ကို ဖယ် ထား ပြီး အေး ဆေး ပဲ နေ တော့ မယ်
anger,အ ပို တွေ
natural,ဘာ အ နှောင် အ ဖွဲ့ မှ မ ရှိ ဘူး
joy,ကျေ နပ် မိ တယ်
joy,ပြုံး ပျော် ရွှင်
natural,ကိုယ့် ကိုယ် ကိုယ် ပြန် ချစ် တတ် လာ တဲ့ နေ့
sadness,တစ် ယောက် တည်း ဖြစ် သွား တဲ့ အ ခါ
joy,အား ရ စ ရာ ကြီး
joy,အ ပျော် တွေ ကူး စက် တယ်
fear,လူ စိမ်း တွေ နဲ့ စ ကား ပြော ရ မှာ လန့် တယ်
anger,ဖယ် စမ်း
natural,စိတ် အေး ရ တဲ့ နေ ရာ လေး မှာ ရှိ နေ ရ တာ
joy,အ ပင် လေး တွေ မှာ အ ဖူး အ ပွင့် လေး တွေ ဝေေ ဝ ဆာ ဆာ ပွင့် လာ တဲ့ နေ့
anger,လာ မ ရှုပ် နဲ့
fear,ခွေး ဟောင် သံ ကြား တာ နဲ့ တင် လန့် နေ ရ ပြီ
joy,ရင် ခုန် ကြည် နူး ရ တယ်
fear,လူ တ ကာ နဲ့ မ တူ မှာ ကို ကြောက် တယ်
fear,လူ တွေ က ငါ့ ကို အ ပြစ် တင် ဝေ ဖန် ကြ တော့ မ လား ဆို တဲ့ အ တွေး ကြီး က ကျော ချမ်း စ ရာ ကောင်း လွန်း ပါ တယ်
natural,လေ ကောင်း လေ သန့် ရ တယ်
fear,လေ ယာဉ် စီး ရ မှာ ကို အ မြဲ တမ်း ကြောက် နေ ခဲ့ တာ
sadness,နှ လုံး သား တစ် ခု လုံး စုတ် ပြတ် သတ် သွား သ လို ခံ စား ရ တယ်
joy,မျှော် လင့် ချက် ရှိ လို့ ပျော် တယ်
joy,ဒီ နေ့ တော့ ကိုယ့် ဘ ဝ ရဲ့ အ ပျော် ဆုံး စာ မျက် နှာ သစ် တစ် ခု ကို စ တင် ရေး ဆွဲ ခွင့် ရ ရှိ ခဲ့ ပြီ
joy,အ ရာ ရာ က နေ ရာ တ ကျ နဲ့ အ ဆင် ပြေ လွန်း လို့ ကျေ နပ် မိ တာ
anger,လူ ကို လာ မ ထိန်း ချုပ် နဲ့
love,ဘာ လို့ ငါ့ ကို မှ ရွေး ပြီး ရက် စက် ရ တာ လဲ
love,သစ် စာ ဖောက် ခံ ရ တဲ့ ခံ စား ချက် က အ ရမ်း နာ ကျင် ရ တယ်
joy,ကံ ထူး ရှင် ပဲ
natural,ဟန် ဆောင် စ ရာ မ လို ဘူး
love,ငါ့ ကို ဘယ် သူ မှ ဂ ရု မ စိုက် ကြ ပါ ဘူး
fear,သွေး ပျက် စ ရာ ကြီး
joy,အ ဆင် ပြေ ကိုး
fear,အိမ် မက် ဆိုး က နိုး ပါ ရ စေ
anger,လာ မ နှောင့် ယှက် နဲ့
love,မင်း မ ရှိ တဲ့ ကမ် ဘာ ကြီး က အ ရောင် မ ရှိ တော့ သ လို ပဲ
