text,emotion_class
တကယ်ပဲ စိတ်ကုန်ဖို့ကောင်းတယ်,anger
မင်းကို လုံးဝ ခွင့်မလွှတ်နိုင်ဘူး,anger
ကမ္ဘာကြီးက ငါ့အပေါ် ရက်စက်လွန်းတယ်,love
တကယ်ပဲလား... ဆုတောင်းတွေ ပြည့်သွားတာလား,suprise
ဘယ်သူ့ကိုမှ မတွေ့ချင်တော့ဘူး,love
စိတ်မပူပါနဲ့တော့,neutral
အေးချမ်းမှုအပြည့်,neutral
အေးချမ်းလိုက်တာ,joy
လန်းဆန်းလှ,joy
မကြည့်နဲ့တော့,fear
စိတ်တိုလွန်းလို့ ရူးတော့မယ်,anger
ဖုန်းသံက ထိတ်လန့်စရာ,fear
သဘာဝအတိုင်းလေးပဲ,neutral
ဒီနေ့တော့ လမ်းလျှောက်ထွက်မယ်,neutral
အားတင်းထားရတာ ပင်ပန်းလှပြီ,love
ကြိုတင်မသိရဘဲ ကြုံလိုက်ရတဲ့ ပျော်ရွှင်မှုက အကောင်းဆုံးပဲ,suprise
သူငယ်ချင်းတွေနဲ့ အတိတ်က အမှတ်တရဟောင်းတွေကို ပြန်ပြောရင်း ရယ်မောရတဲ့အချိန်က စိတ်ကို တကယ် ပေါ့ပါးလန်းဆန်းစေတယ်,neutral
ဒီနေ့ ညနေခင်း နေဝင်တာလေးက တကယ် လှတယ်,neutral
ပျက်စီးခြင်းအစပဲ,anger
မျက်လုံးမှိတ်ထားလိုက်,fear
စိတ်ထဲမှာ မျှော်လင့်ချက်အသစ်တွေနဲ့ လန်းဆန်းလို့,neutral
စိတ်ထဲ အားရကျေနပ်တယ်,neutral
လွမ်းရတာ မောလှပြီ,sadness
အမလေး... ရင်တုန်လိုက်တာ၊ ဒါပေမဲ့ မိုက်တယ်,suprise
စိတ်အေးချမ်းစွာ နားနေခြင်း,neutral
ဟာ... မိုက်ချက်ကတော့ လွန်ရောပဲ,suprise
ပြန်မဆုံနိုင်တော့တဲ့ လမ်းခွဲ,sadness
စိတ်တိုလွန်းလို့ ရင်ဘတ်ထဲ ပေါက်ကွဲမတတ်ပဲ,anger
စိတ်အေးလက်အေးနဲ့ ပျော်တယ်,joy
ရင်ခုန်ရလို့ ပျော်တယ်,joy
အထီးကျန်ရမှာကို တွေးပြီး ကြောက်နေမိတယ်,fear
အချိန်ကုန်တယ်,anger
မင်းကို ကြည့်ရတာနဲ့တင် စိတ်ညစ်တယ်,anger
ဘယ်သူမှ မကြားနိုင်တဲ့ ငိုသံ,sadness
ဟာ... အားလုံးက ချက်ချင်းကြီး ဖြစ်သွားတာပဲ,suprise
ကြောက်စိတ်က ခန္ဓာကိုယ်တစ်ခုလုံးကို စိုးမိုးထားလို့ ခြေလှမ်းတစ်လှမ်း လှမ်းဖို့တောင် အင်အားမရှိတော့သလိုပဲ,fear
ဘာမှ လာမရှင်းပြနဲ့,anger
တောင်းပန်လည်း မရတော့ဘူး,anger
နှလုံးသားရဲ့ အက်ကြောင်းများ,sadness
လစာရတဲ့နေ့မှာ ကိုယ်လိုချင်တာလေး ဝယ်လိုက်ရတဲ့ အရသာ,joy
ရောဂါရမှာကို ကြောက်တယ်,fear
ငါ့ရဲ့ ကြိုးစားမှုတွေ အားလုံးက အချည်းနှီးပဲ ဖြစ်သွားမလားဆိုတဲ့ အကြောက်တရားက နေ့တိုင်း နှိပ်စက်တယ်,fear
အတိတ်ကို ပြန်တွေးတိုင်း ရင်နာရတယ်,love
စိတ်ထဲ နေလို့ကောင်းတယ်,neutral
နေရတာ သက်တောင့်သက်သာ ရှိလှတယ်,neutral
ဒီနေ့တော့ အရာရာကို ခွင့်လွှတ်နိုင်ပြီး စိတ်ပေါ့ပါးနေတယ်,joy
ဘာပဲဖြစ်ဖြစ် အဆင်ပြေသွားမှာပါ,neutral
သူငယ်ချင်းဟောင်းတွေနဲ့ မတွေ့တာကြာလို့ ပြန်ဆုံပြီး ဟားတိုက်ရယ်မောရတဲ့အချိန်,joy
ဘာလို့ ငါ့ကို ထားခဲ့တာလဲ,sadness
ကိုယ့်ကိုယ်ကိုယ် ယုံကြည်မှု ပျောက်ဆုံးပြီး လူတွေရှေ့ ထွက်ဖို့ ကြောက်နေတဲ့ စိတ်ဝေဒနာက တကယ့် အိပ်မက်ဆိုး,fear
စာအုပ်ဖတ်ရလို့ ပျော်တယ်,joy
ငါ့ရဲ့ နာကျင်မှုကို ဘယ်သူမှ မမြင်ကြဘူး,love
အဝတ်လျှော်ပြီး နေလှန်းရတဲ့ အလုပ်လေးကကို စိတ်ကြည်တယ်,neutral
စိတ်ကုန်စရာကြီးဗျာ,anger
အသက်ရှူရတာ ဝတယ်,neutral
သတင်းကောင်းကြားလို့ ပျော်တယ်,joy
စောက်ဂရု မစိုက်ဘူး,anger
ငါ့ရဲ့ ကြိုးစားမှုတွေက အရာမထင်ခဲ့ဘူး,sadness
နေသာလို့ ကောင်းတယ်,neutral
မင်းကြောင့် ငါ အလုပ်ရှုပ်ရတယ်,anger
အပူပင်ကင်းလို့ ပျော်တယ်,joy
ဝိုး... ဒါကတော့ မှော်ဆန်တဲ့ ခံစားချက်မျိုးပဲ,suprise
စိတ်လန်းဆန်းသွားတယ်,neutral
ငါ တကယ် မောနေပြီ,love
မင်းက ဘာသိလို့လဲ,anger
အိပ်လို့ မရတော့ဘူး,fear
ကံထူးတဲ့နေ့,joy
လုံးဝကို အံ့ဩစရာ ကောင်းလွန်းတဲ့ ညနေခင်းလေး,suprise
ငါ့ကို ဘာမှတ်နေလဲ,anger
အပြုံးတွေက အတုအယောင်တွေပါ,love
ဘာမှ မျှော်လင့်မထားသင့်ဘူး,sadness
ရင်ထဲမှာ ပျော်လုံးဆို့ပြီး အံ့ဩနေရတယ်,suprise
မလာပါနဲ့နဲ့,fear
အသံကြီးကလည်း ကြောက်စရာ,fear
ကြောက်စရာ ကောင်းလိုက်တာ,fear
ကယ်ကြပါဦး,fear
ဆံပင်တွေ ထောင်သွားတယ်,fear
ငါကပဲ အမြဲတမ်း အမှားလုပ်မိနေသလိုပဲ,sadness
အရာရာက သာယာအဆင်ပြေလို့,neutral
အပြစ်တင်ခံရမှာကို ကြောက်တယ်,fear
ဝမ်းနည်းခြင်း အနက်ရှိုင်းဆုံးထဲ နစ်မြုပ်နေတုန်း,love
သဘာဝတရားက လှတယ်,neutral
အိပ်ရေးဝဝ အိပ်လိုက်ရလို့ တစ်ကိုယ်လုံး လန်းဆန်းနေပြီ,neutral
ပီတိဖြစ်ရတယ်,joy
ကြည်နူးလွန်း,joy
စိတ်ထဲ ပွင့်လင်းသွားတယ်,neutral
စိတ်ဓာတ် ကောက်ကျစ်တာ,anger
အဆိုးဆုံးပဲ,anger
အမှောင်ထဲက ခြေသံတွေကို ကြားနေရသလိုပဲ,fear
နိုးထလာရတာ လန်းဆန်းလှတယ်,neutral
မယုံနိုင်လောက်အောင် ထူးခြားတဲ့ ခံစားချက်ကြီး,suprise
အလုပ်မရှုပ်စမ်းနဲ့,anger
လန့်စရာကြီး,fear
ဒီလို တိတ်ဆိတ်အေးချမ်းတဲ့ အချိန်လေးကို သဘောကျတယ်,neutral
စိတ်ကူးယဉ်အတိုင်းပဲ,joy
အပြုံးမပျက်ဘူး,joy
ချစ်ရတဲ့သူတွေ ငါ့အနားကနေ ထာဝရ ထွက်ခွာသွားမှာကို တွေးမိတဲ့ စက္ကန့်တိုင်းက ငရဲကျနေသလိုပါပဲ,fear
တုံးအလိုက်တာ,anger
အံ့ဩစရာတွေ ပြည့်နှက်နေတဲ့ အခိုက်အတန့်လေး,suprise
နားမလည်ဘူးလား,anger
ရုပ်ရှင်ကြည့်ရလို့ ပျော်တယ်,joy
စိတ်ထဲမှာ ဘာကိုမှ လိုချင်တောမက်စိတ်မရှိဘဲ လောလောဆယ် ရှိနေတဲ့ အခြေအနေလေးပေါ်မှာတင် ကျေနပ်နှစ်သက်နေမိတယ်,neutral
အပူအပင် မရှိတော့ဘူး,joy
ပြုံးမိတာ,joy
စိတ်ထဲက စိုးရိမ်ပူပန်မှုတွေနဲ့ သံသယတွေကို အားလုံး လွှတ်ချလိုက်နိုင်တဲ့အခါ ဘဝက တကယ့်ကို ရိုးရှင်းပြီး နေပျော်လာတယ်,neutral
ဘာမှ ထပ်မလိုချင်တော့တဲ့ စိတ်,neutral
စိတ်ပူပန်စရာတွေ အားလုံးကို ခဏလောက် မေ့ထားလိုက်ပြီ,neutral
ဒေါသတွေ ထိန်းမရတော့ဘူး,anger
ပီတိလျှံ,joy
အရင်လို ပြန်မဖြစ်နိုင်တော့ဘူးပေါ့,love
မယုံနိုင်စရာ ကောင်းလောက်အောင် အဆင်ပြေသွားတာ,suprise
ပေါ့ပါးလန်းဆန်းနေတာပဲ,joy
ပြုံးပြလို့ ပျော်တယ်,joy
ရှုံးနိမ့်မှာကို ကြောက်တယ်,fear
ကြည်နူးပီတိ,joy
ဘာမှ ဖြစ်မလာတော့တဲ့ အတိတ်ကို လွမ်းနေမိတယ်,love
အပယ်ခံ ခံစားချက်,love
နောက်ကျမှာကို တွေးပြီး အလောတကြီး ကြောက်နေတာ,fear
ဟယ်... အဲလိုကြီးလား!
အသက်ကို ခိုးရှူနေရတယ်,fear
ပိုက်ဆံမရှိတော့မှာကို အမြဲတမ်း စိုးရိမ်တယ်,fear
ထင်မှတ်မထားတဲ့ Surprise အကြီးကြီးပဲ!
ကိုယ့်ကို နားလည်ပေးမယ့်သူ ရှိနေတာ တကယ့် ဆုလာဘ်ပဲ,joy
မထင်မှတ်ထားတဲ့ ပျော်ရွှင်မှုကြောင့် ရင်ထဲမှာ အပြည့်အဝ အံ့ဩဝမ်းသာ ဖြစ်ရတဲ့နေ့,suprise
သေချာတာတစ်ခုကတော့ ငါ့မှာ မင်းမရှိတော့ဘူး,sadness
အရင်လို မရယ်မောနိုင်တော့ဘူး,sadness
တကယ် ကြောက်တာပါ,fear
အဆင်ပြေချောမွေ့,joy
နောက်က လိုက်လာသလိုပဲ,fear
ကြည့်မရဘူး,anger
ဟာ... ကြည့်စမ်း၊ တကယ်ကြီး ဖြစ်လာပြီ,suprise
နည်းနည်းမှ အားကိုးလို့မရဘူး,anger
လက်ခုပ်တီးချင်လောက်အောင်ပဲ,joy
နှလုံးသားတစ်ခုလုံး ကွဲအက်သွားသလိုပဲ,love
မခေါ်ပါနဲ့,fear
ဘဝက တကယ့်ကို နေချင်စရာ ကောင်းလိုက်တာ,joy
စကားကို ဖြတ်မပြောနဲ့,anger
ရွံစရာကြီး,anger
သူများတွေ ပျော်နေတာ မြင်ရင် ပိုဝမ်းနည်းရတယ်,love
လန်းဆန်းတက်ကြွ,joy
ကူညီမယ့်သူ မရှိဘူး,love
နောက်ပြန်မလှည့်ရဲဘူး,fear
စိတ်အေးသွားပြီ,joy
ကိုယ့်ကိုယ်ကိုယ် အချိန်ပေးဖြစ်တဲ့နေ့,neutral
မျက်နှာပွင့်လန်းသွားတာပဲ,joy
စိတ်အေးရပြီ,joy
စာမေးပွဲကျမှာကို တွေးပြီး ရင်တုန်နေပြီ,fear
နေရတာ သက်တောင့်သက်သာ,neutral
စိတ်ချမ်းသာ,joy
ဒီအခြေအနေကြီးကနေ လွတ်မြောက်ချင်ပြီ,fear
နှုတ်ဆက်စကားတောင် မပြောနိုင်ခဲ့ကြဘူး,love
ရေနက်ထဲ ဆင်းရမှာ ကြောက်တယ်,fear
စိတ်အပန်းပြေသွားပြီ,neutral
သဘာဝအလှတရား,neutral
စိတ်အေးရတဲ့ နေ့,neutral
အချိန်မမှီမှာကို ကြောက်တယ်,fear
မျှော်လင့်ခြင်း ကင်းမဲ့တဲ့ မနက်ခင်း,love
ဟား... ဒါကတော့ လုံးဝ ကွက်တိပဲ၊ အံ့ဩသွားတာပဲ,suprise
ကယ်ကြပါ ဘုရား,fear
ရန်ဖြစ်မှာကို ကြောက်တယ်,fear
စိတ်ကျေနပ်မှု အပြည့်,joy
ဘာလိုသေးလဲ,joy
စိတ်အေးလက်အေး ရှိနေတာ ဇိမ်ပဲ,neutral
အိပ်ရာနိုးရတာ လန်းဆန်းလိုက်တာ,neutral
စိတ်အေးလက်အေး,neutral
သီချင်းအေးအေးလေးက စိတ်ကို ကုစားပေးတယ်,neutral
အထီးကျန်ခြင်းက ငါ့အဖော်,love
ဘဝကို ကျေနပ်စွာ ဖြတ်သန်းခြင်း,neutral
အေးချမ်းတဲ့ မနက်ခင်းလေး,neutral
စိတ်အနှောင့်အယှက်တွေ အားလုံး ယူပစ်သလို ပျောက်ကွယ်သွားပြီ,joy
ခေါင်းထဲမှာ အဆိုးမြင်အတွေးတွေပဲ တရစပ် ဝင်လာပြီး ကြောက်စိတ်ကြောင့် ဘာမှ ဆက်မလုပ်ရဲတော့ဘူး,fear
ဘာအပူမှ မရှိတဲ့ နေ့ရက်များ,neutral
လူတွေအားလုံး ငါ့ကို ဝိုင်းကြည့်နေသလိုပဲ,fear
အဝေးမှာ နေပါ,fear
ဘယ်တော့မှ ပြန်မလာတော့မယ့် အရာတွေ,love
ကိုယ့်အချိန်နဲ့ကိုယ်,neutral
ပိုးဟပ်မြင်ရင် ကြောက်တယ်,fear
အိပ်မက်တွေက ပျက်စီးသွားပြီ,love
ဟင်၊ ဘာသံလဲ,fear
ကံကောင်းခြင်း,joy
ရင်ထဲ ငြိမ်းချမ်းသွားတာပဲ,neutral
အသံဗလံတွေ ကြားရတိုင်း လန့်လန့်သွားတယ်,fear
ရင်ထဲမှာ ဘာသံသယမှမရှိဘဲ ရှင်းရှင်းလင်းလင်း ရှိနေတာ,neutral
ရင်ဘတ် ဖိထားရတယ်,fear
ဇိမ်ကျလိုက်တာ,neutral
စိတ်တွေ လေလွင့်နေတယ်,sadness
လွတ်လပ်မှု အပြည့်ပဲ,neutral
လေညှင်းခံရလို့ ပျော်တယ်,joy
နှုတ်မဆက်ဘဲ ထွက်ခွာသွားကြတယ်,sadness
သူတစ်ပါးရဲ့ ဒေါသတကြီး အော်ဟစ်သံတွေကို ကြားရတဲ့အခါတိုင်း ငယ်ငယ်က အကြောက်တရားတွေ ပြန်ပေါ်လာတယ်,fear
ဘာကြောင့်မှန်းမသိဘဲ ဝမ်းနည်းနေတဲ့ ညနေခင်း,sadness
သာယာချက်,joy
သဘာဝအသံတွေက သာယာလိုက်တာ,neutral
အဝေးဆုံးကို လွင့်သွားစမ်း,anger
ကံကောင်းလို့ ပျော်တယ်,joy
သူတစ်ပါးကို ကူညီလိုက်ရလို့ စိတ်ထဲ ကြည်နူးပီတိဖြစ်ရတယ်,joy
ပျော်ရွှင်စရာ,joy
စိတ်အပြောင်းအလဲလေး,neutral
မျက်ရည်တွေက ခေါင်းအုံးပေါ်မှာ အစွန်းအထင်းတွေ ဖြစ်လို့,love
အေးချမ်းခြင်းက ဒီမှာတင်ပဲ,neutral
တစ်ခုမှ အဆင်မပြေဘူး,anger
ပျော်ရွှင်စရာ အမှတ်တရတွေ တိုးလာပြန်ပြီ,joy
စိတ်ကျေနပ်,joy
ညဘက် လမ်းမီးမရှိတဲ့ လမ်းကြားထဲ တစ်ယောက်တည်း လျှောက်ရတာက တကယ့်ကို သွေးပျက်စရာ ညတစ်ညပဲ,fear
ကိုယ့်ရဲ့ အားနည်းချက်တွေကို သူတပါး သိသွားပြီး လှောင်ပြောင်ကြမှာကို သေမတတ် ကြောက်မိတာ အမှန်ပဲ,fear
မိုးခြိမ်းရင် လန့်တတ်တယ်,fear
ဒီညတော့ မီးဖွင့်ပြီးပဲ အိပ်တော့မယ်,fear
ဘဝက ဒီလိုပဲ အေးဆေးပေါ့,neutral
စိတ်ကူးတွေ ယဉ်လို့ကောင်းတုန်း,neutral
ကလေးလေးတွေ ရိုးရိုးသားသားနဲ့ အော်ဟစ်ရယ်မောနေတာ ကြည့်ပြီး ပျော်တာ,joy
အေးအေးလူလူ ရှိနေတယ်,neutral
တမင်သက်သက် လုပ်နေတာလား,anger
ကြိုးစားထားတဲ့ စာမေးပွဲမှာ အမှတ်ကောင်းကောင်းနဲ့ အောင်မြင်သွားတဲ့နေ့,joy
သူငယ်ချင်းတွေနဲ့အတူ တောင်တက်ရင်း ထိပ်ဆုံးကို ရောက်သွားတဲ့အချိန် ခံစားရတဲ့ အောင်ပွဲက ရင်ခုန်စရာပဲ,joy
အားကိုးရာမဲ့နေတဲ့ ခံစားချက်ကြီး,love
စိတ်လှုပ်ရှားစရာ ကောင်းလိုက်တာ,joy
စိတ်ကျေနပ်မှု ရှိတယ်,neutral
သီချင်းနားထောင်ရလို့ ပျော်တယ်,joy
စာအုပ်ကောင်းတစ်အုပ်နဲ့တင် နေ့လယ်ခင်းက ပြီးပြည့်စုံတယ်,neutral
ပိတ်ရက်မှာ အိပ်ရေးဝဝ အိပ်လိုက်ရလို့ စိတ်ကြည်လင်နေတာ,joy
အေးအေးဆေးဆေးပါပဲ,neutral
ပျော်လိုက်တာ,joy
တော်တော်လွန်သွားပြီ,anger
စိတ်ပျက်စရာ လူတန်းစား,anger
မျှော်လင့်ချက်ဆိုတာ ငါနဲ့ မထိုက်တန်တဲ့ အရာ,love
တကယ်ကြီး ဖြစ်သွားတာလား... မယုံနိုင်ဘူး,suprise
ငါ့ဘဝထဲက ထွက်သွား,anger
အားလုံးအဆင်ပြေလို့ ပျော်တယ်,joy
ပိုက်ဆံ ပြတ်လပ်မှာကို ကြောက်တယ်,fear
မျှော်လင့်ခြင်းရဲ့ နောက်ဆက်တွဲက နာကျင်မှု,sadness
ငါ အခု ဒေါသထွက်နေတယ်,anger
စိတ်ပျက်မိတယ်,sadness
အပူအပင်ကင်း,joy
စိတ်အေးလက်အေး ရှိတယ်,neutral
လက်ဖျားခြေဖျားတွေ အေးလို့,fear
အရာရာက ပြီးဆုံးသွားခဲ့ပြီလေ,sadness
အရာရာကို လက်လျှော့လိုက်ချင်ပြီ,love
အဓိပ္ပာယ်မရှိတာတွေ,anger
ရင်ထဲမှာ ဘာအပူမှမရှိတဲ့ ခံစားချက်,neutral
စာအုပ်တစ်အုပ်နဲ့တင် စိတ်အပန်းပြေတယ်,neutral
ပြေးကြစို့,fear
ရင်ထဲက ပီတိတွေ လှိုက်တက်လာတာ,joy
စိတ်ချမ်းသာစရာ,neutral
စိတ်ကူးယဉ်ခဲ့တဲ့ ခရီးစဉ်လေးကို တကယ့်လက်တွေ့ သွားရတော့မယ့် အချိန်,joy
စိတ်အပန်းပြေသွားတယ်,joy
အခုချက်ချင်း ရပ်လိုက်,anger
ဒီအတိုင်း ပျောက်ကွယ်သွားချင်တယ်,love
စိတ်ကျေနပ်မှု အပြည့်ပဲ,joy
လူကြီးတွေ ဆူမှာကို ကြောက်နေရတာ,fear
အံ့ဩလွန်းလို့ သွေးတောင် တက်ချင်ချင်ပဲ,suprise
ဘာလဲဗျာ,anger
ဝိုး... ဒီ Surprise ကတော့ လုံးဝကို ထိမိတယ်,suprise
လူသားတစ်ယောက်အနေနဲ့ ဒီကမ္ဘာပေါ်မှာ အသုံးဝင်ပြီး အကျိုးရှိရှိ ရှင်သန်နေရတယ်လို့ ခံစားရတဲ့ အချိန်,joy
ရိုးရိုးလေးပဲ ကောင်းပါတယ်,neutral
ကြည်နူးစရာလေး,joy
အတိတ်ရဲ့ အရိပ်တွေက ခြောက်လှန့်နေတုန်းပဲ,sadness
ဆေးရုံသွားရမှာကို ကြောက်တယ်,fear
စိတ်ဆိုးတာ မဟုတ်ဘူး၊ ဒေါသထွက်တာ,anger
ဟား... ဒါမျိုးကျတော့လည်း ရင်ခုန်စရာကြီးဗျာ,suprise
မိုးရွာနေတုန်း အိမ်မှာ စောင်လေးခြုံပြီး စာအုပ်ဖတ်ရတဲ့ အရသာ,joy
အလုပ်မရှုပ်နဲ့,anger
ဖယ်စမ်းပါ,anger
ဝမ်းနည်းရလွန်းလို့ ရင်ဘတ်ကြီးက လေးလံနေတယ်,love
ဝါး... ဒါကတော့ ကမ္ဘာပေါ်မှာ အမိုက်ဆုံး Surprise ပဲ,suprise
အားလုံး ဆုံးရှုံးမှာကို ကြောက်တယ်,fear
ဒီနေ့လည်း စိတ်ညစ်စရာတွေနဲ့ပဲ ပြီးသွားပြန်ပြီ,love
လေသံကိုက စိတ်တိုစရာ,anger
လာမစမ်းနဲ့,anger
နှလုံးသားက အေးစက်သွားပြီ,sadness
စိတ်တိုင်းကျပဲ,joy
အကြံအဖန်မရှိ ရှင်းလင်းတယ်,neutral
လုံးဝကို အံဩပြီး ကျောက်ရုပ်လို ဖြစ်သွားတယ်,suprise
ဘာမှ ပြိုင်ဆိုင်မနေရတာ လွတ်လပ်တယ်,neutral
မီးဖွင့်ပေးပါဦး,fear
ကြည်နူးစရာ နေ့ရက်,joy
မနက်ခင်း ကော်ဖီပူပူလေး သောက်ရင်း စိတ်ကူးတွေ လန်းဆန်းလာတဲ့ အချိန်,joy
အဆင်ပြေပြေပါပဲ,neutral
လာမပတ်သက်နဲ့တော့,anger
စိတ်ကျေနပ်စရာပဲ,neutral
ကိုယ်ပေးလိုက်တဲ့ လက်ဆောင်ကို သူငယ်ချင်းက သဘောကျလို့ ကြည်နူးရတာ,joy
လုံးဝ ထင်မှတ်မထားတဲ့ ရလဒ်ပဲဗျာ,suprise
စိတ်ထဲ အေးချမ်းလို့ ကောင်းလိုက်တာ,neutral
မီးပျက်ရင် တုန်လှုပ်မိတယ်,fear
ရင်ထဲအေး,joy
အနာဂတ်ကို တွေးပြီး ကြောက်တယ်,fear
မင်းက ဘာမို့လို့လဲ,anger
ချီးကျူးခံရလို့ ပျော်တယ်,joy
လမ်းပျောက်မှာကို ကြောက်တယ်,fear
ဝမ်းမြောက်မိတယ်,joy
ခြောက်ခြားစရာ,fear
ရင်ထဲမှာ ဟာလာဟင်းလင်းပဲ,love
စိတ်ထဲမှာ ရှင်းလင်းပြီး လန်းဆန်းလို့,neutral
နှုတ်ဆက်ခဲ့ပါတယ်,love
လူပိုကြီး ဖြစ်နေသလိုပဲ,sadness
ဘာကြောင့် ဒီလောက်ထိ ခံစားရလဲ မသိတော့ဘူး,love
ပြေးမှ ဖြစ်မယ်,fear
ပြောလို့ကိုမရဘူး,anger
ထင်မှတ်မထားတဲ့ အပျော်,joy
စိတ်ထဲမှာ ကြည်လင်ရွှင်လန်းနေတဲ့ နေ့တစ်နေ့,neutral
လက်တွေ တုန်နေလို့,fear
အဝတ်သစ်ဝတ်ရလို့ ပျော်တယ်,joy
ဟန်ချက်ညီတယ်,neutral
စိတ်ပျက်စရာတွေချည်းပဲ,love
အဆင်မပြေမှာကို တွေးပြီး ကြောက်နေမိတာ,fear
ဘာမှ တွေးမပူဘဲ အေးဆေး နေလိုက်မယ်,neutral
စိတ်ပင်ပန်းသမျှ အားလုံးကို သားသမီးလေးတွေရဲ့ ချစ်စရာအပြုံးတွေက ချက်ချင်း ယူပစ်သလို ပျောက်ကွယ်စေတယ်,joy
စိုးရိမ်စိတ်တွေ ပျောက်ပြီ,neutral
ရင်ထဲမှာ ဟာလာဟင်းလင်း ဖြစ်သွားတယ်,sadness
သီချင်းလေးနဲ့ တိမ်တွေကို ငေးနေတာ,neutral
ကောင်းလိုက်တာ,joy
လူအုပ်ကြီးကို ကြောက်တယ်,fear
စိတ်ရွှင်လန်း,joy
ရင်ဘတ်ထဲ မကောင်းဘူး,fear
မိုးဖွဲဖွဲလေး ရွာနေတဲ့ အချိန်မှာ ပြတင်းပေါက်နား ထိုင်ပြီး စာဖတ်ရတဲ့ အရသာက ဘာနဲ့မှ မလဲနိုင်တဲ့ သဘာဝအလှတရားပဲ,neutral
ဒီအတိုင်းလေးပဲ အဆင်ပြေပါတယ်,neutral
ရောဂါဖြစ်မှာကို တွေးပြီး အမြဲ ကြောက်နေရတယ်,fear
တစ်နေ့တာလုံး အေးဆေးပါပဲ,neutral
စိတ်ရွှင်မြူး,joy
အိပ်မက်ဆန်းလေး,joy
အပင်လေးတွေ ကြီးလာတာ ကြည့်ပြီး ပျော်တယ်,neutral
အရာရာက ကမောက်ကမတွေချည်းပဲ,anger
အိပ်ရာဝင်ရလို့ ပျော်တယ်,joy
အောင်မြင်မှု အရသာ,joy
ဘဝရဲ့ သာယာမှုတွေကို အပြည့်အဝ ခံစားနေရတဲ့နေ့,joy
ကန်ထုတ်ချင်စိတ် ပေါက်တယ်,anger
စိတ်ပျက်လွန်းလို့ သေတော့မယ်,anger
ဘာမှန်းမသိတဲ့အရာကို ကြောက်နေရတာ ပိုဆိုးတယ်,fear
မင်းမျက်နှာကို လုံးဝ မမြင်ချင်ဘူး,anger
ဟား... အံ့ဩစရာတွေချည်းပါပဲလား,suprise
အမလေး... အိမ်မက်မက်နေတာလားပဲ,suprise
ကူညီရလို့ ပျော်တယ်,joy
ဟာကွာ... မိုက်လိုက်တာ၊ လုံးဝမမျှော်လင့်ထားဘူး,suprise
မျှော်လင့်ခြင်းရဲ့ အဆုံးသတ်,sadness
ဝင်မရှုပ်နဲ့,anger
ဒီနေ့တော့ စိတ်ညစ်စရာတွေ မရှိဘူး,neutral
မျှော်လင့်မထားတဲ့ သတင်းကောင်းကြောင့် ရင်ခုန်သွားရတယ်,suprise
အားလုံးက ပုံပြင်တွေလိုပါပဲ၊ အဆုံးသတ်က မလှခဲ့ဘူး,love
စိတ်ဓာတ်တွေ ပြိုလဲသွားတဲ့အခါ,sadness
ရင်ထဲမှာ ဗြုန်းခနဲ ဆတ်ခနဲ ဖြစ်သွားတာပဲ,suprise
ခံစားချက်မရှိတဲ့ အရုပ်တစ်ခုလိုပဲ,sadness
မကြားချင်ဘူး,anger
အဆင့်မရှိတာ,anger
မတရားတာကို လက်မခံဘူး,anger
အရာရာကို လက်လွှတ်လိုက်ချင်ပြီ,sadness
ကော်ဖီသောက်ရလို့ ပျော်တယ်,joy
အကန့်အသတ်ရှိတယ်နော်,anger
ရင်ထဲမှာ အေးမြပြီး ကြည်လင်တယ်,neutral
ရှယ်အဆင်ပြေ,joy
မုန်းဖို့ကောင်းလိုက်တာ,anger
အရာရာကို သဘာဝအတိုင်းပဲ လက်ခံလိုက်တာ စိတ်အေးရတယ်,neutral
မမေ့နိုင်တဲ့ အတိတ်ဆိုး,sadness
ရင်ဘတ်တစ်ခုလုံး အောင့်တက်လာတယ်,love
စိတ်ညစ်စရာတွေ အားလုံးကို နောက်မှာ ထားခဲ့ပြီး ဘဝသစ်တစ်ခုကို ပျော်ပျော်ရွှင်ရွှင် စတင်နိုင်ခဲ့တဲ့ နေ့တစ်နေ့,joy
စိတ်ချမ်းမြေ့စရာ,neutral
အားလုံး အဆင်ပြေ,joy
အံ့ဩလွန်းလို့ နှလုံးခုန်သံတွေတောင် မြန်လာတယ်,suprise
ဘုရားရေ... ဒါ တကယ့်အရှိတရားလား,suprise
ရိုးရှင်းတဲ့အရာလေးတွေက စိတ်ချမ်းသာစေတယ်,neutral
တော်တော်ဆိုးတာပဲ,anger
နေလို့ကောင်းလိုက်တာ,neutral
အလိုကျပဲ,joy
စိတ်ပျက်လွန်းလို့ စကားတောင် မဟချင်တော့တာ,love
လုံးဝကို စိတ်လှုပ်ရှားပြီး ပျော်သွားတာပဲ,suprise
မင်းနဲ့ပြောရတာ အချိန်ပုပ်တယ်,anger
မင်း ကြောင့် ပျက်စီးကုန်ပြီ,anger
နားလည်မှု လွဲမှားခြင်းရဲ့ အကျိုးဆက်,sadness
ပူစရာမလိုတော့ဘူး,neutral
လူကို လာမနှိမ်နဲ့,anger
ငါ့ကမ္ဘာလေးတစ်ခုလုံး ပြာကျသွားသလိုပဲ,sadness
ခေါင်းကို မီးတောက်မတတ်ပဲ,anger
တရားမှတ်ရင်း စိတ်ကို ငြိမ်အောင် ထားလိုက်တယ်,neutral
အောင်မြင်မှုရဲ့ အရသာ,joy
ဘာကြောင့်မှန်းမသိဘဲ မျက်ရည်ကျမိတယ်,love
အိမ်မှာတင် အေးဆေးနားရတာ ကောင်းတယ်,neutral
ဘာမှလာမပြောနဲ့,anger
လုံးဝ Surprise ပါပဲ၊ တစ်သက်လုံး မမေ့နိုင်စရာပဲ,suprise
လူတွေကြားထဲ သွားရမှာကို ကြောက်နေမိတယ်,fear
နှလုံးသား ကြေကွဲခြင်း,sadness
အေးဆေး ဖြတ်သန်းမယ်,neutral
ဆုံးရှုံးရမှာကို ကြောက်တယ်,fear
ဟေး... အောင်မြင်ပြီ,joy
ကြာကြာ စောင့်ခဲ့ရတဲ့ ပါဆယ်ထုပ်လေး အိမ်ကို ရောက်လာတဲ့ အချိန်,joy
အားလုံး ပြည့်စုံ,joy
အင်္ကျီအသစ်နဲ့ ပျော်တယ်,joy
ရင်ခုန်လွန်းလို့ အသက်ရှူဖို့တောင် မေ့သွားတယ်,suprise
အရာရာကို စိတ်ကုန်နေမိတယ်,love
ရင်ထဲ နွေးထွေး,joy
မိုးအေးအေးနဲ့ ပျော်တယ်,joy
အထီးကျန်စွာနဲ့ပဲ အသားကျသွားပါတယ်,love
ခွေးဟောင်ရင် ကြောက်တတ်တယ်,fear
ဘာဖိအားမှ မရှိတဲ့ နေ့တစ်နေ့,neutral
ဇိမ်ရှိရှိ နေမယ်,neutral
မျှော်လင့်ချက် ကင်းမဲ့ခြင်း,sadness
မျက်ရည်တောင် ကျတယ်,fear
ဒီနေ့တော့ ကိုယ့်အတွက်ပဲ အချိန်ပေးမယ်,neutral
လူကို အထင်မသေးနဲ့,anger
သူ့ဒေါသတွေကို ရင်မဆိုင်ရဲဘူး,fear
တကယ့်ကို,joy
စိတ်ထဲ ရှင်းသွားတယ်,neutral
အောက်ထပ်က ထူးဆန်းတဲ့ အသံတွေ ကြားနေရတယ်,fear
အံ့ဩလွန်းလို့ ကြက်သီးတွေတောင် ထသွားတယ်,suprise
လူ့ဗာလတွေ,anger
ခန္ဓာကိုယ်ထဲက ပင်ပန်းမှုတွေ အားလုံး ပျောက်ကွယ်သွားပြီ,neutral
အပျော်ဆုံးနေ့,joy
အေးအေးဆေးဆေး ကော်ဖီသောက်မယ်,neutral
တစ်ယောက်တည်း ကျန်ခဲ့မှာကို တကယ်ကြောက်တယ်,fear
အသားတွေ ဆတ်ဆတ်တုန်လို့,fear
ကိုယ့်အလုပ်ကိုယ်လုပ်စမ်းပါ,anger
စိတ်အေးရပြီ,neutral
ဘာကိုမှ မပြင်ဆင်နိုင်တော့ဘူး,love
သူ့မျက်လုံးတွေက ကြောက်စရာကြီး,fear
အဖော်မဲ့တဲ့ လမ်းမထက်မှာ,love
အားလုံး အိုကေတယ်,neutral
အားလုံးကို မေတ္တာပွားနေမိတယ်,neutral
စိတ်ပေါ့ပါးလို့ ပျော်တယ်,joy
မုန့်စားရလို့ ပျော်တယ်,joy
ကလေးတွေတွေ့လို့ ပျော်တယ်,joy
ရင်ဘတ်ထဲက နာကျင်မှုက အမြစ်တွယ်နေပြီ,sadness
မုန်းတယ်,anger
နေရတာ ငြိမ်းချမ်းတယ်,neutral
နားပိတ်ထားလိုက်မယ်,fear
စိတ်ထဲမှာ တည်ငြိမ်အေးချမ်းလို့,neutral
မျှော်လင့်ချက်တွေ ပျက်သုဉ်းခြင်း,sadness
သူစိမ်းတွေ ဖြစ်သွားကြပြီပေါ့,love
ရုတ်တရက်ကြီးဆိုတော့ ဘာပြောရမှန်းတောင် မသိဘူး,suprise
အံ့ဩလွန်းလို့ ပါးစပ်တောင် မပိတ်နိုင်တော့ဘူး,suprise
အားလုံး အိုကေပဲ,joy
တကယ်ကြီးလားလို့... နောက်နေတာ မဟုတ်ဘူးမလား,suprise
ရင်ထဲ လန်းဆန်း,joy
စိတ်ကျေနပ်တယ်,neutral
အမလေး... အံ့ဩလို့ မဆုံးနိုင်တော့ဘူး,suprise
ဘဝမှာ ဘာကိုမှ ထပ်ပြီး မတောင်းတတော့ဘဲ အခုရှိနေတဲ့ အခြေအနေလေးအပေါ်မှာတင် အပြည့်အဝ ကျေနပ်နေတာ,joy
အရာရာတိုင်း ပျက်စီးဆုံးရှုံးသွားပြီး ဘာမှမရှိတော့တဲ့ ဘဝကို ရောက်သွားမှာကို တွေးပြီး သွေးပျက်နေမိတယ်,fear
အသုံးမကျတဲ့ကောင်,anger
စိုးရိမ်စိတ်တွေ လွင့်ပြယ်သွားပြီ,neutral
ရေချိုးလိုက်ရတာ လန်းဆန်းသွားတာပဲ,neutral
ကားမတော်တဆမှုတွေ မြင်ဖူးကတည်းက ကားလမ်းကူးရမှာကို ပုံမှန်ထက် ပိုပြီး ကြောက်လန့်နေမိတော့တယ်,fear
အားလုံး အဆင်ပြေချောမွေ့သွားမှာပါ,neutral
ဒီထက် ပိုကောင်းတဲ့နေ့ ရှိနိုင်ဦးမလားလို့ တွေးမိတယ်,joy
အောင်မြင်လို့ ပျော်တယ်,joy
ပါဆယ်ရောက်လို့ ပျော်တယ်,joy
အတိတ်ကို ပြန်ပြင်လို့ မရတော့ဘူးလေ,sadness
စကားတောင် မပီတော့ဘူး,fear
ပေါ့ပါးလန်းဆန်း,joy
တွေးမပူတော့ဘူး,neutral
ဝိုး... ဒါမျိုးကို အိပ်မက်ထဲတောင် မက်ဖူးဘူး,suprise
အမလေး... ရင်ထဲ အေးခနဲ ဖြစ်သွားတာပဲ,suprise
နောက်ကနေ တစ်ယောက်ယောက် စိုက်ကြည့်နေသလိုပဲ,fear
ဒုက္ခပေးတဲ့ကောင်,anger
အားလုံး အိုကေ,neutral
သရဲခြောက်နေသလိုပဲ,fear
စိတ်ဓာတ်တွေ အောက်ခြေအထိ ပြုတ်ကျသွားတဲ့နေ့,sadness
ကြည်နူးရလို့ ပျော်တယ်,joy
ဟယ်... အဲလိုလည်း ဖြစ်တတ်တာပဲလား,suprise
ဝုန်းဒိုင်းကျဲ ပျော်တာ,joy
ဆုံးရှုံးမှုတွေနဲ့ ပြည့်နှက်နေတဲ့ ဘဝ,sadness
ပြောရတာ အာညောင်းတယ်,anger
ညနေခင်း လမ်းလျှောက်ရတာ စိတ်ပေါ့ပါးတယ်,neutral
တစ်ကိုယ်လုံး တုန်ရီပြီး ဘာလုပ်ရမှန်း မသိတော့ဘူး,fear
လုံးဝကို အံသြမှင်သက်သွားရတယ်,suprise
အမေချက်ကျွေးတဲ့ ကိုယ့်အကြိုက်ဆုံး ဟင်းဟင်းလေးကို စားရတဲ့အချိန်,joy
အကောင်းဆုံးပဲ,joy
လာမထိနဲ့,anger
မတရားဘူး,anger
စိတ်လေရုံတင်မကဘူး အခုက ဒေါသပါထွက်လာပြီ,anger
နားမလည်တဲ့ လူတွေ,anger
တစ်ယောက်တည်း ငိုနေရတဲ့ ညတိုင်,sadness
ဘာမှ အလျင်စလိုလုပ်စရာမလိုဘဲ အေးဆေးနေရတဲ့နေ့,neutral
ဒီနေ့ ဝတ်ထားတဲ့ အင်္ကျီလေးက ကိုယ်နဲ့ အရမ်းလိုက်ဖက်နေလို့ ယုံကြည်မှုရှိတဲ့နေ့,joy
လမ်းလျှောက်ရင်း သဘာဝအလှအပတွေကို ငေးကြည့်နေမိတယ်,neutral
စိတ်ထဲ ပေါ့ပါးသွားတာပဲ,neutral
ရေနက်ကြီးကို ကြည့်ပြီး ခြေဖျားလက်ဖျားအေးလာတယ်,fear
မပြည့်စုံတဲ့ ဘဝတစ်ခုရဲ့ သောကတွေ,love
ဘဝရဲ့ အလှတရားတွေကို သတိပြုမိလာတဲ့နေ့,neutral
ဘာပြိုင်ဆိုင်မှုမှ မရှိတဲ့ နေရာလေးမှာ နေချင်တယ်,neutral
ဟားတိုက်ရယ်မော,joy
မနက်ခင်း ငှက်ကလေးတွေ အော်သံက နားထောင်လို့ကောင်းတယ်,neutral
အရိပ်တစ်ခု ဖြတ်ပြေးသွားသလိုပဲ လန့်လိုက်တာ,fear
အရာရာကို အကောင်းမြင်စိတ်နဲ့ပဲ ကြည့်တတ်လာပြီ,neutral
ငါ့ကိုနားလည်ပေးမယ့်သူ တစ်ယောက်မှမရှိဘူး,sadness
မင်းစကားတွေ နားမထောင်ချင်ဘူး,anger
မီးပိတ်ပြီး သီချင်းနားထောင်ရတာ ဇိမ်ပဲ,neutral
မြွေမြင်ရင် သေမတတ် ကြောက်တယ်,fear
သရဲကားကြည့်ရသလိုပဲ,fear
ဘာမှလာမပြောနဲ့တော့,anger
လူတွေ ငြင်းပယ်မှာကို ကြောက်တယ်,fear
အပင်လေးတွေကို ရေလောင်းရင်း စိတ်အေးချမ်းရတယ်,neutral
နေရောင်ခြည် နွေးနွေးလေးအောက်မှာ လမ်းလျှောက်ရတာ တကယ့်ကို သာယာတယ်,joy
အထီးကျန်ဖြစ်ရမှာကို ကြောက်တယ်,fear
လက်ဆောင်ရလို့ ပျော်တယ်,joy
ဝမ်းသာလွန်းလို့,joy
အသံမထွက်ရဲဘူး,fear
ငါ့ကို နားလည်ပေးမယ့်သူ ရှာမတွေ့ဘူး,love
တကယ်ကို အံ့ဩစရာကောင်းတဲ့ နေ့တစ်နေ့ပဲ,suprise
ထင်မှတ်မထားတဲ့ ပျော်ရွှင်မှုက ပိုပြီး အရသာရှိတယ်,suprise
နှုတ်ဆက်စကားတောင် မပြောဖြစ်ခဲ့ကြဘူး,sadness
ပျော်စရာကြီးပဲ,joy
စိတ်အေးရလို့ ပျော်တယ်,joy
သတိရခြင်းရဲ့ ဒဏ်ရာ,sadness
သူငယ်ချင်းနဲ့တွေ့လို့ ပျော်တယ်,joy
ကြောက်စိတ်ကြောင့် ဗိုက်ထဲကကို မကောင်းဘူး,fear
ရူးချင်တာပဲ,anger
ရင်ဘတ်ထဲက အလုံးကြီး အမြဲမူးနေသလိုပဲ,sadness
ညဉ့်နက်သံတွေက ကြောက်စရာ,fear
မထင်မှတ်ထားတဲ့ နေရာကနေ ကိုယ့်အတွက် အခွင့်အလမ်းကောင်းတွေ ပွင့်လန်းလာလို့ ဝမ်းသာပီတိဖြစ်ရတယ်,joy
ဝါး... ဒါမျိုးကျတော့လည်း လုံးဝအထာကျတာပဲ,suprise
မင်းမရှိတဲ့ ညတွေက အရမ်းရှည်လျားလွန်းတယ်,sadness
ရုတ်တရက် မီးပျက်သွားတော့ လန့်ဖျတ်သွားတာပဲ,fear
တုန်နေတာပဲ,fear
မိသားစုနဲ့ အတူတူ ထမင်းစားရတာ အရသာအရှိဆုံးပဲ,neutral
ပျော်ရွှင်မှု အစ,joy
စကားအရာမရှိဘူး,anger
ဘာပူစရာ ရှိလဲ,neutral
ငါ့ရဲ့ တန်ဖိုးက ဒီလောက်ပဲလား,sadness
သဘာဝတရားက ပေးတဲ့ အေးချမ်းမှု,neutral
စိတ်ချမ်းသာဖို့က ပထမပဲ,neutral
လာပြီး မအော်နဲ့,anger
အလုပ်ပြုတ်မှာကို တွေးပြီး စိုးရိမ်စိတ်တွေ တက်နေတာ,fear
ဘဝက ရိုးရှင်းပါတယ်,neutral
မိုးရွာသံလေး နားထောင်ရတာ စိတ်ထဲ အေးချမ်းတယ်,neutral
သည်းခံတာ အတိုင်းအထက်အလွန်ပဲ,anger
စိတ်အေးလက်အေးပဲ,joy
စိတ်အနှောင့်အယှက်ဖြစ်စရာကြီး,anger
မျက်ရည်တွေနဲ့ ရုန်းကန်ရတဲ့ နေ့ရက်များ,sadness
အလုပ်ထဲ မှားမှာကို စိုးရိမ်တယ်,fear
အားလုံးက ငါ့ကို ကျောခိုင်းသွားကြပြီ,sadness
ကိုယ်တိုင် ဖန်တီးထားတဲ့ လက်ရာလေးကို သူများတွေက အသိအမှတ်ပြု ချီးကျူးကြတဲ့အခါ တကယ် ပီတိဖြစ်ရတယ်,joy
လာမပွားနဲ့,anger
နည်းနည်းမှကို အဆင်မပြေဘူး,anger
အရာရာက ပုံမှန်အတိုင်း လည်ပတ်နေတာပဲ အေးချမ်းပါတယ်,neutral
စိတ်အပန်းပြေပြေ,neutral
မဆိုင်ရင် ဖယ်နေ,anger
စိတ်ထဲ ပေါ့ပါးသွားတယ်,joy
သစ္စာမရှိတာတွေ,anger
အမြဲတမ်း ပျော်နေမယ်,joy
လုံးဝကို စိတ်လှုပ်ရှားစရာ အခိုက်အတန့်ပဲ,suprise
ဘာမှ အတင်းအကျပ် မလုပ်ဘဲ သဘာဝအတိုင်းပဲ,neutral
သွားပြီ,fear
စိတ်ကို လျှော့ချလိုက်နိုင်ပြီ,neutral
ပျော်စရာကြီး,joy
ငါ့ကို ဘယ်သူမှ အလေးမထားဘူး,sadness
အခက်အခဲတွေ ကြုံနေရချိန်မှာ မမျှော်လင့်ဘဲ ကူညီမယ့်လက်တစ်စုံ ပေါ်လာလို့ ရင်ထဲ လှိုက်လှဲစွာ ဝမ်းသာရတယ်,joy
နောက်တစ်ခါ လာမပြောနဲ့,anger
မောလှပြီ,love
အိပ်မက် တကယ်ဖြစ်လာပြီ,joy
ဘဝမှာ မျှော်လင့်ချက်အသစ်တွေ မြင်လာရလို့ ဝမ်းသာတယ်,joy
စိတ်ကူးတွေပဲ ကျန်ခဲ့တယ်,sadness
မျက်နှာပွင့်လန်း,joy
ညဘက် လေညှင်းခံရင်း ကြယ်တွေ ကြည့်ရတာ စိတ်ကြည်နူးစရာ,joy
သောက်ကျင့် မကောင်းဘူး,anger
လန့်ပြီး ခုန်တက်မိတယ်,fear
ပူပန်မှုတွေ ဝေးပါစေတော့,neutral
အဆင်ပြေပါတယ်လို့ ပြောရတာ ပင်ပန်းလာပြီ,sadness
စိတ်ဓာတ်တွေ တက်ကြွတယ်,neutral
ဟာ... ဝမ်းသာလွန်းလို့ ငိုတောင် ငိုချင်တယ်,suprise
မျက်လုံးမှိတ်လိုက်ရင် တစ်ခုခု ပေါ်လာမလားလို့,fear
အားလုံးက ဘာဖြစ်နေကြတာလဲ,anger
ကြောက်စရာကောင်းလိုက်တာ,fear
အရာရာတိုင်းက ဘာလို့အဆင်မပြေဖြစ်နေရတာလဲ,anger
သက်တောင့်သက်သာ ရှိတယ်,neutral
ဘာကိုမှ မမျှော်လင့်တော့တာ အကောင်းဆုံးပါပဲ,love
မယုံနိုင်လောက်အောင်ကို မိုက်လွန်းတယ်,suprise
အသက်ပြင်းပြင်းရှူပြီး စိတ်ကို လျှော့ချလိုက်တယ်,neutral
ကိုယ့်ဘဝကို ကိုယ်ကျေနပ်မိတယ်,neutral
အထီးကျန်ခြင်းရဲ့ ထောင်ချောက်,sadness
အသက်ရှူရခက်လာပြီ,fear
အပြုံးတုတွေ နောက်ကွယ်က သောက,sadness
ကိုယ်စိုက်ထားတဲ့ အပင်လေးမှာ ပထမဆုံး အသီးလေး သီးလာတာကို မြင်ရတဲ့ အပျော်က တကယ်ကို ထူးခြားတယ်,joy
စိတ်ထဲမှာ ဘာအမုန်းတရားမှ မရှိဘဲ အရာရာကို မေတ္တာမျက်စိနဲ့ ကြည့်နိုင်လို့ စိတ်အေးချမ်းနေတဲ့နေ့,joy
သွားစမ်းပါ,anger
ဘာအပူအပင်မှ မရှိဘဲ စိတ်အေးချမ်းသာစွာနဲ့ သဘာဝတရားရဲ့ အလှအပကို ခံစားနေရတဲ့ မိနစ်တိုင်းက အဖိုးတန်တယ်,joy
အချိန်ဖြုန်းနေတာ,anger
ကိုယ့်ကိုယ်ကိုယ် ဂုဏ်ယူမိတဲ့ နေ့တစ်နေ့ပဲ,joy
သူငယ်ချင်းဟောင်းတွေနဲ့ စကားပြောရတာ စိတ်ပေါ့ပါးတယ်,neutral
အမြင်ကတ်ဖို့ကောင်းတယ်,anger
အပျော်တွေ ဝေဆာ,joy
ကိုယ်ချစ်ရတဲ့သူဆီကနေ ရုတ်တရက် ဖုန်းကောလ်လေး ဝင်လာတဲ့အခါ,joy
အနားမကပ်ရဲဘူး,fear
အပျော်တွေ ကူး,joy
ဟာ... ဖြစ်နိုင်လို့လား၊ တကယ်ကြီးပဲလား,suprise
သီချင်းအေးအေးလေး နားထောင်ရင်း စိတ်ကို လွှတ်ထားလိုက်တယ်,neutral
အရာရာကို အချိန်လေး ပေးလိုက်တာ,neutral
လွတ်လပ်သွားပြီ,neutral
စိတ်မရှည်တော့ဘူး,anger
နောင်ရေးအတွက် ဘာမှ သေချာရေရာတာမရှိတဲ့ အခါမျိုးမှာ စိုးရိမ်စိတ်တွေက တားမရဆီးမရ ဝင်လာတတ်စမြဲပဲ,fear
ပျော်စရာဆိုတာ ဘာလဲ မေ့နေပြီ,love
အမှားတစ်ခုခု လုပ်မိမှာကို အရမ်းစိုးရိမ်တယ်,fear
ငါ့ကိစ္စ ငါသိတယ်,anger
အရာရာကို မေ့ပစ်ချင်တယ်,sadness
တကယ့်ကို ကံကောင်းတာပဲ,joy
ရုတ်တရက်ကြီးဆိုတော့ ရင်ထဲမှာ ဒိန်းခနဲ ဖြစ်သွားတာပဲ,suprise
လမ်းလျှောက်ရလို့ ပျော်တယ်,joy
စိတ်ရွှင်လန်းနေတာ,joy
မနက်ခင်း နေရောင်ခြည်နွေးနွေးလေး အောက်မှာ သစ်ရွက်စိမ်းစိမ်းလေးတွေကို ငေးကြည့်ရင်း အသက်ရှူရတာ တကယ့်ကို လတ်ဆတ်တယ်,neutral
ညဘက် အပြင်ထွက်ရမှာ ကြောက်တယ်,fear
ဇိမ်ရှိလိုက်တာ,neutral
နှုတ်ဆက်ခြင်းမရှိဘဲ ဝေးကွာသွားခဲ့ကြတယ်,love
စိတ်အာရုံတွေ အားလုံး လန်းဆန်း တက်ကြွနေတယ်,neutral
လူကို စိတ်တိုအောင် လာမလုပ်နဲ့,anger
သစ်ပင်ရိပ်အောက်မှာ နားရတာ တကယ်အေးချမ်းတယ်,neutral
အားကိုးရာမဲ့တဲ့ ခံစားချက်,sadness
စိတ်ထဲ ပေါ့ပါးသွားတာ ခံစားရတယ်,neutral
ပေါ့ပါးချက်,joy
မှားသွားမှာကို သေလုမတတ် ကြောက်တာ,fear
ရင်ထဲ ရှင်းလင်းတယ်,neutral
အမြင့်တက်ရင် ကြောက်တယ်,fear
လျှပ်စီးလက်တာ မြင်ရင် ရင်တုန်တယ်,fear
ကိုယ့်ကိုယ်ကိုယ် ပြန်ကြည့်ဦး,anger
တော်လောက်ပြီ,anger
မီးမပိတ်ပါနဲ့,fear
ဝိုး... ဘာကြီးလဲဟ၊ မိုက်လိုက်တာ,suprise
ဘာမှ ဖြစ်မြောက်အောင် မလုပ်နိုင်ဘူး,anger
ဘယ်သူ့ကိုမှ မပြောပြချင်တဲ့ စိတ်ဒဏ်ရာ,sadness
ဘယ်လိုမှ မထင်ထားတဲ့အချိန်မှာ ဖြစ်သွားတာ,suprise
ခေါင်းနားပန်းကြီးသွားတာပဲ,fear
လုံးဝကို မလုပ်ချင်တော့ဘူး,anger
တစ်ယောက်တည်း ကြိတ်ငိုရတဲ့ အချိန်တွေ,love
စိမ်းစိုနေတဲ့ တောင်တန်းကြီးတွေကို ငေးကြည့်ရင်း လူဆိုတာ သဘာဝတရားရဲ့ အစိတ်အပိုင်းတစ်ခုပဲဆိုတာ တွေးမိပြီး စိတ်အေးရတယ်,neutral
သည်းခံနိုင်စွမ်း ကုန်ပြီ,anger
သူ့မျက်နှာကြီး ကြည့်ရတာ ကြောက်စရာကြီး,fear
အရယ်မောနိုင်ဆုံးနေ့,joy
အံ့ဩလွန်းလို့ အားလုံးကို ငေးကြည့်နေမိတယ်,suprise
လူတွေကြားထဲမှာ ပိုပြီးအထီးကျန်ဆန်လာတယ်,sadness
အလုပ်ကအပြန် ဘတ်စ်ကားပေါ်မှာ ထိုင်ခုံအလွတ်ရလို့ ကံကောင်းတဲ့နေ့,joy
စိတ်မပူနဲ့တော့,neutral
ငါ့ကို ဘယ်သူမှ ဂရုမစိုက်ကြပါဘူး,sadness
အချည်းနှီးပါပဲ,love
ဘာမှလည်း အသုံးမကျဘူး,anger
အဓိပ္ပာယ်မရှိတာကို အတင်းလုပ်နေတယ်,anger
ကြောက်စရာကြီး,fear
တံခါးသံကြီးကလည်း,fear
လေယာဉ်စီးရမှာ ကြောက်တယ်,fear
ဟယ်... တကယ်ကြီး ဖြစ်လာတာပဲလား,suprise
သာယာလိုက်တဲ့နေ့လေး,joy
ဝါး... လုံးဝကို စပယ်ရှယ်ကြီးပဲ,suprise
မုန်တိုင်းသံကြီးကြားရတာ ရင်တုန်စရာ,fear
တစ်ယောက်တည်း အပြင်ထွက်ရမှာကို မရဲဘူး,fear
ကိုယ်ကြိုက်တဲ့ ရုပ်ရှင်အသစ်လေး ထွက်လာလို့ စိတ်လှုပ်ရှားနေတာ,joy
နားမထောင်ချင်ဘူး,anger
ဘာတွေလဲဟ,anger
အေးအေးဆေးဆေး စာဖတ်နေတာ,neutral
ပါးစပ်ပိတ်ထား,anger
ရေနွေးကြမ်းလေး သောက်ရင်း စိတ်အပန်းဖြေနေတာ,neutral
စိတ်ထဲမှာ တည်ငြိမ်ပြီး အေးချမ်းနေတာ,neutral
စိတ်လက်ပေါ့ပါး,joy
မျက်ရည်တွေက အလိုလို စီးကျလာတယ်,sadness
အောက်ချေမခိုင်တော့သလိုပဲ,fear
ရွံစရာကောင်းတဲ့ သောက်ကျင့်,anger
အလုပ်ပြီးလို့ ပျော်တယ်,joy
ဖုန်းသံမြည်လာရင် တုန်လှုပ်သွားတတ်တယ်,fear
လူကို ကစားနေတာလား,anger
အေးချမ်းတဲ့ ခံစားချက်လေး,neutral
အေးဆေးတည်ငြိမ်တဲ့ စိတ်နေစိတ်ထား,neutral
ခံစားချက်တွေကို ဖျောက်ဖျက်ပစ်ချင်မိတယ်,sadness
စိတ်ပျော်စရာကောင်းတယ်,neutral
လုံးဝကို စိတ်လှုပ်ရှားစရာ ကောင်းလွန်းတဲ့ Surprise ကြီး,suprise
တိတ်ဆိတ်ခြင်းရဲ့ အော်ဟစ်သံ,sadness
လူလိမ်,anger
မိုးကြိုးပစ်သံကြောင့် လန့်အော်မိတာ,fear
ဟယ်... အံ့ဩဖို့ကောင်းလိုက်တာ,suprise
ဘာဟန်ဆောင်မှုမှ မလိုဘဲ ကိုယ့်ရဲ့ တကယ့် ပကတိအတိုင်း နေထိုင်ခွင့်ရတဲ့ ပတ်ဝန်းကျင်မှာ ရှိနေရတာ စိတ်အချရဆုံးပါပဲ,neutral
စိတ်ထဲ အေးသွားတာပဲ,neutral
ကိုယ့်အရှိန်နဲ့ကိုယ် သွားနေတာ,neutral
စိတ်ကြိုက်ပဲ,joy
ဘာဖိအားမှ မရှိဘဲ ကိုယ့်အလုပ်ကိုယ် လုပ်ရတာ ဇိမ်ပဲ,neutral
အပြောနဲ့ အလုပ် မညီတာတွေ စိတ်ကုန်တယ်,anger
မင်း ဘာတတ်နိုင်လို့လဲ,anger
မျက်လုံးကိုတောင် ပွတ်ပြီး ပြန်ကြည့်ရတယ်,suprise
နားလည်အောင် ပြောတာကို မရဘူး,anger
ပျောက်ဆုံးသွားတဲ့ ပျော်ရွှင်မှုများ,sadness
အရာရာကို ခွင့်လွှတ်လိုက်တာ စိတ်အေးတယ်,neutral
ရေချိုးပြီးခါစမှာ ရင်ထဲ လန်းဆန်းပြီး ပေါ့ပါးသွားတဲ့ ခံစားချက်,joy
စကားနာမလာနဲ့,anger
လုံးဝကို အံ့ဩမှင်သက်စရာ ကောင်းလွန်းတယ်,suprise
ကြက်သီးထသွားတယ်,fear
မထင်မှတ်ထားတဲ့ ရလဒ်ကြောင့် စိတ်လှုပ်ရှားနေရတယ်,suprise
မျှော်လင့်ချက်တွေ အကုန် တစ်စစီ ကြွေလွင့်သွားတဲ့ ည,love
ဒီအတိုင်း အရာရာကို မေ့ပစ်လိုက်ချင်တော့တယ်,love
ပေါ့ပါးသွား,joy
စင်ပေါ်တက် စကားပြောရမှာ ကြောက်တယ်,fear
စိတ်ကုန်စရာတွေချည်းပဲ,anger
ရင်ခုန်သံတွေ ဆူညံသွားရတဲ့ Surprise မျိုးပဲ,suprise
အိုကေစိုပြေ,joy
မကောင်းတဲ့ သတင်းတစ်ခုခု ကြားရတော့မလားဆိုပြီး ဖုန်းလာတိုင်း ရင်တထိတ်ထိတ်နဲ့ ကိုင်နေရတယ်,fear
အပယ်ခံရမှာကို ကြောက်တယ်,fear
တော်တော်လွန်သွားပြီ,anger
ဝမ်းမြောက်,joy
နေသာလို့ ပျော်တယ်,joy
ဘာမှ မျှော်လင့်မထားတော့လို့ ပေါ့ပါးတယ်,neutral
နားလည်ပေးမယ့်သူ တစ်ယောက်မှ မရှိတဲ့ ဘဝ,love
အားလုံးပြီးပြီ,joy
အေးအေးလူလူပဲ,neutral
စကားလာမများနဲ့,anger
စိတ်ပျက်အားငယ်ခြင်း,sadness
တစ်ယောက်တည်း မနေရဲဘူး,fear
ဝင်မပါနဲ့,anger
ညဉ့်နက်မှ တိတ်ဆိတ်တာကို သဘောကျတယ်,neutral
သစ္စာဖောက်ခံရခြင်းရဲ့ အရသာ,sadness
ခွင့်လွှတ်ပေးဖို့ တောင်းပန်ရတာလည်း အမော,love
ငါ့ရဲ့ တန်ဖိုးက ဒီလောက်ပဲလား,love
ခပ်ဝေးဝေးမှာ နေစမ်းပါ,anger
ကြောက်စိတ်တွေ ရှိနေမှာကို ကြောက်တယ်,fear
စိတ်ထဲ နေလို့ကောင်းတဲ့ နေ့တစ်နေ့,neutral
အဆင်ပြေသွားပြီ,joy
ကောင်းလိုက်တဲ့ သတင်း,joy
အရာရာ အဆင်ပြေတယ်,joy
စိတ်အဆိပ်တက်တယ်,anger
ရင်ထဲမှာ မြိုသိပ်ထားရတဲ့ မျက်ရည်တွေက ပိုပြီးပူလောင်တယ်,sadness
အမှောင်ထဲမှာ တစ်ယောက်တည်း ရှိနေတဲ့အချိန် ဘာမဟုတ်တဲ့ အသံလေး ကြားရင်တောင် သွေးပျက်မတတ် လန့်သွားတတ်တယ်,fear
အထီးကျန်ခြင်းတွေ စုပြုံနေတဲ့ အခန်းလေး,love
အရင်လို ပြန်မဖြစ်နိုင်တော့တဲ့ ဆက်ဆံရေးတစ်ခုကို ငေးကြည့်နေရတာ ရင်နာဖို့ကောင်းလိုက်တာ,sadness
နာကျင်မှုတွေက အသားကျနေပြီ,sadness
ဘာကိုမှ မပြောင်းလဲနိုင်ခဲ့ဘူး,sadness
ဒီနေ့တော့ ရှယ်ပဲ,joy
လာမဆရာလုပ်နဲ့,anger
တံခါးကို ဘယ်သူလာခေါက်မှန်းမသိတဲ့ ညဉ့်နက်သန်းခေါင်ယံအချိန်တွေက တကယ်ကို တုန်လှုပ်ခြောက်ခြားစရာပဲ,fear
စိတ်အေးရပြီ,joy
ရင်ထဲမှာ မွန်းကြပ်နေတယ်,love
မိသားစုအားလုံး စုံစုံလင်လင်နဲ့ ထမင်းဝိုင်းမှာ တပျော်တပါး စားသောက်ရတဲ့အချိန်က အကောင်းဆုံးပဲ,joy
အေးချမ်းတဲ့ ည,neutral
ရင်တလှိတ်လှိတ်နဲ့,fear
ငါက အမြဲတမ်း အပိုလူပဲ,love
ရင်ထဲ နွေးထွေးသွားတယ်,joy
အပြောပဲ ရှိတာ,anger
အနာဂတ်အတွက်လည်း အေးဆေးပဲ ရင်ဆိုင်သွားမယ်,neutral
ရိုးရိုးရှင်းရှင်းလေးပဲ,neutral
စိတ်ဆိုးနေပြီ,anger
မျက်စိထဲ ကန့်လန့်ကြီး,anger
အိပ်မက်ဆိုးတွေကနေ နိုးမလာမှာ ကြောက်တယ်,fear
ဘုရားရေ... ဒါ တကယ်ကြီး ဖြစ်ပျက်နေတာလား,suprise
စိတ်ရှုပ်စရာတွေ,anger
မျှော်လင့်ချက်မဲ့မှာကို ကြောက်တယ်,fear
အောင်ပွဲပဲဟေ့,joy
စိတ်တိုစရာကောင်းအောင် တမင်လုပ်နေတာ,anger
ရေချိုးရလို့ ပျော်တယ်,joy
ကံကောင်းခြင်းတွေပဲ,joy
သဘာဝအတိုင်းပဲ ဖြတ်သန်းသွားမယ်,neutral
ပေါက်ကွဲတော့မယ်,anger
အစီအစဉ်မရှိတာတွေ,anger
လန့်သွားတာပဲ,fear
အရာရာက ငါ့အမှားတွေချည်းပဲ,love
ရင်ထဲမှာ အေးချမ်းပြီး ဘာလိုလိုနဲ့ ပြုံးနေမိတယ်,joy
စိတ်ဓာတ်တွေ ပြိုလဲသွားတဲ့ ည,love
အကောင်းဆုံးနေ့မို့ ပျော်တယ်,joy
ရင်ထဲ တဒိန်းဒိန်းနဲ့,fear
လန့်ဖျတ်သွားတာပဲ,fear
ဘာလို့ အမြဲတမ်း ငါပဲ ခံစားရလဲ,love
မျက်နှာကို မမြင်ချင်ဘူး,anger
ကားပိတ်တဲ့အချိန်မှာ ကိုယ်သွားမယ့်ဘက်က လမ်းပွင့်နေတာမျိုး,joy
တစ်ခုခု ဆုံးရှုံးရမှာကို တွေးပြီး ကြောက်တယ်,fear
အရမ်းပျော်တာပဲ,joy
ဒေါသသံတွေကို ကြောက်တယ်,fear
ဒီနေ့တော့ စိတ်ရောကိုယ်ပါ အနားရတဲ့နေ့,neutral
ဘာမှလာမတောင်းဆိုနဲ့,anger
စိတ်လက်ပေါ့ပါးစွာနဲ့,neutral
စိတ်ထဲမှာ ဗြုန်းခနဲ ထူးခြားသွားတာပဲ,suprise
မထင်မှတ်ထားဘဲ ဖြစ်သွားတော့ ရင်တွေတောင် တုန်တယ်,suprise
ဘာမှ တန်ဖိုးမရှိဘူး,anger
ဝါး... လုံးဝ မထင်ထားတဲ့ လှည့်ကွက်ပဲ,suprise
နှစ်ပေါင်းများစွာ ကြိုးစားအားထုတ်ခဲ့ရတဲ့ ရလဒ်တွေက အခုတော့ အောင်အောင်မြင်မြင်နဲ့ အသီးအပွင့် ခံစားရပြီ,joy
စိတ်ထဲ ပေါ့သွားပြီ,neutral
တကယ် အဆင်ပြေတယ်,joy
အိမ်မက်ဆိုးတွေထဲကလိုပဲ တကယ့်လက်တွေ့မှာ ဖြစ်လာခဲ့ရင် ငါ ဘယ်လိုရင်ဆိုင်ရမလဲ တွေးရင်း ကြောက်နေမိတယ်,fear
ခွဲခွာရမှာကို ကြောက်တယ်,fear
မင်းကို မေးနေလို့လား,anger
အမြဲတမ်း နောက်ကျနေခဲ့တယ်,sadness
ကိုယ်ပိုင် အချိန်လေးတစ်ခုကို စိတ်အေးလက်အေး ဖြတ်သန်းရတဲ့နေ့,joy
စိတ်ချမ်းမြေ့,joy
ကိုယ့်လမ်းကိုယ်သွားစမ်းပါ,anger
အရာရာက ပျက်စီးသွားပြီ,sadness
အောင်ပွဲခံပြီ,joy
အံ့ဩလွန်းလို့ စကားလုံးတွေတောင် ပျောက်ရှကုန်ပြီ,suprise
သဘာဝအတိုင်းပဲ ဖြစ်ပါစေ,neutral
ကြောက်စိတ်က ငယ်ထိပ်ရောက်တယ်,fear
ညဘက် လသာသာမှာ ကဗျာလေးဖတ်၊ သီချင်းလေးနားထောင်ရင်း စိတ်ကူးယဉ်ရတာ တကယ့်ကို သာယာကြည်နူးစရာပဲ,joy
စိတ်အေးချမ်းစွာ အိပ်စက်ပါပြီ,neutral
စိတ်ထဲ လွတ်လပ်သွားပြီ,neutral
ကော်ဖီနံ့သင်းသင်းလေးက မနက်ခင်းကို လန်းဆန်းစေတယ်,neutral
အလိုမကျဘူး,anger
အင်တာနက် လိုင်းကောင်းလွန်းလို့ အလုပ်တွေ အမြန်ပြီးသွားတဲ့နေ့,joy
စကားတွေ ရှည်မနေနဲ့,anger
မယုံနိုင်စရာ ကောင်းလောက်အောင် ထူးခြားတဲ့ နေ့တစ်နေ့,suprise
ဖုန်းလာလို့ ပျော်တယ်,joy
ဟား... ဒါမျိုးကျတော့လည်း မဆိုးဘူးပဲ,suprise
အသိဉာဏ်မရှိတာ စိတ်ပျက်ဖို့ကောင်းတယ်,anger
အံ့ဩစရာ ကောင်းလောက်အောင် ထူးခြားနေတယ်,suprise
အထီးကျန်စွာနဲ့ ရုန်းကန်ခြင်း,sadness
ပြုံးမိပြီ,joy
အေးဆေးပဲပေါ့,neutral
အနာဂတ်အတွက် တွေးမိတိုင်း ရင်တုန်ရတယ်,fear
နားညည်းတယ်,anger
ဝါး... ဒါမျိုးကျတော့လည်း ရင်ခုန်ရတာ တန်တာပေါ့,suprise
မျက်နှာသာ ပေးထားလို့,anger
ဘဝက ရိုးရိုးရှင်းရှင်းလေးတင် လှပါတယ်,neutral
ငါ့ရဲ့ လျှို့ဝှက်ချက်တွေကို သူများတွေ သိသွားမှာကို တွေးမိတိုင်း ရင်ထဲ တဒိန်းဒိန်း ခုန်ပြီး ကြောက်လန့်နေမိတယ်,fear
ကိုယ်ချစ်ရတဲ့သူက ကိုယ့်မျက်လုံးကို ကြည့်ပြီး ပြုံးပြလိုက်တဲ့ စက္ကန့်လေးမှာတင် အရာရာ ပြည့်စုံသွားသလိုပဲ,joy
ပင်ပန်းလွန်းလို့ အိပ်ပျော်သွားချင်ပြီ,sadness
သောက်ကျင့်ကိုမကောင်းတာ,anger
အရာရာကို အကောင်းဆုံး ဖြတ်သန်းမယ်,neutral
သာယာတဲ့ နေ့လေး,neutral
ကြည့်ရတာနဲ့တင် ဒေါသထွက်တယ်,anger
အရာရာက မှုန်မှိုင်းနေတာပဲ,love
ရုတ်တရက် ကမ္ဘာကြီး ပျက်စီးသွားမလားဆိုတဲ့ အတွေးဆန်းတွေ ဝင်လာပြီး ကြောက်လန့်နေမိတာ,fear
အမှောင်ထုထဲမှာ တစ်ယောက်တည်း,sadness
စိတ်ဓာတ်တွေ အောက်ခြေအထိ ထိုးကျသွားတဲ့နေ့,love
အိပ်လို့ကောင်းတော့မယ်,neutral
စိတ်အေးရတဲ့ ခံစားချက်က အကောင်းဆုံး,neutral
မြင်ရတာတင် စိတ်ရှုပ်ဖို့ကောင်းတယ်,anger
နေ့ရက်တိုင်းက မှောင်မိုက်နေတယ်,sadness
စကားလုံးမရှိတဲ့ ဝမ်းနည်းမှု,sadness
အဆင်ပြေချက်,joy
ဟာ... တကယ်ကို မထင်ထားဘူး,suprise
အိပ်ရေးဝလို့ ပျော်တယ်,joy
ကြည်နူးမှု အပြည့်,joy
အားလုံးက အတုအယောင်တွေပဲ,sadness
သူတစ်ပါးကို ကူညီလိုက်ရလို့ စိတ်ထဲ ကြည်နူးရတယ်,neutral
မျှော်လင့်ချက်မဲ့ခြင်းရဲ့ အရသာ,love
စောက်သုံးကိုမကျဘူး,anger
အချိန်တွေ အေးအေးဆေးဆေး ကုန်ဆုံးသွားတာ သဘောကျတယ်,neutral
ကြည်ကြည်လင်လင်,joy
စိတ်အမောတွေနဲ့ပဲ နေ့ရက်တိုင်း ကုန်ဆုံးတယ်,love
စိတ်အနှောင့်အယှက် ပေးတာ ဝါသနာပါနေလား,anger
ကိုယ်နှစ်သက်တဲ့ အနုပညာ အလုပ်တစ်ခုကို စိတ်ရောကိုယ်ပါ နှစ်မြှုပ်ပြီး လုပ်ခွင့်ရတာ တကယ့် ပျော်ရွှင်မှုပဲ,joy
စိတ်လက်အေးချမ်းစွာနဲ့,neutral
တိတ်ဆိတ်မှုက ငါ့ကို ကြောက်စေတယ်,fear
အရာရာက ကမောက်ကမတွေ ဖြစ်ကုန်ပြီ,sadness
အံ့ဩလွန်းလို့ ရင်ဘတ်ကို လက်နဲ့တောင် ဖိထားရတယ်,suprise
အို... ဒါ တကယ့်ကို အံ့ဩစရာပဲ,suprise
ဒီအတိုင်းကြီး ရှုံးနိမ့်သွားမှာကို မလိုလားဘူး,fear
စိတ်တိုင်းကျလို့ ပျော်တယ်,joy
ဝိုး... ဒါကြီးကတော့ တကယ်ကို မိုက်လွန်းတယ်,suprise
ဝါး... ဘယ်လိုမှ တွေးမထားမိတဲ့ အရာမျိုးပဲ,suprise
ဟာ... လုံးဝကို Perfect ပဲ၊ အံ့ဩရတယ်,suprise
အသက်ရှူရပ်မတတ်ပဲ,fear
အံ့ဩလွန်းလို့ အော်တောင် အော်မိတယ်,suprise
ကိုယ့်ကိုယ်ကိုယ် ကျေနပ်တဲ့နေ့,neutral
ပေါ့ပေါ့ပါးပါးပါပဲ,neutral
ဒီနေ့ ရာသီဥတုက အေးမြတယ်,neutral
ဘဝပျက်မှာကို ကြောက်တယ်,fear
မခံနိုင်တော့ဘူး,anger
ပြောမရဆိုမရ,anger
ဒါမှ ငါ့နေ့,joy
အပင်လေးတွေပွင့်လို့ ပျော်တယ်,joy
ရင်တုန်လိုက်တာ,fear
လမ်းမှာ ခွေးပေါက်စလေးတွေ ဆော့နေတာ မြင်ပြီး အလိုလို ပြုံးမိတာ,joy
ကလေးလို စိတ်ပေါ့ပါးနေတာ,neutral
စိတ်မရှည်တော့ဘူးလို့ ပြောနေတယ်လေ,anger
မျှော်လင့်ရတာ ပင်ပန်းလွန်းလို့,love
အားလုံးက ငါ့ကို စွန့်ပစ်သွားကြတာ,love
သွေးမြင်ရင် လန့်တတ်တယ်,fear
ငါ့ဘဝလေးက ရိုးရိုးရှင်းရှင်းနဲ့ ပျော်ဖို့ကောင်းပါတယ်,joy
ဘာလုပ်လုပ် အလွဲလွဲအချော်ချော်တွေ,anger
အားကိုးရာမဲ့သွားမှာကို အကြောက်ဆုံးပဲ,fear
ကူညီမယ့်သူမရှိမှာကို ကြောက်တယ်,fear
အေးချမ်းလိုက်တာ,joy
တံခါးခေါက်သံက လန့်စရာ,fear
စိတ်ထဲမှာ ပေါ့ပါးလွန်းလို့,neutral
သွေးလန့်သွားတယ်,fear
ကိုယ့်အိမ်လေးက အအေးချမ်းဆုံး,neutral
အရာရာကို အရှုံးပေးလိုက်ပါပြီ,love
ဘာမှ လောစရာမရှိ,neutral
လောကကြီးရဲ့ ရုန်းကန်လှုပ်ရှားမှုတွေကြားကနေ ခဏတာ ခွဲထွက်ပြီး ကိုယ်ပိုင် အခန်းလေးထဲမှာ အေးအေးဆေးဆေး နားနေရတာ အကောင်းဆုံးပဲ,neutral
နှလုံးသားက တိတ်တဆိတ် သွေးစိမ်းရှင်ရှင်ယိုနေသလိုပဲ,love
လုံးဝကို မျှော်လင့်မထားတဲ့ အလှည့်အပြောင်းပဲဗျာ,suprise
အိပ်ရေးဝဝ အိပ်လိုက်ရတာ တကယ့် အကောင်းဆုံး,neutral
အောင်ပွဲခံ,joy
အဆင်မပြေမှုတွေနဲ့ပဲ အသားကျနေပါပြီ,love
ဝါး... ဒါကတော့ လုံးဝကို Surprise အစစ်ပဲ,suprise
စိတ်ချမ်းသာလိုက်တာ,joy
ဘယ်လိုကြီးလဲ... မခန့်မှန်းနိုင်အောင် ကောင်းလွန်းတယ်,suprise
မထင်မှတ်ဘဲ ကံကောင်းသွားတဲ့အခါ ခံစားရတဲ့ အံ့ဩမှုမျိုး,suprise
ကလေးတွေ ဆော့ကစားနေတာ ကြည့်ပြီး စိတ်ချမ်းသာရတယ်,neutral
တကယ့်ကို မမျှော်လင့်ဘဲ ရလိုက်တဲ့ လက်ဆောင်ပဲ,suprise
ကားမပိတ်လို့ ပျော်တယ်,joy
စိတ်ပူစရာတွေကို လွှတ်ချလိုက်နိုင်ပြီ,neutral
အိုမိုင်ဂေါ့... တကယ်ကြီး ဖြစ်သွားပြီ,suprise
အပျော်ဆုံး အချိန်,joy
မယုံနိုင်စရာ ကောင်းလောက်အောင် ပြီးပြည့်စုံနေတယ်,suprise
သောက်ဖတ်ကိုမလုပ်တာ,anger
ညဘက် လသာတာကို ငေးကြည့်ရတာ စိတ်ကြည်နူးစရာ,neutral
သေရမှာကို ကြောက်တယ်,fear
မျက်ရည်တွေက ငါ့ရဲ့ အရင်းနှီးဆုံး သူငယ်ချင်း ဖြစ်လာတယ်,love
အချိန်တွေက ဒဏ်ရာကို ကုမပေးနိုင်ပါဘူး,sadness
မျက်စိနောက်တယ်,anger
လုပ်စရာစာရင်းထဲက အလုပ်တွေကို တစ်ခုပြီးတစ်ခု အမှန်ခြစ်ပြီး အကျိုးရှိတဲ့နေ့တစ်နေ့,joy
ကမ်းခြေမှာ လေညင်းခံရတာ စိတ်ထဲ ပေါ့ပါးသွားစေတယ်,neutral
သတိရရုံကလွဲလို့ ဘာမှမလုပ်နိုင်တော့ဘူး,sadness
ပုန်းနေလိုက်မယ်,fear
အိုမင်းရမှာကို ကြောက်တယ်,fear
နားငြီးတယ်,anger
ခွင့်လွှတ်ဖို့ ခက်ခဲလွန်းတဲ့ အမှားတွေ,sadness
နာကျင်ရလွန်းလို့ အသက်ရှူဖို့တောင် မေ့ချင်တယ်,love
ဒီနေ့တော့ ကိုယ့်စိတ်လေးက ငြိမ်သက်နေတယ်,neutral
အားလုံးက ပုံမှန်အတိုင်း အဆင်ပြေနေတာ,neutral
မေ့လျော့ခံရမှာကို ကြောက်တယ်,fear
ကြောက်လွန်းလို့ စကားတောင် မနည်းပြောနေရတယ်,fear
စိတ်မကျဉ်းကျပ်တော့ဘူး,neutral
အေးအေးဆေးဆေးနဲ့ ပြီးပြည့်စုံတယ်,neutral
အရာရာ အဆင်ပြေတယ်,neutral
အားလုံးက ရိုးအီသွားပြီ,love
အိမ်မှာနားရလို့ ပျော်တယ်,joy
စိတ်ရှုပ်အောင် လာမလုပ်နဲ့,anger
စိတ်တိုရလွန်းလို့ သွေးတိုးတယ်,anger
လုံးဝ စိတ်မရှည်တော့ဘူး,anger
အခုချက်ချင်း ထွက်သွား,anger
မင်း ကြောင့် ဖြစ်ရတာ,anger
အလကားပါပဲ,love
စိတ်ပျက်စရာကြီးကွာ,anger
စိတ်လက်ပေါ့ပါးစွာ ဖြတ်သန်းနေတာ,neutral
ဆေးထိုးအပ် မြင်တာနဲ့တင် အသားတွေ တုန်လာပြီ,fear
ရင်ထဲက ပျော်ရွှင်မှုတွေက မျက်လုံးထဲအထိ ပေါ်လွင်နေတယ်,joy
ကြောက်လို့ပါ,fear
ခက်ခဲတဲ့ စိန်ခေါ်မှုတွေကို ရင်ဆိုင်ကျော်ဖြတ်ပြီးတဲ့နောက် ရရှိလာတဲ့ အောင်မြင်မှုက ပိုပြီး ချိုမြိန်လှပါတယ်,joy
လောလောဆယ် အချိန်လေးမှာပဲ အာရုံစိုက်နေတာ,neutral
ညနေခင်းက သာယာတယ်,neutral
ဘာလို့ အမြဲတမ်း ငါ့ကိုပဲ လာလုပ်နေကြတာလဲ,anger
အကုန်လွဲနေတာပဲ,anger
နှုတ်ဆိတ်ခြင်းက ပိုပြီး နာကျင်ရတယ်,sadness
လေပြေလေးက တိုက်လို့,neutral
စိတ်အာရုံ နောက်တယ်,anger
စိတ်ကျေနပ်တယ်,joy
ဘုရားရေ... ဒါ အစစ်အမှန်ကြီးလား,suprise
ရင်ဘတ်ကြီး တုန်လိုက်တာ,fear
ရင်ထဲမှာ ရှင်းလင်းတောက်ပနေတာ,neutral
အေးချမ်းလိုက်တာ,neutral
အမြင့်ရောက်ရင် ခေါင်းတွေ မူးပြီး ကြောက်လာတာ,fear
သက်သာရာရသွားပြီ,neutral
သတင်းဆိုး ကြားရမှာ ကြောက်တယ်,fear
ဒီနေရာကြီးက တစ်မျိုးကြီးပဲ ခြောက်ခြားစရာ,fear
စိတ်ထဲ ရှင်းသွားတာပဲ,neutral
ဟာ... တကယ်ကြီးလား!,suprise
တိတ်ဆိတ်လွန်းတဲ့ ညက ပိုပြီး ကြောက်ဖို့ကောင်းတယ်,fear
မနက်ခင်း ငှက်ကလေးတွေရဲ့ တေးဆိုသံကို ကြားရတာတင် ဘဝကို ပိုပြီး ချစ်မြတ်နိုးလာစေတယ်,joy
အဆင်ပြေပြေ ပြီးသွားပြီ,joy
အမလေး... အံ့ဩလွန်းလို့ အော်တောင် အော်မိတယ်,suprise
ရင်ခုန်သံတွေ မြန်လာပြီ,fear
အနားရလို့ ပျော်တယ်,joy
အဆိပ်ရှိတဲ့ သတ္တဝါတွေ မြင်ရင် သွေးပျက်တယ်,fear
သီချင်းအေးအေးလေး နားထောင်ရင်း လမ်းလျှောက်ရတာ စိတ်ချမ်းသာဖို့ကောင်းတယ်,joy
နောက်ကျကျန်ခဲ့မှာကို ကြောက်တယ်,fear
ချစ်ခြင်းမေတ္တာတွေ ကြားမှာ ရှင်သန်ရတာ တကယ့်ကို ပျော်စရာ,joy
မျှော်လင့်ထားသလို ဖြစ်လာပြီ,joy
စိတ်အေးချမ်းမှုအပြည့်ရှိတဲ့ နေ့တစ်နေ့,neutral
ခက်ခဲတဲ့ အလုပ်တစ်ခုကို ကိုယ့်အားကိုယ်ကိုးပြီး အောင်အောင်မြင်မြင် ပြီးမြောက်သွားတာ,joy
ကိုယ့်စိတ်ကိုယ် ပြန်သိရတာ အေးချမ်းတယ်,neutral
စိတ်ချမ်းမြေ့စရာပဲ,joy
စိတ်ကြည်လင်သွားတယ်,neutral
လန်းဆန်းတဲ့ မနက်ခင်း,neutral
ဘာအာဏာရှိလို့လဲ,anger
ဝမ်းသာလိုက်တာ,joy
ကမ္ဘာပေါ်မှာ အမုန်းဆုံးပဲ,anger
ငယ်ငယ်က အိပ်မက်ခဲ့တဲ့ နေရာလေးကို အခုလို ကိုယ်တိုင် ရောက်ရှိလာရတော့ ရင်ထဲမှာ အတိုင်းမသိ ပျော်မိတယ်,joy
အော်လိုက်ရမလား,fear
အံ့ဩစရာတွေချည်း ဆက်တိုက်ဖြစ်နေလို့ ရင်ခုန်နေရတယ်,suprise
ဒီလူနဲ့ ဝေးသွားမှာကို သေမတတ် ကြောက်တာ,fear
ဒီနေ့တော့ စိတ်ညစ်စရာ အားလုံးကို မေ့ထားပြီး ပျော်ပျော်ရွှင်ရွှင် နေမယ်,joy
ကြယ်တွေကြည့်ရလို့ ပျော်တယ်,joy
စာမေးပွဲအောင်လို့ ပျော်တယ်,joy
အချိန်တွေ အနောက်ကို ပြန်ရချင်မိတယ်,sadness
လေညင်းလေးက တိုးဝှေ့သွားတယ်,neutral
အမှားလုပ်မိမှာကို အမြဲ ကြောက်တယ်,fear
ပျော်ရွှင်ရမယ့် အလှည့်က ငါ့ဆီ ဘယ်တော့မှ ရောက်မလာဘူး,love
ငါ့ရဲ့ ဖြစ်တည်မှုကို မုန်းတီးမိတယ်,sadness
စိတ်အေးချမ်းချက်,joy
မင်း ဘာသိလို့လဲ,anger
အိပ်မပျော်တဲ့ ညတွေ အလီလီ ကုန်လွန်လို့,love
အပူအပင်ဝေး,joy
မိုးရေထဲမှာ ငိုရတာ မျက်ရည်မမြင်ရလို့ အဆင်ပြေတယ်,love
ဝိုး... လုံးဝအလန်းစားပဲ,suprise
ကိုယ့်အိမ်ကိုယ်ပြန်ရောက်တဲ့ ခံစားချက်က အကောင်းဆုံးပဲ,neutral
ဘုရားရေ... ဒါမျိုးလည်း ရှိနိုင်တာပဲလား,suprise
ဆရာဝန်က ရောဂါအဖြေရှာမယ့် စက္ကန့်ပိုင်းလေးက အသက်ရှူရပ်မတတ် ကြောက်စရာ ကောင်းလှပါတယ်,fear
ဘာကြီးလဲ မသိဘူး,fear
စိတ်ကူးထဲတောင် ထည့်မတွေးချင်ဘူး,anger
တော်စမ်း,anger
လေကောင်းလေသန့်ရတဲ့ နေရာလေးမှာ အသက်ရှူရတာ ဝတယ်,neutral
အရှိန်နဲ့ လန့်သွားတာ,fear
အမြဲတမ်း ငါ့အလှည့်ကျမှ,anger
သောက်သုံးမကျဘူး,anger
အားလုံးက ကိုယ့်ကို ထားခဲ့ကြပြီ,love
ကိုယ့်ကိုယ်ကိုယ် ဘာထင်နေလဲ,anger
ဟာ... ဒါကြီးကတော့ အလန်းဇယားပဲ,suprise
အိမ်မှာပဲ အေးအေးဆေးဆေး ချက်ပြုတ်စားရတာ ပျော်စရာ,neutral
ဟုတ်လို့လား... မယုံနိုင်စရာပဲ!
တောင်းပန်ပါတယ်,fear
အောက်တန်းကျလိုက်တာ,anger
ဘာဖြစ်ချင်နေတာလဲ,anger
အကြိုက်တွေ့သွားပြီ,joy
မထင်မှတ်တဲ့အချိန်မှာ ဗြုန်းခနဲ ရောက်လာတဲ့ ပျော်ရွှင်မှုမျိုး,suprise
နောက်ကျသွားခဲ့ပြီ,love
မသွားရဲဘူး,fear
နေသားကျဖို့ ကြိုးစားရတာ မောလှပြီ,sadness
မလုပ်နိုင်ရင် မပြောနဲ့,anger
အိမ်မက်ဆိုးကြီး,fear
ငါ အများကြီး ပင်ပန်းနေပြီ,sadness
ဘာမှ မရှိတော့ဘူး,love
ဒီနေ့တော့ ဘာအလုပ်မှ မတွေးဘဲ နားနားနေနေပဲ,neutral
မင်းရဲ့ အေးစက်စက် အကြည့်တွေက ငါ့ကို သတ်နေတယ်,love
အတိတ်က အကြောင်းတွေကို တွေးပြီး ပူမနေတော့ဘူး,neutral
စိတ်တွေ လွင့်ပါးနေတယ်,love
အနားမှာ ရှိနေပေးမယ့်သူ လိုချင်မိတယ်,sadness
မမြင်ချင်ဘူး,anger
စိတ်ထဲမှာ ဘာအပူမှမရှိဘဲ လွတ်လပ်နေသလို ခံစားရတယ်,neutral
မင်း ကိစ္စ မဟုတ်ဘူး,anger
ဝါး... ဒါကတော့ လုံးဝကို မျှော်လင့်မထားတဲ့ အကွက်ပဲ,suprise
လန်းလန်းဆန်းဆန်းပဲ,neutral
အထင်သေးခံရမှာကို ကြောက်တယ်,fear
စိတ်ထဲမှာ အေးချမ်းမှု အပြည့်နဲ့ ညဘက် ကောင်းကောင်းအိပ်စက်ရမယ်,joy
ညနေစောင်း လေညင်းတိုက်တဲ့အချိန်မှာ မြစ်ကမ်းနားမှာ လမ်းလျှောက်ရတာ စိတ်ထဲက အပူတွေ အားလုံးကို လွင့်စင်သွားစေသလိုပဲ,neutral
စိုးရိမ်စရာ မရှိတော့ဘူး,neutral
ဟယ်... မိုက်လိုက်တာနော်,suprise
ဘာမှ လောမနေဘဲ တစ်ဆင့်ချင်းစီ သွားနေတာ,neutral
အဝေးကို သွားလိုက်,anger
စိတ်ကျေနပ်မှုအပြည့်နဲ့ ဖြတ်သန်းခြင်း,neutral
အားလုံးပြီးဆုံးသွားတဲ့အခါမှ ငါ့မှာ ဘာမှမကျန်ခဲ့ဘူးဆိုတာ သိလိုက်ရတယ်,sadness
သူလည်း ငါ့ကို နားမလည်ပေးနိုင်ခဲ့ဘူး,love
ကြောက်စိတ် ဝင်လာပြီ,fear
ပျော်စရာနေ့,joy
ဘယ်သူ့ကိုမှ မယုံရဲတော့ဘူး,sadness
ဘာကြောင့် ငါပဲ အမြဲခံရလဲ,sadness
ဒါမှ ဟုတ်တာ,joy
ကံကောင်းလိုက်တာ,joy
ဒီနေ့တော့ ကမ္ဘာကြီးတစ်ခုလုံး ငါ့ဘက်မှာ ရှိနေသလိုပဲ,joy
စိတ်ပျက်ဖို့ကောင်းလိုက်တာ,anger
အထီးကျန်မှုက ငါ့ရဲ့ သူငယ်ချင်းဖြစ်လာတယ်,sadness
အဆင်ပြေပါတယ်လို့ ပြောရတာ ပင်ပန်းလှပြီ,love
စိတ်လက်ပေါ့ပါးစွာ အနားယူခြင်း,neutral
ရင်ခုန်ကြည်နူး,joy
ငြင်းပယ်ခံရမှာကို အမြဲ ကြောက်ရွံ့နေမိတယ်,fear
ရိုးရိုးရှင်းရှင်းနဲ့ အေးချမ်းတဲ့ ဘဝကိုပဲ သဘောကျတယ်,neutral
ကြောက်စိတ်က ထိန်းမရဘူး,fear
သက်တောင့်သက်သာနဲ့ ဇိမ်ရှိရှိ,neutral
လူသူကင်းမဲ့တဲ့ လမ်းမကြီးက ကြောက်စရာ,fear
အိပ်မက်တွေက တစစီ ကြေမွလို့,sadness
စိတ်ဒဏ်ရာတွေက အဖတ်တင်ကျန်ခဲ့တယ်,love
အသည်းယားစရာကြီး,fear
ဒီနေ့တော့ စိတ်သွားတိုင်း ကိုယ်ပါပဲ,neutral
လေသံကိုက စိတ်တိုစရာ,anger
ခေါင်းမာလိုက်တာ,anger
ကိုယ့်စိတ်ကို ကိုယ်ပြန်ထိန်းနိုင်တာ အေးချမ်းတယ်,neutral
တော်စမ်း၊ ဘာမှ ထပ်မပြောနဲ့,anger
အလုပ်တွေ အားလုံး ပြီးစီးသွားတဲ့ ပိတ်ရက်မှာ ဘာနှိုးစက်မှ ပေးမထားဘဲ စိတ်ကြိုက် အိပ်ရေးဝဝ အိပ်စက်ရတာ တကယ့် ဇိမ်ပါပဲ,neutral
အမလေး ဗျို့,fear
ဒီမှာ စိတ်တိုနေပြီ,anger
ဒီလမ်းကြီးက ခြောက်ခြားစရာကြီး,fear
ခရီးသွားရလို့ ပျော်တယ်,joy
လစာရလို့ ပျော်တယ်,joy
ဘာဆိုင်လို့လဲ,anger
စိတ်ထဲ ပေါ့ပေါ့ပါးပါးနဲ့,neutral
နေလို့ အရမ်းကောင်း,neutral
တော်တော် စိတ်ပျက်ဖို့ကောင်းတဲ့ နေ့ပဲ,anger
မယုံနိုင်စရာတွေ ဖြစ်ပျက်နေတဲ့ နေ့တစ်နေ့,suprise
ကလေးကလားတွေ,anger
ခေါင်းကို ကိုက်သွားတာပဲ,anger
ရှင်းရှင်းလင်းလင်းပဲ,neutral
ခံစားချက်တွေက သေဆုံးနေသလိုပဲ,love
အိုကေပဲ,joy
တန်ဖိုးမထားတာကို ခံရတဲ့အခါ,sadness
ဘာအနှောင့်အဖွဲ့မှမရှိတဲ့ ကိုယ်ပိုင်အချိန်လေး,neutral
စကားတွေလည်း ဆက်မပြောချင်တော့ဘူး,love
စိတ်အေးလက်အေး စားသောက်ရတာ,neutral
ဝိုး... မိုက်လိုက်တာမှ လွန်ကောပဲ,suprise
ဘာကိုမှ အားမရှိတော့ဘူး,sadness
လူကို လာနောက်နေတာလား,anger
စိတ်ထဲမှာ ဘာအမုန်းမှ မရှိတော့ဘူး,neutral
ဝေးကွာခြင်း,sadness
စိတ်မထိန်းနိုင်တော့ဘူး,anger
စိုပြေလန်း,joy
ဘဝက စုတ်ချက်ကြမ်းလှချည်လား,love
ရင်ထဲမှာ အလုံးကြီး ခံနေသလိုပဲ,love
ပီတိဖြစ်လို့ ပျော်တယ်,joy
လောကကြီးရဲ့ အလှတရားကို ခံစားနေရတယ်,neutral
ဘာမှ မလုပ်ပါနဲ့,fear
ပြုံးပျော်နိုင်ပြီ,joy
အပျော်လွန်နေပြီ,joy
အပျော်ဆုံးပဲ,joy
တစ်ကိုယ်လုံး အေးစက်သွားတာပဲ,fear
စိတ်ဒဏ်ရာ,sadness
ဘာမှ အဓိပ္ပာယ်မရှိတော့တဲ့ ဘဝ,sadness
အမှားအယွင်းတွေချည်းပဲ,anger
သဘာဝအတိုင်း အေးအေးဆေးဆေးပဲ,neutral
ဘာအလုပ်မှလည်း လုပ်ချင်စိတ်မရှိတော့ဘူး,love
ကိုယ့်စိတ်နဲ့ကိုယ် လွတ်လပ်နေတာ အကောင်းဆုံး ခံစားချက်,neutral
ဟာ... တကယ်ကြီးလားလို့၊ မနောက်နဲ့နော်,suprise
တကယ်ကြီး စိတ်ပျက်ဖို့ကောင်းတယ်,anger
ရယ်မောခြင်းတွေ နောက်ကွယ်က တကယ့်အမှန်တရားက ငိုရှိုက်ခြင်း,love
စိတ်ထဲမှာ ဘာအမုန်းတရားမှ မရှိတာ အေးချမ်းလိုက်တာ,neutral
အရာရာကို အကောင်းမြင်ပေးလိုက်တာ ပေါ့ပါးတယ်,neutral
သောင်တင်နေတဲ့ သင်္ဘောပျက်လိုပဲ,sadness
အားလုံး အေးဆေး,neutral
ဘာမှမသိဘဲ ဝင်မပြောနဲ့,anger
အရိပ်ကြီးက ကျောချမ်းစရာ,fear
ဘာမှ မဖြစ်ပါဘူး,neutral
အဆင့်အတန်းမရှိဘူး,anger
တစ်ခါလေးတောင် အေးအေးဆေးဆေးမနေရဘူး,anger
ပြောရတာ ပင်ပန်းတယ်,anger
အချိန်တွေကို နောက်ပြန်လှည့်ချင်မိတယ်,love
အကောင်းဆုံး အချိန်,joy
ဒီနေ့ ဖြတ်သန်းရတဲ့ အချိန်တိုင်းက တန်ဖိုးရှိလွန်းတယ်,joy
ဘာမှ တွေးမနေတော့ဘူး,neutral
ကြောက်လို့ သေတော့မယ်,fear
နည်းနည်းမှ အသိဉာဏ်မရှိဘူး,anger
စိတ်ပျက်စရာ သတ္တဝါ,anger
တစ်ယောက်တည်း တောအုပ်ထဲမှာ လမ်းပျောက်သွားသလိုမျိုး ဘဝမှာ လမ်းပျောက်မှာကို အရမ်းကြောက်တယ်,fear
ဘာကြီးလဲ အဲ့ဒါ,fear
ဘာအပူမှ မရှိ,neutral
လူကြားထဲမှာ ရှိနေပေမဲ့ အရမ်းအထီးကျန်တယ်,love
အိမ်မက်ဆိုးတွေက ခြောက်လှန့်တယ်,fear
တောင်းပန်ပါတယ်၊ ဒါပေမဲ့ နောက်ကျသွားပြီ,love
ခွေးလေးတွေတွေ့လို့ ပျော်တယ်,joy
လုံးဝ ရှော့ခ်ရသွားသလိုပဲ၊ မယုံနိုင်သေးဘူး,suprise
ရင်ထဲမှာ မိုးတွေရွာနေတယ်,sadness
တစ်နေ့တာလုံး အလုပ်တွေ ပြီးမြောက်လို့ အိပ်ရာထဲ လှဲချလိုက်ရတဲ့အချိန်,joy
စကားကို ကောင်းကောင်းပြောလို့မရဘူး,anger
မင်းက ဘာမို့လို့လဲ,anger
အမှောင်ထဲမှာ တစ်ယောက်တည်း,fear
လန်းဆန်းလှပတဲ့ မနက်ခင်း,joy
အခန်းထောင့်လေးထဲမှာ တစ်ယောက်တည်း ငိုနေမိတယ်,love
စိတ်ထဲမှာ ရှင်းလင်းတောက်ပနေတယ်,neutral
သတိရပေမဲ့ ဆက်သွယ်ခွင့် မရှိတော့တဲ့အခါ,love
အမြဲတမ်း ဒီလိုကြီးပဲ,anger
အတ္တသမားတွေ,anger
အေးချမ်းခြင်းရဲ့ အရသာ,neutral
လူယုတ်မာ,anger
အေးချမ်းလို့ ပျော်တယ်,joy
ပျော်လွန်းလို့ ရင်ထဲမှာ လိပ်ပြာလေးတွေ ပျံသန်းနေသလိုမျိုး,joy
ဒီနေ့ ရာသီဥတုလေးက သာသာယာယာနဲ့ နေလို့ကောင်းတယ်,neutral
မျက်ရည်တွေက ထိန်းမရအောင် စီးကျလာတယ်,love
မလုပ်ပါနဲ့,fear
မျက်ရည်တွေ မခြောက်နိုင်တဲ့ ည,sadness
ဘာဖြစ်မလဲဆိုတာ တွေးပြီး ရင်တုန်နေရတယ်,fear
အားလုံး အဆင်ပြေချောမွေ့တယ်,neutral
စိတ်ထဲ ကြည်လို့,joy
ဝေးဝေးသွားစမ်း,anger
ရင်ထဲ လန်းဆန်းသွားတာပဲ,joy
အမှောင်ထုထဲမှာပဲ နေချင်တော့တယ်,love
ဘာမှ လောစရာမလိုတဲ့ ဘဝ,neutral
အချိန်ပုပ်တယ်,anger
မနက်ခင်းအလှနဲ့ ပျော်တယ်,joy
ခွဲစိတ်ရမှာကို သွေးပျက်တယ်,fear
ငါ ဘာဆက်လုပ်ရမလဲ,love
မိုးလင်းလို့ မျက်လုံးပွင့်လာတာနဲ့ စိတ်ထဲ မျှော်လင့်ချက်တွေ အပြည့်ရှိနေတဲ့နေ့,joy
အားရပါးရ ရယ်လိုက်ရတယ်,joy
လွှတ်ပေးပါ,fear
အေးချမ်းခြင်းတွေ ဝန်းရံနေသလိုပဲ,neutral
ဘာမှမလုပ်ချင်လောက်အောင် စိတ်ကုန်နေပြီ,sadness
ကိုယ့်အဆင့်ကိုယ်သိ,anger
စိတ်တိုစရာကြီး,anger
ရင်ထဲမှာ အေးစက်လွန်းလှတယ်,sadness
ရယ်ရလို့ ပျော်တယ်,joy
အားရကျေနပ်,joy
အံ့ဩလွန်းလို့ မျက်လုံးတောင် ပြူးသွားတယ်,suprise
အားလုံးက ယာယီပါပဲ,sadness
အဝတ်အစားအဟောင်းထဲကနေ ပိုက်ဆံအကြွေလေးတွေ ပြန်တွေ့တဲ့အပျော်,joy
ချွေးစေးတွေ ပြန်လာပြီ,fear
ဝမ်းနည်းခြင်းတွေနဲ့ ကုန်ဆုံးသွားတဲ့ နေ့တစ်နေ့,sadness
စိတ်ကူးထဲအတိုင်းပဲ,neutral
မကြည့်ရဲဘူး,fear
ဒီနေ့တော့ ဟတ်ထိတယ်,joy
လောကကြီးက သာယာတယ်,neutral
ဘယ်သူလဲဟင်,fear
အရာရာ သာယာအဆင်ပြေပါစေ,neutral
ဒေါသမီးတွေ တောက်နေပြီ,anger
စိတ်ရှုပ်စရာတွေကို ဖယ်ထားပြီး အေးဆေးပဲ နေတော့မယ်,neutral
အပိုတွေ,anger
ဘာအနှောင်အဖွဲ့မှ မရှိဘူး,neutral
ကျေနပ်မိတယ်,joy
ပြုံးပျော်ရွှင်,joy
ကိုယ့်ကိုယ်ကိုယ် ပြန်ချစ်တတ်လာတဲ့နေ့,neutral
တစ်ယောက်တည်း ဖြစ်သွားတဲ့ အခါ,sadness
အားရစရာကြီး,joy
အပျော်တွေ ကူးစက်တယ်,joy
လူစိမ်းတွေနဲ့ စကားပြောရမှာ လန့်တယ်,fear
ဖယ်စမ်း,anger
စိတ်အေးရတဲ့ နေရာလေးမှာ ရှိနေရတာ,neutral
အပင်လေးတွေမှာ အဖူးအပွင့်လေးတွေ ဝေေဝဆာဆာ ပွင့်လာတဲ့နေ့,joy
လာမရှုပ်နဲ့,anger
ခွေးဟောင်သံ ကြားတာနဲ့တင် လန့်နေရပြီ,fear
ရင်ခုန်ကြည်နူးရတယ်,joy
လူတကာနဲ့ မတူမှာကို ကြောက်တယ်,fear
လူတွေက ငါ့ကို အပြစ်တင် ဝေဖန်ကြတော့မလားဆိုတဲ့ အတွေးကြီးက ကျောချမ်းစရာ ကောင်းလွန်းပါတယ်,fear
လေကောင်းလေသန့် ရတယ်,neutral
လေယာဉ်စီးရမှာကို အမြဲတမ်း ကြောက်နေခဲ့တာ,fear
နှလုံးသားတစ်ခုလုံး စုတ်ပြတ်သတ်သွားသလို ခံစားရတယ်,sadness
မျှော်လင့်ချက်ရှိလို့ ပျော်တယ်,joy
ဒီနေ့တော့ ကိုယ့်ဘဝရဲ့ အပျော်ဆုံး စာမျက်နှာသစ်တစ်ခုကို စတင်ရေးဆွဲခွင့် ရရှိခဲ့ပြီ,joy
အရာရာက နေရာတကျနဲ့ အဆင်ပြေလွန်းလို့ ကျေနပ်မိတာ,joy
လူကို လာမထိန်းချုပ်နဲ့,anger
ဘာလို့ ငါ့ကိုမှ ရွေးပြီး ရက်စက်ရတာလဲ,love
သစ္စာဖောက်ခံရတဲ့ ခံစားချက်က အရမ်းနာကျင်ရတယ်,love
ကံထူးရှင်ပဲ,joy
ဟန်ဆောင်စရာ မလိုဘူး,neutral
ငါ့ကို ဘယ်သူမှ ဂရုမစိုက်ကြပါဘူး,love
သွေးပျက်စရာကြီး,fear
အဆင်ပြေကိုး,joy
အိမ်မက်ဆိုးက နိုးပါရစေ,fear
လာမနှောင့်ယှက်နဲ့,anger
မင်းမရှိတဲ့ ကမ္ဘာကြီးက အရောင်မရှိတော့သလိုပဲ,love
