text,emotion_class
ပန်းခြံထဲမှာ လှပတဲ့နေ့လေးတစ်နေ့ကို ပျော်ရွှင်စွာဖြတ်သန်းနေပါတယ်,Joy
ဒီမနက် လမ်းအရမ်းပိတ်တယ်,Anger
အရမ်းကောင်းတဲ့ လေ့ကျင့်ခန်းတစ်ခု ခုပဲပြီးသွားပြီ! 💪,Joy
လာမယ့် စနေ၊ တနင်္ဂနွေ အပန်းဖြေခရီးအတွက် စိတ်လှုပ်ရှားနေပါတယ်,Joy
ဒီည ညစာအတွက် ဟင်းချက်နည်းအသစ်တစ်ခု စမ်းသပ်ချက်ပြုတ်နေပါတယ်,Sadness
ဘဝရဲ့ သေးငယ်တဲ့အရာလေးတွေအတွက် ကျေးဇူးတင်မိပါတယ်,Joy
မိုးရွာတဲ့နေ့တွေက နွေးထွေးတဲ့စောင်တွေနဲ့ ပူပူနွေးနွေး ကိုကိုးသောက်ဖို့ တောင်းဆိုနေသလိုပါပဲ,Joy
အသစ်ထွက်ရှိတဲ့ ရုပ်ရှင်က ကြည့်ကိုကြည့်သင့်တဲ့ ဇာတ်ကားပါ,Joy
Timeline မှာ နိုင်ငံရေးဆွေးနွေးမှုတွေ ပူလောင်နေပါတယ်,Anger
နွေရာသီရဲ့ ခံစားချက်တွေနဲ့ ကမ်းခြေနေ့ရက်တွေကို လွမ်းနေပါတယ်,Sadness
ဘလော့ဂ်ပို့စ်အသစ်တစ်ခု ခုပဲတင်လိုက်တယ် ဝင်ကြည့်လိုက်ပါဦး,Joy
ဒီနေ့ နည်းနည်းနေလို့မကောင်းဘူး,Anger
မြို့ရဲ့ လျှို့ဝှက်နေရာလေးတွေကို စူးစမ်းရှာဖွေနေပါတယ်,Joy
နှစ်သစ်၊ ကျန်းမာရေးပန်းတိုင်အသစ်! 💪,Joy
နည်းပညာက ကျွန်တော်တို့ရဲ့ နေထိုင်မှုပုံစံကို ပြောင်းလဲနေပါတယ်,Sadness
အတိတ်ကို ပြန်လည်သုံးသပ်ပြီး အနာဂတ်ကို မျှော်ကြည့်နေပါတယ်,Joy
ချစ်စရာကောင်းတဲ့ အမွှေးပွသူငယ်ချင်းလေးတစ်ကောင် ခုပဲမွေးစားလိုက်ပြီ! 🐾,Joy
သူငယ်ချင်းတွေနဲ့ ညဉ့်နက် ဂိမ်းကစားပွဲ,Joy
AI ဆိုင်ရာ virtual conference တစ်ခု တက်ရောက်နေပါတယ်,Sadness
ဆောင်းရာသီရဲ့ စိတ်ဓာတ်ကျမှုတွေက ကျွန်တော့်ကို စိတ်ဓာတ်ကျစေတယ်,Anger
ကော်ဖီသောက်ရင်း စာအုပ်ကောင်းတစ်အုပ် ဖတ်ရှုခံစားနေပါတယ်,Joy
Virtual reality လောကကို စူးစမ်းရှာဖွေနေပါတယ်,Joy
လုပ်စရာစာရင်းထဲက အလုပ်တွေကို တစ်ခုပြီးတစ်ခု အမှန်ခြစ်ပြီး အကျိုးရှိတဲ့နေ့တစ်နေ့,Joy
စိန်ခေါ်မှုရှိတဲ့ လေ့ကျင့်ခန်းတစ်ခု ခုပဲပြီးသွားပြီ,Joy
အလုပ်မှာ အရေးပါတဲ့ မှတ်တိုင်တစ်ခုကို အောင်ပွဲခံနေပါတယ်! 🎉,Joy
သူငယ်ချင်းတွေနဲ့ တနင်္ဂနွေနေ့လည်စာ,Joy
ကိုယ်ပိုင်တိုးတက်မှုအတွက် ဘာသာစကားအသစ်တစ်ခု လေ့လာနေပါတယ်,Joy
စာအုပ်ကောင်းတစ်အုပ်နဲ့ တိတ်ဆိတ်ငြိမ်သက်တဲ့ ညနေခင်း,Joy
စိတ်ကျန်းမာရေးရဲ့ အရေးပါပုံကို ပြန်လည်သုံးသပ်နေပါတယ်,Joy
ပန်းချီကားအသစ်တစ်ခု ရေးဆွဲနေဆဲ! 🎨,Joy
ရှုခင်းလှတဲ့နေရာတွေကို စူးစမ်းဖို့ စနေ၊ တနင်္ဂနွေ ကားနဲ့ခရီးထွက်ခြင်း,Joy
လက်ဖက်ရည်တစ်ခွက်သောက်ရင်း နေဝင်ချိန်ကို ကြည့်ရှုခံစားနေပါတယ်,Joy
စိတ်အားထက်သန်စွာနဲ့ ပရောဂျက်အသစ်တစ်ခုကို coding ရေးနေပါတယ်,Joy
Workshop တစ်ခု တက်ရောက်ပြီးနောက် စိတ်အားတက်ကြွမှု ခံစားရပါတယ်,Joy
ဒေသခံပန်းခြံမှာ ဆောင်းရာသီ အားကစားနေ့,Joy
ဒီစနေ၊ တနင်္ဂနွေ မိသားစုနဲ့အတူ အရည်အသွေးရှိတဲ့အချိန် ဖြတ်သန်းခြင်း,Joy
ဒီည တိုက်ရိုက်ဂီတဖျော်ဖြေပွဲတစ်ခု တက်ရောက်မှာပါ,Joy
တရားထိုင်ခြင်းနဲ့အတူ သတိပဋ္ဌာန် ကျင့်ကြံနေပါတယ်,Joy
အချိုပွဲချက်နည်းအသစ်တစ်ခု စမ်းသပ်လုပ်ကိုင်နေပါတယ်,Joy
လာမယ့် ဂိမ်းပြိုင်ပွဲအတွက် စိတ်လှုပ်ရှားနေပါတယ်,Joy
ဒီည သူငယ်ချင်းတစ်ယောက်ရဲ့ မွေးနေ့ကို ဂုဏ်ပြုကျင်းပနေပါတယ်! 🎂,Joy
အကျိုးရှိတဲ့နေ့တစ်နေ့ပြီးနောက် အောင်မြင်မှုခံစားရပါတယ်,Joy
ရုပ်ရှင်ကောင်းတစ်ကားနဲ့ နွေးထွေးတဲ့ ညနေခင်း,Joy
ဒီစနေ၊ တနင်္ဂနွေ ဒေသခံအနုပညာပြခန်းတွေကို စူးစမ်းရှာဖွေနေပါတယ်,Joy
ကျွန်တော့်အကြိုက်ဆုံး စာရေးဆရာဆီက စာအုပ်အသစ်ထွက်ရှိခြင်း!,Joy
Virtual reality တွေ့ဆုံပွဲတစ်ခု တက်ရောက်နေပါတယ်,Joy
သဘာဝတရားရဲ့ အလှတရားကို ပြန်လည်သုံးသပ်နေပါတယ်,Joy
ချစ်ခင်ရသူတွေအတွက် အထူးညစာတစ်နပ် ချက်ပြုတ်နေပါတယ်,Joy
လာမယ့်အပတ်အတွက် အကောင်းမြင်စိတ် ခံစားရပါတယ်,Joy
မနက်ဖြန် ကျန်းမာရေးစိန်ခေါ်မှုအသစ်တစ်ခု စတင်တော့မယ်! 💪,Joy
ရှုခင်းသာယာတဲ့လမ်းတွေတစ်လျှောက် တနင်္ဂနွေနေ့ စက်ဘီးစီးခြင်း,Joy
ကျွန်တော်တို့ လူ့အဖွဲ့အစည်းမှာ ဖြစ်ပျက်နေတဲ့ မတရားမှုတွေကို မယုံနိုင်ဘူး,Anger
သည်းထိတ်ရင်ဖိုရုပ်ရှင်တစ်ကား ကြည့်ပြီးနောက် ကြောက်ရွံ့မှု ခံစားရပါတယ်,Fear
သဘာဝဘေးအန္တရာယ် သတင်းကြားပြီးနောက် ရင်ကွဲပက်လက်ဖြစ်ရပါတယ်,Sadness
ကမ္ဘာ့ပတ်ဝန်းကျင် အခြေအနေက တကယ်ကို စက်ဆုပ်စရာကောင်းတယ်,Anger
စစ်မှန်တဲ့ ပျော်ရွှင်မှု - ချစ်ခင်ရသူတစ်ယောက်ရဲ့ အောင်မြင်မှုကို ဂုဏ်ပြုခြင်း!,Joy
ရယ်မောခြင်းက အကောင်းဆုံးဆေးပါပဲ—ဟာသပြပွဲတစ်ခုကို ကြည့်ရှုခံစားနေပါတယ်,Joy
လူတိုင်းနဲ့အတူ အချစ်နဲ့ အကောင်းမြင်စိတ်ဓာတ်တွေကို မျှဝေနေပါတယ်! ❤️,Love
ရယ်စရာကောင်းတဲ့ အဖြစ်အပျက်တစ်ခုက ကျွန်တော့်ရဲ့နေ့ကို ပျော်ရွှင်စေခဲ့တယ်,Joy
စာအုပ်တစ်အုပ်နဲ့ လက်ဖက်ရည်သောက်ရင်း တိတ်ဆိတ်ငြိမ်သက်တဲ့ ညနေခင်းကို ခံစားနေပါတယ်,Joy
ငြိမ်းချမ်းတဲ့ တောင်တက်ခရီးတစ်ခုအတွင်း သဘာဝတရားရဲ့ အလှကို တန်ဖိုးထားလေးစားနေပါတယ်,Love
ကျွန်တော့် follower အားလုံးဆီသို့ ချစ်ခင်ကြင်နာတဲ့ ခံစားချက်တွေ ပို့သလိုက်ပါတယ်,Love
ရင်သပ်ရှုမောဖွယ် နေဝင်ချိန်ကို အံ့သြတကြီး ခံစားနေရပါတယ်,Surprise
ဒေသခံ စားသောက်ဆိုင်တစ်ခုက ဝန်ဆောင်မှုကို စိတ်ပျက်မိပါတယ်,Sadness
သူငယ်ချင်းတစ်ယောက်ဆီက အံ့အားသင့်ဖွယ် လက်ဆောင်တစ်ခုက ကျွန်တော့်ရဲ့နေ့ကို ပျော်ရွှင်စေခဲ့တယ်,Surprise
ဘဝရဲ့ စိန်ခေါ်မှုတွေကြားထဲမှာ လက်ခံမှုကို ရှာဖွေတွေ့ရှိခြင်း,Joy
ကျွန်တော့်ရဲ့ ချစ်စရာကောင်းတဲ့ အိမ်မွေးတိရစ္ဆာန်လေးအတွက် အလွန်အမင်း ချစ်ခင်မြတ်နိုးမှုတွေ ပြည့်လျှံနေပါတယ်! 🐾,Love
လာမယ့်ရက်သတ္တပတ်တွေအတွင်း စိတ်လှုပ်ရှားစရာကောင်းတဲ့ စွန့်စားခန်းတစ်ခုကို မျှော်လင့်နေပါတယ်,Joy
ခါးသီးတဲ့ အတွေ့အကြုံတစ်ခုက တန်ဖိုးရှိတဲ့ သင်ခန်းစာတစ်ခု ဖြစ်သွားခဲ့တယ်,Anger
အလုပ်များတဲ့နေ့တစ်နေ့ရဲ့ အလယ်မှာ တည်ငြိမ်မှုကို ရှာဖွေတွေ့ရှိခြင်း,Joy
ဆုံးဖြတ်ချက်တွေ ချမှတ်ရာမှာ ရှုပ်ထွေးမှုတွေက ကျွန်တော့်စိတ်ကို လွှမ်းခြုံနေတယ်,Surprise
လာမယ့် အားလပ်ရက်အတွက် စိတ်လှုပ်ရှားမှုတွေ တိုးပွားလာနေပါတယ်,Joy
ဒီနေ့ တွေ့မြင်ခဲ့ရတဲ့ ကြင်နာမှုက လူသားမျိုးနွယ်အပေါ် ကျွန်တော့်ရဲ့ ယုံကြည်မှုကို ပြန်လည်တည်ဆောက်ပေးခဲ့တယ်,Love
ကိုယ်ပိုင်မှတ်တိုင်တစ်ခုကို အောင်မြင်မှုအတွက် ဂုဏ်ယူခြင်း,Joy
မတရားမှုကို ဆန့်ကျင်မရပ်တည်ခဲ့မိတဲ့အတွက် ရှက်ရွံ့မိတဲ့အခိုက်အတန့်,Fear
ပြင်းထန်တဲ့ ငြင်းခုံမှုတစ်ခုပြီးနောက် ဒေါသတွေ ပေါက်ကွဲနေပါတယ်,Anger
မသိသေးတဲ့အရာတွေအပေါ် ကြောက်ရွံ့မှုက ကျွန်တော့်ကို ညဘက် အိပ်မပျော်စေဘူး,Fear
ချစ်ခင်ရတဲ့ သူငယ်ချင်းတစ်ယောက်ကို နှုတ်ဆက်ခွဲခွာပြီးနောက် ရင်ထဲက ဝမ်းနည်းမှု,Sadness
ကျွန်တော်တို့ လူ့အဖွဲ့အစည်းထဲက အကျင့်ပျက်ခြစားမှု အခြေအနေက လုံးဝကို စက်ဆုပ်စရာကောင်းတယ်,Anger
ပျော်ရွှင်မှုတွေ ပြည့်လျှံနေခြင်း - မိသားစုဝင်အသစ်တစ်ယောက်ကို ကြိုဆိုခြင်း!,Joy
ရယ်မောခြင်းက ပျော်ရွှင်မှုရဲ့ သော့ချက်ပါပဲ—Stand-up comedy ပွဲတစ်ခု တက်ရောက်နေပါတယ်,Joy
ဒီလှပတဲ့နေ့လေးမှာ ကျွန်တော့် follower အားလုံးဆီသို့ အချစ်တွေ ပို့သလိုက်ပါတယ်! ❤️,Love
ကျွန်တော့် အိမ်မွေးတိရစ္ဆာန်လေးရဲ့ ချစ်စဖွယ် အပြုအမူလေးတွေကြောင့် ပျော်ရွှင်မိခြင်း—ဒါက စစ်မှန်တဲ့ ပျော်ရွှင်မှုပါပဲ!,Joy
ဒီခရီးစဉ်ရဲ့ အခိုက်အတန့်တိုင်းကို ခံစားနေခြင်း—စစ်မှန်တဲ့ ပျော်ရွှင်မှု!,Joy
ဒေသခံ ပရဟိတလုပ်ငန်းတစ်ခုက စေတနာ့ဝန်ထမ်းတွေရဲ့ စိတ်အားထက်သန်မှုကို လေးစားမိပါတယ်,Love
သူငယ်ချင်းတွေနဲ့ မိသားစုဆီသို့ ချစ်ခင်ကြင်နာတဲ့ ခံစားချက်တွေ ပို့သလိုက်ပါတယ်,Love
ညကောင်းကင်ရဲ့ အလှတရားကို အံ့သြတကြီး ငေးမောမိပါတယ်,Surprise
ကိုယ်ပိုင် ပရောဂျက်တစ်ခုမှာ တိုးတက်မှုမရှိတာကို စိတ်ပျက်မိပါတယ်,Sadness
သူငယ်ချင်းဟောင်းတစ်ယောက်ရဲ့ အံ့အားသင့်ဖွယ် လာရောက်လည်ပတ်မှုက ပျော်ရွှင်မျက်ရည်တွေ ကျစေခဲ့တယ်,Surprise
ဘဝရဲ့ အနိမ့်အမြင့်တွေကို လက်ခံမှုကို ပွေ့ဖက်ခြင်း,Joy
ချစ်စရာကောင်းတဲ့ ကယ်ဆယ်ထားတဲ့ ခွေးပေါက်လေးအတွက် အလွန်အမင်း ချစ်ခင်မြတ်နိုးမှုတွေ ပြည့်လျှံနေပါတယ်! 🐶,Love
အရမ်းစောင့်မျှော်နေတဲ့ ရုပ်ရှင်တစ်ကား ထွက်ရှိလာဖို့ မျှော်လင့်နေပါတယ်,Joy
Customer service ဌာနမှာ ခါးသီးတဲ့ အတွေ့အကြုံ,Anger
နေ့စဉ်ဘဝရဲ့ ရှုပ်ထွေးမှုတွေကြားထဲမှာ တည်ငြိမ်မှုကို ရှာဖွေတွေ့ရှိခြင်း,Joy
လတ်တလော အဖြစ်အပျက်တွေကို နားလည်အောင် ကြိုးစားရာမှာ ရှုပ်ထွေးမှုတွေက လွှမ်းမိုးနေတယ်,Surprise
အံ့အားသင့်ဖွယ် မွေးနေ့ပါတီတစ်ခုအတွက် စိတ်လှုပ်ရှားမှုတွေ တိုးပွားလာနေပါတယ်,Joy
ကျွန်တော့်ရဲ့နေ့ကို ပျော်ရွှင်စေခဲ့တဲ့ ကြင်နာမှုလုပ်ရပ်တစ်ခုကို တွေ့မြင်ခဲ့ရတယ်,Love
စိန်ခေါ်မှုရှိတဲ့ ကျန်းမာရေးစိန်ခေါ်မှုတစ်ခုကို ပြီးမြောက်အောင်မြင်မှုအတွက် ဂုဏ်ယူခြင်း,Joy
မတရားမှုကို ဆန့်ကျင်မပြောဆိုခဲ့မိတဲ့အတွက် ရှက်ရွံ့မိတဲ့အခိုက်အတန့်,Fear
ကျွန်တော်တို့ ကမ္ဘာလောကထဲက ကွဲပြားမှုရဲ့ အလှတရားကို ပြန်လည်သုံးသပ်နေပါတယ်,Joy
စာအုပ်ကောင်းတစ်အုပ်နဲ့ တိတ်ဆိတ်ငြိမ်သက်တဲ့ ညနေခင်းအတွက် စိတ်လှုပ်ရှားခြင်း,Joy
အလုပ်ခွင်ထဲက မတရားမှုတွေအပေါ် ခါးသီးမှု ခံစားရပါတယ်,Anger
သတိပဋ္ဌာန် ကျင့်ကြံနေချိန်မှာ တည်ငြိမ်မှုက လွှမ်းမိုးနေပါတယ်,Joy
ဘဝရဲ့ ရွေးချယ်မှုတွေကြားထဲမှာ လမ်းညွှန်ရာမှာ ရှုပ်ထွေးမှုတွေက ကျွန်တော့်ကို ဝန်းရံနေတယ်,Surprise
နေရာအသစ်တွေ စူးစမ်းဖို့ စနေ၊ တနင်္ဂနွေ ကားနဲ့ခရီးထွက်ဖို့ စိတ်လှုပ်ရှားခြင်း,Joy
ဒီနေ့ တွေ့မြင်ခဲ့ရတဲ့ ကြင်နာမှုက လူသားမျိုးနွယ်အပေါ် ကျွန်တော့်ရဲ့ ယုံကြည်မှုကို ပြန်လည်တည်ဆောက်ပေးခဲ့တယ်,Love
ကိုယ်ပိုင်နဲ့ အသက်မွေးဝမ်းကျောင်းဆိုင်ရာ ပန်းတိုင်တွေကို အောင်မြင်မှုအတွက် ဂုဏ်ယူခြင်း,Joy
ခက်ခဲတဲ့ အခြေအနေတစ်ခုမှာ ကိုယ့်တန်ဖိုးတွေကို သစ္စာမရှိခဲ့မိတဲ့အတွက် ရှက်ရွံ့ခြင်း,Fear
အမှတ်တရဟောင်းတွေကို ပြန်လည်လည်ပတ်ရင်း၊ ရွှင်လန်းတက်ကြွမှု ခံစားရပါတယ်,Joy
ကျွန်တော်တို့အသင်းရဲ့ အောင်ပွဲက မြို့အတွက် အလွန်အမင်း ပျော်ရွှင်မှုကို ဆောင်ကြဉ်းပေးခဲ့တယ်,Joy
သဘာဝတရားရဲ့ အလှကို ပွေ့ဖက်ရင်း၊ ကျေနပ်မှုရရှိတဲ့ အခိုက်အတန့်,Joy
တည်ငြိမ်အေးချမ်းတဲ့ ကန်နဘေးမှာ တရားထိုင်ရင်း၊ အတွင်းစိတ် ငြိမ်းချမ်းမှုကို ရှာဖွေတွေ့ရှိခြင်း,Joy
ဘဝရဲ့ ကောင်းချီးမင်္ဂလာတွေအတွက် ကျေးဇူးတင်မှုတွေ ပြည့်လျှံနေပါတယ်,Love
စိန်ခေါ်မှုတွေကြားကပဲ၊ ပိုမိုတောက်ပတဲ့ မနက်ဖြန်အတွက် မျှော်လင့်ချက်ရှိပါတယ်,Joy
ကျွန်တော့်ရဲ့ လူမှုအသိုင်းအဝိုင်းမှာ ပြောင်းလဲမှုတစ်ခု ပြုလုပ်ဖို့ စွမ်းဆောင်နိုင်မှု ခံစားရပါတယ်,Joy
လက်တွေ့လုပ်ဆောင်မှုထဲက ကရုဏာတရား - ဒေသခံ ပရဟိတပွဲတစ်ခုကို ပံ့ပိုးကူညီခြင်း,Love
ချစ်ခင်ရသူတွေနဲ့ ချိတ်ဆက်ရင်း၊ နူးညံ့ကြင်နာမှု ခံစားရတဲ့ အခိုက်အတန့်,Love
အထူးကြေညာချက်တစ်ခုကို စောင့်မျှော်နေချိန်မှာ စိတ်လှုပ်ရှားမှုတွေ ဖြစ်ပေါ်လာခြင်း,Joy
ပရောဂျက်အသစ်တစ်ခုထဲသို့ စိတ်အားထက်သန်စွာ ခုန်ဆင်းဝင်ရောက်ခြင်း,Joy
မှတ်တိုင်တစ်ခုကို ရောက်ရှိပြီးနောက် ပြည့်စုံမှု ခံစားရပါတယ်,Joy
သမိုင်းဝင် အထင်ကရနေရာတစ်ခုရဲ့ အလှတရားအတွက် ရိုသေလေးစားမှု,Love
သူငယ်ချင်းဟောင်းတွေနဲ့ အံ့အားသင့်ဖွယ် ပြန်လည်ဆုံစည်းပြီးနောက် ရွှင်လန်းတက်ကြွမှု,Joy
ကြယ်တွေအောက်က တိုက်ရိုက်ဂီတဖျော်ဖြေပွဲတစ်ခုရဲ့ အလွန်အမင်း ပျော်ရွှင်မှု,Joy
တိတ်ဆိတ်ငြိမ်သက်တဲ့ တနင်္ဂနွေနေ့ရဲ့ ရိုးရှင်းမှုထဲက ကျေနပ်မှု,Joy
အကြိုက်ဆုံး စာအုပ်တစ်အုပ်ရဲ့ စာမျက်နှာတွေထဲမှာ တွေ့ရှိရတဲ့ တည်ငြိမ်အေးချမ်းမှု,Joy
ခက်ခဲတဲ့အချိန်တွေမှာ ရရှိခဲ့တဲ့ အားပေးကူညီမှုတွေအတွက် ကျေးဇူးတင်ခြင်း,Love
ခရီးစဉ်အသစ်တစ်ခုရဲ့ ဖြစ်နိုင်ခြေတွေအပေါ် မျှော်လင့်ချက်ရှိခြင်း,Joy
သင်ယူမှုနဲ့ ကိုယ်ပိုင်တိုးတက်မှုကနေတစ်ဆင့် စွမ်းဆောင်နိုင်မှု မြင့်တက်လာခြင်း,Joy
အားလပ်ရက်တွေအတွင်း လိုအပ်နေသူတွေအပေါ် ကရုဏာထားခြင်း,Love
နွေးထွေးတဲ့ ဆောင်းရာသီညနေခင်းရဲ့ နွေးထွေးမှုထဲက နူးညံ့ကြင်နာမှု,Love
လာမယ့် စွန့်စားခန်းတစ်ခုအတွက် စိတ်လှုပ်ရှားမှုတွေ ဖြစ်ပေါ်လာခြင်း,Joy
ဖန်တီးမှု ပရောဂျက်အသစ်တစ်ခုအတွက် စိတ်အားထက်သန်မှု,Joy
စိန်ခေါ်မှုရှိတဲ့ လေ့ကျင့်ခန်းတစ်ခုကို ပြီးမြောက်အောင်မြင်ခြင်းအတွက် ပြည့်စုံမှု,Joy
ပြတိုက်တစ်ခုမှာ ပြသထားတဲ့ အနုပညာလက်ရာတွေအတွက် ရိုသေလေးစားမှု,Love
ကိုယ်ပိုင်ပန်းတိုင်တစ်ခုကို အောင်မြင်ပြီးနောက် ရွှင်လန်းတက်ကြွမှု,Joy
မြို့ထဲက လျှို့ဝှက်နေရာလေးတစ်ခုကို ရှာဖွေတွေ့ရှိခြင်းအပေါ် ရွှင်လန်းတက်ကြွမှု,Joy
အံ့အားသင့်ဖွယ် မွေးနေ့ပွဲတစ်ခုရဲ့ အလွန်အမင်း ပျော်ရွှင်မှု,Joy
အိမ်ချက်ဟင်းတစ်နပ်ရဲ့ ရိုးရှင်းမှုထဲက ကျေနပ်မှု,Joy
ငြိမ်းချမ်းတဲ့ စန္ဒယားသံစဉ်ထဲမှာ တွေ့ရှိရတဲ့ တည်ငြိမ်အေးချမ်းမှု,Joy
ကျွန်တော့်ပတ်ဝန်းကျင်က အားပေးကူညီတဲ့ လူမှုအသိုင်းအဝိုင်းအတွက် ကျေးဇူးတင်ခြင်း,Love
စီးပွားရေးလုပ်ငန်းအသစ်တစ်ခုရဲ့ အလားအလာတွေအပေါ် မျှော်လင့်ချက်ရှိခြင်း,Joy
အခြားသူတွေကို လမ်းညွှန်ပေးခြင်းနဲ့ အကြံဉာဏ်ပေးခြင်းကနေတစ်ဆင့် စွမ်းဆောင်နိုင်မှု မြင့်တက်လာခြင်း,Joy
လူမှုအသိုင်းအဝိုင်းထဲက ကြင်နာမှုလုပ်ရပ်တွေကနေတစ်ဆင့် ပြသတဲ့ ကရုဏာတရား,Love
ချစ်ခင်ရသူတစ်ယောက်ဆီသို့ ရင်ထဲက စာတစ်စောင်ထဲက နူးညံ့ကြင်နာမှု,Love
အရမ်းစောင့်မျှော်နေတဲ့ ခရီးစဉ်တစ်ခု မတိုင်ခင် စိတ်လှုပ်ရှားမှုတွေ ဖြစ်ပေါ်လာခြင်း,Joy
အလုပ်လုပ်နေဆဲ အနုပညာ ပရောဂျက်အသစ်တစ်ခုအတွက် စိတ်အားထက်သန်မှု,Joy
အခြားသူတွေကို ကူညီပြီးနောက် ပြည့်စုံမှု ခံစားရပါတယ်,Joy
အထင်ကရနေရာတစ်ခုရဲ့ သမိုင်းဝင် အရေးပါမှုအတွက် ရိုသေလေးစားမှု,Love
ကျန်းမာရေး မှတ်တိုင်တစ်ခုကို အောင်မြင်ပြီးနောက် ရွှင်လန်းတက်ကြွမှု,Joy
အောင်မြင်တဲ့ ထုတ်ကုန်မိတ်ဆက်ပွဲတစ်ခုရဲ့ အလွန်အမင်း ပျော်ရွှင်မှု,Joy
ချစ်ခင်ရသူတစ်ယောက်ရဲ့ ပွေ့ဖက်မှုထဲက ကျေနပ်မှု,Joy
ပင်လယ်ကမ်းစပ်က နေဝင်ချိန်အလှထဲမှာ တွေ့ရှိရတဲ့ တည်ငြိမ်အေးချမ်းမှု,Joy
နေ့ရက်တိုင်းက ယူဆောင်လာတဲ့ သေးငယ်တဲ့ ပျော်ရွှင်မှုလေးတွေအတွက် ကျေးဇူးတင်ခြင်း,Love
ကိုယ်ပိုင်တိုးတက်မှုအတွက် အလားအလာအပေါ် မျှော်လင့်ချက်ရှိခြင်း,Joy
ကျွမ်းကျင်မှုအသစ်တစ်ခု သင်ယူခြင်းကနေတစ်ဆင့် စွမ်းဆောင်နိုင်မှု မြင့်တက်လာခြင်း,Joy
ဒေသခံ ပရဟိတလုပ်ငန်းတစ်ခုအတွက် စေတနာ့ဝန်ထမ်းလုပ်ခြင်းထဲက ကရုဏာတရား,Love
အိမ်မွေးတိရစ္ဆာန်လေးနဲ့ မျှဝေခံစားရတဲ့ တိတ်ဆိတ်ငြိမ်သက်တဲ့ အခိုက်အတန့်ထဲက နူးညံ့ကြင်နာမှု,Love
လာမယ့် ပွဲတော်တစ်ခုအတွက် စိတ်လှုပ်ရှားမှုတွေ ဖြစ်ပေါ်လာခြင်း,Joy
ကိုယ်တိုင်လုပ် အိမ်ပြုပြင်မွမ်းမံရေး ပရောဂျက်တစ်ခုအတွက် စိတ်အားထက်သန်မှု,Joy
စိန်ခေါ်မှုရှိတဲ့ ပဟေဠိတစ်ခုကို ဖြေရှင်းပြီးမြောက်ခြင်းအတွက် ပြည့်စုံမှု,Joy
တောင်တက်လမ်းတစ်ခုပေါ်က သဘာဝတရားရဲ့ အံ့ဖွယ်ရာတွေအတွက် ရိုသေလေးစားမှု,Love
ငယ်သူငယ်ချင်းတစ်ယောက်နဲ့ အံ့အားသင့်ဖွယ် ပြန်လည်ဆုံစည်းပြီးနောက် ရွှင်လန်းတက်ကြွမှု,Joy
နောက်ထပ် အဆင်မပြေမှုတစ်ခုပြီးနောက် စိတ်ပျက်အားငယ်မှု ခံစားနေရပါတယ်,Sadness
ဝမ်းနည်းပူဆွေးမှုတွေ လွှမ်းမိုးပြီး၊ ချစ်ခင်ရသူတစ်ယောက်ကို အရမ်းလွမ်းဆွတ်နေပါတယ်,Sadness
ညဉ့်နက်လာတာနဲ့အမျှ အထီးကျန်မှုက တိတ်တဆိတ် ဝင်ရောက်လာတယ်,Sadness
အခြားသူတွေရဲ့ အောင်မြင်မှုကို မြင်တွေ့ရချိန်မှာ မနာလိုဝန်တိုမှုက ကျွန်တော့်ကို လွှမ်းခြုံသွားတယ်,Anger
အတိတ်က သစ္စာဖောက်မှုတွေအပေါ် နာကြည်းမှုတွေ တိုးပွားလာနေတယ်,Anger
အတားအဆီးတွေက ကျွန်တော့်လမ်းကို ပိတ်ဆို့နေချိန်မှာ စိတ်ပျက်မှုတွေ တိုးမြင့်လာတယ်,Anger
ပျင်းရိငြီးငွေ့မှု ဝင်လာပြီး၊ နေ့ရက်က အဆုံးမရှိ ငြီးငွေ့ဖွယ်ကောင်းတယ်လို့ ခံစားရတယ်,Sadness
စိုးရိမ်ပူပန်မှုက ကျွန်တော့်နှလုံးသားကို ဆုပ်ကိုင်ထားပြီး၊ စိုးရိမ်စိတ်တွေက ကျွန်တော့်အတွေးတွေကို ဖုံးလွှမ်းနေတယ်,Fear
ရှေ့ဆက်ရမယ့် မသိသေးတဲ့ အနာဂတ်ကြောင့် ကြောက်ရွံ့ထိတ်လန့်မှု,Fear
စိန်ခေါ်မှုတွေ စုပုံလာချိန်မှာ အကူအညီမဲ့မှု ခံစားချက်က နစ်မြုပ်လာတယ်,Fear
အခြားသူတွေရဲ့ ချမ်းသာကြွယ်ဝမှုကို မြင်တွေ့ရချိန်မှာ ငြူစူမှုက ကျွန်တော့်ကို တဖြည်းဖြည်း ကိုက်စားနေတယ်,Anger
လွဲချော်ခဲ့တဲ့ အခွင့်အလမ်းတွေအတွက် နောင်တရမှုက ကျွန်တော့်အတွေးတွေကို ခြောက်လှန့်နေတယ်,Sadness
မတရားမှုနဲ့ ရက်စက်ကြမ်းကြုတ်မှုကို မြင်တွေ့ရခြင်းအပေါ် စက်ဆုပ်ရွံရှာမှု,Anger
စိတ်ပျက်အားငယ်မှုထဲမှာ နစ်မြုပ်နေပြီး၊ မျှော်လင့်ချက်က ကျွန်တော့်လက်ချောင်းတွေကြားကနေ လျှောကျနေတယ်,Sadness
ဝမ်းနည်းပူဆွေးမှုက လေးလံနေပြီး၊ မျက်ရည်တွေက အမြဲတမ်း အဖော်ဖြစ်နေတယ်,Sadness
လူထူတဲ့ အခန်းထဲက အထီးကျန်မှု၊ ချိတ်ဆက်မှုအတွက် တိတ်ဆိတ်စွာ ငိုကြွေးခြင်း,Sadness
မနာလိုဝန်တိုမှုက ကျွန်တော့်ရဲ့ ယုံကြည်မှုကို ကိုက်စားနေတယ်၊ အဆိပ်အတောက်ဖြစ်စေတဲ့ စိတ်ခံစားမှု,Anger
နာကြည်းမှုက အရင်းတည်နေပြီး၊ ဆက်ဆံရေးတွေကို အဆိပ်ခတ်နေတယ်,Anger
စိတ်ပျက်မှုက ပေါက်ကွဲထွက်လာတယ်၊ စိတ်ခံစားမှုတွေရဲ့ မီးတောင်ပေါက်ကွဲမှု,Anger
ပျင်းရိငြီးငွေ့မှုက ဖုန်မှုန့်တွေလို အနည်ထိုင်နေပြီး၊ ဘဝက သာမန်ဖြစ်နေတယ်လို့ ခံစားရတယ်,Sadness
စိုးရိမ်ပူပန်မှုက ကျွန်တော့်ရင်ဘတ်ကို ဆုပ်ကိုင်ထားတယ်၊ ကျွန်တော့်အတွေးတွေအပေါ် မရပ်မနား ဆုပ်ကိုင်ထားမှု,Fear
ရှေ့ဆက်ရမယ့် စိန်ခေါ်မှုတွေကြောင့် ကြောက်ရွံ့ထိတ်လန့်မှု၊ ကြောက်စိတ်က လွှမ်းမိုးလာတယ်,Fear
အကူအညီမဲ့မှုက ကျွန်တော့်ကို ဝါးမြိုသွားတယ်၊ ပြဿနာပင်လယ်ထဲမှာ နစ်မြုပ်နေတယ်,Fear
ငြူစူမှုက ကျွန်တော့်အတွေးတွေကို အဆိပ်ခတ်တယ်၊ အခြားသူတွေရဲ့ အောင်မြင်မှုကို တပ်မက်ခြင်း,Anger
နာကျင်ဖွယ် ပစ္စုပ္ပန်ကို ဖြစ်စေခဲ့တဲ့ ဆုံးဖြတ်ချက်တွေအတွက် နောင်တရခြင်း,Sadness
လူ့အဖွဲ့အစည်းကို စွန်းထင်းစေတဲ့ အကျင့်ပျက်ခြစားမှုအပေါ် စက်ဆုပ်ရွံရှာမှု,Anger
စိတ်ပျက်အားငယ်မှုထဲမှာ နစ်မြုပ်နေတယ်၊ နေ့ရက်တိုင်းက နောက်ဆုံးနေ့ထက် ပိုမှောင်မိုက်တယ်,Sadness
ဝမ်းနည်းပူဆွေးမှုက လွှမ်းမိုးနေတယ်၊ အတွင်းထဲက စိတ်ခံစားမှုတွေရဲ့ မုန်တိုင်း,Sadness
အထီးကျန်မှုက လွတ်နေတဲ့ နေရာတွေမှာ ပဲ့တင်ထပ်နေတယ်၊ ချိတ်ဆက်မှုကို တောင့်တခြင်း,Sadness
မနာလိုဝန်တိုမှုက ကျွန်တော့်အတွေးတွေကို အဆိပ်ခတ်တယ်၊ နာကြည်းမှုက အတွင်းထဲမှာ ဖြစ်ပေါ်နေတယ်,Anger
နာကြည်းမှုက အနာစိမ်းလို ဖြစ်နေတယ်၊ ကျက်ဖို့ ငြင်းဆန်နေတဲ့ ဒဏ်ရာ,Anger
စိတ်ပျက်မှုက တိုးမြင့်လာတယ်၊ စိတ်ခံစားမှုတွေရဲ့ မိုးကြိုးမုန်တိုင်း,Anger
ပျင်းရိငြီးငွေ့မှုက ဆက်ရှိနေတယ်၊ လျစ်လျူရှုမှုရဲ့ ရပ်တန့်နေတဲ့ ရေအိုင်,Sadness
စူးစမ်းလိုစိတ်နဲ့ ဗဟုသုတအတွက် ဆာလောင်မှုတို့က တွန်းအားပေးတဲ့ ရှာဖွေတွေ့ရှိမှု ခရီးစဉ်တစ်ခုကို စတင်ခြင်း,Surprise
ကျယ်ပြန့်တဲ့ သတင်းအချက်အလက် ပင်လယ်ထဲမှာ ပျောက်ဆုံးနေခြင်း၊ ဒစ်ဂျစ်တယ် သမုဒ္ဒရာထဲက လျစ်လျူရှုထားတဲ့ လှိုင်းလုံးတစ်ခု,Sadness
ဘဝရဲ့ ရှုပ်ထွေးတဲ့ ပဟေဠိက ကျွန်တော့်ကို အမြဲတမ်း ရှုပ်ထွေးမှု အခြေအနေထဲမှာ ထားခဲ့တယ်၊ ရှုပ်ထွေးမှုတွေကြားထဲမှာ အဖြေတွေကို ရှာဖွေနေခြင်း,Surprise
ထုံကျင်မှုတစ်ခုက ကျွန်တော့်အပေါ် အခြေချလာတယ်၊ ဘဝက ပစ်ပေါက်လိုက်တဲ့ လွှမ်းမိုးနေတဲ့ စိတ်ခံစားမှုတွေကို ကာကွယ်ပေးတဲ့ ဒိုင်းတစ်ခု,Sadness
နေဝင်ချိန်ကို ငေးကြည့်ရင်း၊ အချိန်ရဲ့ လက်ချောင်းတွေကြားကနေ လျှောကျသွားတဲ့ အခိုက်အတန့်တွေအတွက် ဝမ်းနည်းဖွယ် တမ်းတမှု,Sadness
ဓာတ်ပုံဟောင်းတွေကို ပြန်ကြည့်ရင်း၊ အတိတ်ကိုတမ်းတခြင်းရဲ့ ချိုမြိန်ခါးသက်တဲ့ သံစုံတီးဝိုင်းရဲ့ ပွေ့ဖက်မှုထဲမှာ ကျရောက်နေခြင်း,Sadness
ပဋိပက္ခဖြစ်နေတဲ့ စိတ်ခံစားမှုတွေကြားမှာ စိတ်နှစ်ခွဖြစ်နေခြင်း၊ ကျွန်တော့်ရဲ့ ဆုံးဖြတ်ချက်တွေကို မသေချာမရေရာမှု အရိပ်တွေနဲ့ ခြယ်မှုန်းတဲ့ စိတ်နှစ်ခွဖြစ်ခြင်း,Sadness
ဘဝရဲ့ အတက်အကျတွေကို ပွေ့ဖက်ရင်း၊ ဖြစ်တည်မှုရဲ့ အကအခုန်ထဲမှာ လက်ခံမှုကို ရှာဖွေတွေ့ရှိခြင်း,Joy
စိန်ခေါ်မှုတွေကို တည့်တည့်ရင်ဆိုင်ရင်း၊ မဖြစ်နိုင်တာကို အောင်မြင်ဖို့ အတွင်းထဲက မီးကို လောင်ကျွမ်းစေတဲ့ စိတ်ပိုင်းဖြတ်မှု,Joy
သဘာဝတရားရဲ့ ငြိမ်သက်မှုထဲမှာ တွေ့ရှိရတဲ့ တည်ငြိမ်အေးချမ်းမှု၊ ခေတ်သစ်ကမ္ဘာရဲ့ ရှုပ်ထွေးမှုတွေကနေ ငြိမ်းချမ်းတဲ့ ဆုတ်ခွာရာနေရာတစ်ခု,Joy
စူးစမ်းလိုစိတ်က ကျွန်တော့်ကို ဗဟုသုတရဲ့ ယုန်တွင်းထဲသို့ ပို့ဆောင်နေခြင်း၊ ဘဝရဲ့ စာသင်ခန်းထဲက ထာဝရကျောင်းသားတစ်ယောက်,Surprise
လျစ်လျူရှုမှု အငွေ့အသက်နဲ့ နေ့တစ်နေ့ကို ဖြတ်သန်းနေခြင်း၊ ပတ်ဝန်းကျင်က သာမန်အဖြစ်အပျက်တွေကနေ ကင်းကွာနေခြင်း,Sadness
အတွေးတွေရဲ့ ပင့်ကူအိမ်ထဲမှာ ရစ်ပတ်နေခြင်း၊ အတွေးအခေါ်တွေရဲ့ ဝင်္ကပါထဲမှာ လမ်းညွှန်ရာမှာ ရှုပ်ထွေးမှုက လွှမ်းမိုးနေခြင်း,Surprise
ရှုပ်ထွေးမှုတွေကို ထုံကျင်နေခြင်း၊ စိတ်ခံစားမှုတွေကို သော့ခတ်ထားခြင်း၊ အတွင်းစိတ် လှုပ်ရှားမှုတွေကို ဖုံးကွယ်ထားတဲ့ ခံစားချက်မဲ့ မျက်နှာဖုံးတစ်ခု,Sadness
လေပြေထဲက ဝမ်းနည်းဖွယ် တီးတိုးသံတွေ၊ မေ့လျော့နေတဲ့ အိပ်မက်တွေရဲ့ ပဲ့တင်သံတွေနဲ့ တိတ်ဆိတ်စွာ စကားပြောခြင်း,Sadness
ဒိုင်ယာရီဟောင်းတစ်ခုကို မတော်တဆ တွေ့ရှိခြင်း၊ အတိတ်ကိုတမ်းတမှုက လှိုင်းလုံးတွေလို ရိုက်ခတ်လာပြီး၊ ကြာမြင့်စွာ ကုန်ဆုံးသွားတဲ့ အခိုက်အတန့်တွေဆီသို့ ကျွန်တော့်ကို သယ်ဆောင်သွားခြင်း,Sadness
ပဋိပက္ခဖြစ်နေတဲ့ ခံစားချက်တွေရဲ့ ကော်ဇောတစ်ခု၊ မသေချာမရေရာမှုတွေကြားထဲမှာ ရက်ယှက်နေခြင်း၊ စိတ်နှစ်ခွဖြစ်ခြင်းရဲ့ ချည်မျှင်တွေထဲမှာ ကျရောက်နေခြင်း,Sadness
ချို့ယွင်းချက်တွေကို ပွေ့ဖက်ရင်း၊ မပြည့်စုံမှုထဲမှာ လက်ခံမှုကို ရှာဖွေတွေ့ရှိခြင်း၊ မိမိကိုယ်ကို ချစ်ခြင်းဆီသို့ ခရီးစဉ်တစ်ခု,Joy
စိတ်ပိုင်းဖြတ်မှုက တောမီးလို လောင်ကျွမ်းနေခြင်း၊ အတားအဆီးတွေကို ကျော်လွှားခြင်း၊ အိပ်မက်တွေကို လက်တွေ့အဖြစ်သို့ ပြောင်းလဲခြင်း,Joy
သမုဒ္ဒရာကမ်းစပ်က ငြိမ်းချမ်းတဲ့ အခိုက်အတန့်တွေ၊ တည်ငြိမ်အေးချမ်းမှုက လွှမ်းခြုံလာခြင်း၊ လှိုင်းလုံးတွေရဲ့ ပွေ့ဖက်မှုထဲက ငြိမ်းချမ်းတဲ့ ဆုတ်ခွာရာနေရာတစ်ခု,Joy
စူးစမ်းလိုစိတ်ရဲ့ မီးပွားနဲ့အတူ မိုးကုတ်စက်ဝိုင်းအသစ်တွေကို စူးစမ်းရှာဖွေနေခြင်း၊ ဗဟုသုတရဲ့ ကျယ်ပြန့်တဲ့ ရှုခင်းထဲက စွန့်စားသူတစ်ယောက်,Surprise
ပေါ့ပေါ့ပါးပါး အမူအရာနဲ့ နေ့တစ်နေ့ကို ဖြတ်သန်းနေခြင်း၊ လျစ်လျူရှုမှု အနုပညာကို ပွေ့ဖက်ခြင်း,Sadness
အတွေးတွေနဲ့ နပန်းလုံးနေခြင်း၊ ဘဝရဲ့ ရှုပ်ထွေးမှုတွေရဲ့ ဝင်္ကပါထဲမှာ ပျောက်ဆုံးနေတဲ့ ရှုပ်ထွေးနေတဲ့ စိတ်,Surprise
စိတ်ခံစားမှု ထုံကျင်မှု အခြေအနေထဲမှာ နစ်မြုပ်နေခြင်း၊ နေ့စဉ် ရုန်းကန်မှုတွေရဲ့ မုန်တိုင်းကို ကာကွယ်ပေးတဲ့ ဒိုင်းတစ်ခု,Sadness
နောက်ခံမှာ တီးခတ်နေတဲ့ ဝမ်းနည်းဖွယ် သံစုံတီးဝိုင်း၊ တမ်းတနေတဲ့ နှလုံးသားတစ်ခုရဲ့ တေးသံ,Sadness
နှစ်ချုပ်စာအုပ်ဟောင်းရဲ့ စာမျက်နှာတွေကို လှန်လှောကြည့်ရင်း၊ အတိတ်ကိုတမ်းတမှုက ကျွန်တော့်မျက်နှာပေါ်မှာ အပြုံးတွေနဲ့ မျက်ရည်တွေကို ခြယ်မှုန်းနေခြင်း,Sadness
ဆန့်ကျင်ဘက် စိတ်ခံစားမှုတွေကြားမှာ စိတ်နှစ်ခွဖြစ်နေခြင်း၊ ကျွန်တော့်ရဲ့ ဆုံးဖြတ်ချက်တွေကို မသေချာမရေရာမှု အရိပ်တွေနဲ့ ခြယ်မှုန်းတဲ့ စိတ်နှစ်ခွဖြစ်ခြင်း,Sadness
ဘဝရဲ့ မပြည့်စုံမှုတွေကို ပွေ့ဖက်ရင်း၊ ခရီးစဉ်ထဲမှာ လက်ခံမှုကို ရှာဖွေတွေ့ရှိခြင်း၊ အမာရွတ်တွေ အပါအဝင်,Joy
အတွင်းထဲမှာ လောင်ကျွမ်းနေတဲ့ ပြင်းပြတဲ့ စိတ်ပိုင်းဖြတ်မှု၊ ပြိုင်ဘက်ကင်းတဲ့ အမြင့်တွေကို ရောက်ရှိဖို့ ရူပါရုံက တွန်းအားပေးခြင်း,Joy
တိတ်ဆိတ်ငြိမ်သက်တဲ့ တောအုပ်ရဲ့ တည်ငြိမ်အေးချမ်းမှုထဲမှာ နေပူစာလှုံနေခြင်း၊ သဘာဝတရားရဲ့ တီးတိုးသံတွေက စိတ်ဝိညာဉ်ကို ငြိမ်းချမ်းမှု ယူဆောင်လာတဲ့နေရာ,Joy
ကမ္ဘာလောကရဲ့ ဆူညံသံတွေကို လျစ်လျူရှုထားခြင်း၊ ဘဝရဲ့ ဆူညံပွက်လောရိုက်မှုတွေကြားထဲက တိတ်ဆိတ်တဲ့ လေ့လာသူတစ်ယောက်,Sadness
အတွေးတွေရဲ့ ဝင်္ကပါထဲမှာ လမ်းညွှန်နေခြင်း၊ အတွေးအခေါ်တွေရဲ့ ဝင်္ကပါထဲက အမြဲတမ်း အဖော်ဖြစ်တဲ့ ရှုပ်ထွေးမှု,Surprise
ထိုးဖောက်လို့မရတဲ့ ထုံကျင်မှုက ကျွန်တော့်ကို စိတ်ခံစားမှု မုန်တိုင်းတွေကနေ ကာကွယ်ပေးတယ်၊ ခံစားချက်မဲ့ ကြံ့ကြံ့ခံနိုင်ရည်ရဲ့ ခံတပ်တစ်ခု,Sadness
ဝမ်းနည်းမှုက ကမ္ဘာလောကကို အတိတ်ကိုတမ်းတခြင်းရဲ့ အရောင်အသွေးတွေနဲ့ ခြယ်မှုန်းနေခြင်း၊ ချိုမြိန်ခါးသက်တဲ့ အမှတ်တရတွေရဲ့ ပန်းချီကားချပ်တစ်ခု,Sadness
အတိတ်ဆီသို့ ခရီးစဉ်တစ်ခု၊ ဒိုင်ယာရီဟောင်းရဲ့ စာမျက်နှာတွေကို လှန်လှောကြည့်ရင်း၊ အတိတ်ကိုတမ်းတမှုက ဦးဆောင်နေခြင်း,Sadness
ဆုံးဖြတ်ချက်တွေကို တိမ်ဖုံးနေတဲ့ စိတ်နှစ်ခွဖြစ်ခြင်း၊ ပဋိပက္ခဖြစ်နေတဲ့ စိတ်ခံစားမှုတွေရဲ့ လမ်းဆုံလမ်းခွမှာ ကျရောက်နေခြင်း,Sadness
မပြည့်စုံမှုတွေကို ပွေ့ဖက်ရင်း၊ ဘဝရဲ့ လှပတဲ့ ရှုပ်ထွေးမှုတွေရဲ့ စပ်ဟပ်ပုံထဲမှာ လက်ခံမှုကို ရှာဖွေတွေ့ရှိခြင်း,Joy
တွန်းအားဖြစ်တဲ့ စိတ်ပိုင်းဖြတ်မှု၊ ထူးခြားတဲ့ အောင်မြင်မှုတွေဆီသို့ လမ်းကြောင်းပေါ်မှာ ကျွန်တော့်ကို ရှေ့သို့ တွန်းပို့နေခြင်း,Joy
မိုးစက်တွေရဲ့ သံစဉ်ထဲမှာ တည်ငြိမ်အေးချမ်းမှုကို ရှာဖွေနေခြင်း၊ နေ့စဉ်ဘဝရဲ့ ဆူညံသံတွေကနေ ငြိမ်းချမ်းတဲ့ လွတ်မြောက်ရာတစ်ခု,Joy
စူးစမ်းလိုစိတ်က မသိသေးတဲ့အရာတွေကို စူးစမ်းရှာဖွေဖို့ တွန်းအားပေးနေခြင်း၊ မရောက်ဖူးသေးတဲ့ နယ်မြေတွေထဲက ဗဟုသုတ ရှာဖွေသူတစ်ယောက်,Surprise
ပေါ့ပေါ့ပါးပါး အငွေ့အသက်နဲ့ နေ့တစ်နေ့ကို ဖြတ်သန်းနေခြင်း၊ ဘဝရဲ့ အရေးမပါတဲ့ အရာတွေကို လျစ်လျူရှုထားခြင်း,Sadness
အတွေးတွေရဲ့ ဝင်္ကပါထဲမှာ ပျောက်ဆုံးနေခြင်း၊ ရှင်းလင်းပြတ်သားမှုအတွက် ရှာဖွေမှုအပေါ် အရိပ်ထိုးနေတဲ့ ရှုပ်ထွေးမှု,Surprise
စိတ်ခံစားမှု ထုံကျင်မှုရဲ့ ဝတ်ရုံထဲမှာ ပတ်ရစ်နေခြင်း၊ ဘဝရဲ့ လှုပ်ရှားမှုတွေရဲ့ မုန်တိုင်းတွေကို ကာကွယ်ပေးတဲ့ ဒိုင်းတစ်ခု,Sadness
အဖော်ဖြစ်တဲ့ ဝမ်းနည်းမှု၊ တမ်းတမှုရဲ့ စုတ်ချက်တွေနဲ့ ဘဝရဲ့ ပန်းချီကားချပ်ကို ခြယ်မှုန်းနေခြင်း,Sadness
ဓာတ်ပုံအယ်လ်ဘမ်ဟောင်းရဲ့ စာမျက်နှာတွေကို လှန်လှောကြည့်ရင်း၊ အတိတ်ကိုတမ်းတမှုက ရယ်မောခြင်းနဲ့ မျက်ရည်တွေရဲ့ ပုံပြင်တွေကို ရက်ယှက်နေခြင်း,Sadness
လေထုထဲက စိတ်နှစ်ခွဖြစ်ခြင်း၊ ပဋိပက္ခဖြစ်နေတဲ့ စိတ်ခံစားမှုတွေနဲ့ ဆုံးဖြတ်ချက်တွေရဲ့ လမ်းဆုံလမ်းခွကြားမှာ ကျရောက်နေခြင်း,Sadness
မပြည့်စုံမှုတွေထဲက အလှတရားကို ပွေ့ဖက်ရင်း၊ ဘဝရဲ့ ကြိုတင်ခန့်မှန်းလို့မရတဲ့ အနုပညာရဲ့ စပ်ဟပ်ပုံထဲမှာ လက်ခံမှုကို ရှာဖွေတွေ့ရှိခြင်း,Joy
စိတ်ပိုင်းဖြတ်မှုက တောက်လောင်နေခြင်း၊ စိန်ခေါ်မှုတွေကြားထဲကနေ လမ်းကြောင်းတစ်ခု ဖောက်လုပ်ခြင်း၊ အိပ်မက်တွေကို လက်ဆုပ်လက်ကိုင်ပြနိုင်တဲ့ လက်တွေ့အဖြစ်သို့ ပုံဖော်ခြင်း,Joy
လသာညရဲ့ တည်ငြိမ်အေးချမ်းမှုထဲမှာ နစ်မြုပ်နေခြင်း၊ သဘာဝတရားရဲ့ တိတ်ဆိတ်တဲ့ တီးတိုးသံတွေက စိတ်ဝိညာဉ်ကို ငြိမ်းချမ်းမှု ယူဆောင်လာတဲ့နေရာ,Joy
စူးစမ်းလိုစိတ်က တွန်းအားပေးပြီး၊ မရောက်ဖူးသေးတဲ့ နယ်ပယ်တွေထဲသို့ စွန့်စားဝင်ရောက်ခြင်း၊ ကမ္ဘာလောကရဲ့ လျှို့ဝှက်ဆန်းကြယ်မှုတွေကို မကြောက်မရွံ့ စူးစမ်းရှာဖွေသူတစ်ယောက်,Surprise
စိတ်ခံစားမှု ထုံကျင်မှုရဲ့ ဝတ်ရုံထဲမှာ ပတ်ရစ်နေခြင်း၊ ဘဝရဲ့ လှုပ်ရှားမှုတွေရဲ့ မုန်တိုင်းတွေကို ကာကွယ်ပေးတဲ့ ဒိုင်းတစ်ခု,Sadness
ပေါ့ပါးလွတ်လပ်တဲ့ စိတ်ဓာတ်ရဲ့ တက်ကြွမှုနဲ့အတူ ဘဝကို ကခုန်ဖြတ်သန်းနေခြင်း၊ အလှည့်အပြောင်းတိုင်းမှာ ပျော်ရွှင်မှုနဲ့ စိတ်အားထက်သန်မှုကို ပွေ့ဖက်ခြင်း,Joy
ကျေနပ်မှုရဲ့ ရွှေရောင်အလင်းထဲမှာ နေပူစာလှုံနေခြင်း၊ နှလုံးသားရဲ့ ရှုခင်းထဲမှာ စီးဆင်းနေတဲ့ တည်ငြိမ်အေးချမ်းတဲ့ မြစ်တစ်စင်း,Joy
မျှော်လင့်ချက်ရှိတဲ့ မျက်လုံးတွေနဲ့ မိုးကုတ်စက်ဝိုင်းဆီသို့ ငေးကြည့်ရင်း၊ အကောင်းမြင်စိတ်ရဲ့ နေရောင်ခြည်နဲ့ လင်းထိန်နေတဲ့ အိပ်မက်တွေရဲ့ ပန်းချီကားချပ်တစ်ခုကို ခြယ်မှုန်းနေခြင်း,Joy
ဝက်သစ်ချပင်လို မားမားမတ်မတ် ရပ်တည်ရင်း၊ အောင်မြင်မှုရဲ့ အကိုင်းအခက်တွေက ပြီးမြောက်မှုရဲ့ ကောင်းကင်ဆီသို့ လှမ်းတက်နေခြင်း,Joy
ကျေးဇူးတင်မှုတွေနဲ့ ပြည့်လျှံနေတဲ့ နှလုံးသား၊ ကြင်နာမှုနဲ့ ချိတ်ဆက်မှုရဲ့ မြေဆီလွှာထဲမှာ တန်ဖိုးထားလေးစားမှု ပွင့်လန်းနေတဲ့ ဥယျာဉ်တစ်ခု,Love
လက်တစ်ဖက် ဆန့်တန်းရင်း၊ စာနာမှုရှိတဲ့ ချည်မျှင်တွေက နားလည်မှုရဲ့ ကော်ဇောတစ်ခုကို ရက်ယှက်နေခြင်း၊ အခြားသူတွေရဲ့ ပျော်ရွှင်မှုတွေနဲ့ ဝမ်းနည်းမှုတွေကို ပွေ့ဖက်ခြင်း,Love
ဂရုစိုက်မှုတွေနဲ့ လေးလံနေတဲ့ ကရုဏာတရားရှိတဲ့ တိမ်တိုက်တွေ၊ လူသားတွေရဲ့ ဒုက္ခဆင်းရဲမှုရဲ့ ခြောက်သွေ့နေတဲ့ မြေပြင်ပေါ်သို့ စာနာမှုကို ရွာသွန်းပေးခြင်း,Love
ရယ်မောခြင်းရဲ့ မိုးရေထဲမှာ ပျော်ရွှင်စွာ ကခုန်နေခြင်း၊ ပျော်ရွှင်မှုနဲ့ ပေါ့ပါးမှုရဲ့ ရေအိုင်တွေထဲမှာ လှည့်ပတ်နေတဲ့ စိတ်ကူးယဉ်ဆန်တဲ့ စိတ်ဓာတ်,Joy
လွတ်လပ်တဲ့ စိတ်ဓာတ်ရဲ့ တောင်ပံတွေပေါ်မှာ ပျံသန်းနေခြင်း၊ လိုက်လျောညီထွေမှုရဲ့ သံကြိုးတွေကနေ လွတ်မြောက်ပြီး၊ ကောင်းကင်ကို လွတ်လပ်မှုနဲ့ ခြယ်မှုန်းနေခြင်း,Joy
စိတ်ကူးစိတ်သန်းရဲ့ အလင်းရောင်ထဲမှာ နစ်မြုပ်နေခြင်း၊ သာမန်အတွေးတွေရဲ့ ပြာပုံထဲကနေ ထမြောက်လာပြီး နယ်ပယ်အသစ်တွေကို စူးစမ်းရှာဖွေနေတဲ့ ဖန်တီးမှုရှိတဲ့ ဖီးနစ်ငှက်,Joy
မျှော်လင့်ချက် ပင်လယ်ထဲမှာ လမ်းညွှန်နေခြင်း၊ ဖြစ်နိုင်ခြေတွေရဲ့ နေထွက်ချိန်ဆီသို့ ရွက်လွှင့်နေခြင်း၊ အကောင်းမြင် မျှော်လင့်ချက် သင်္ဘောအပေါ် ယုံကြည်မှုရှိခြင်း,Joy
ယုံကြည်မှုနဲ့ လှမ်းလျှောက်နေခြင်း၊ မိမိကိုယ်ကို ယုံကြည်မှုရဲ့ ခြေရာတွေကို အောင်နိုင်ခဲ့တဲ့ စိန်ခေါ်မှုတွေနဲ့ ရယူခဲ့တဲ့ အောင်ပွဲတွေရဲ့ သဲသောင်ပြင်ပေါ်မှာ ရိုက်နှိပ်ထားခြင်း,Joy
ညရဲ့ သံစုံတီးဝိုင်းထဲမှာ ပျောက်ဆုံးနေခြင်း၊ လေလွင့်လိုစိတ်နဲ့ လရောင်အောက်က အိပ်မက်တွေရဲ့ ပုံပြင်တွေကို တီးတိုးပြောပြတဲ့ လရောင်အောက်က တေးသံ,Joy
စူးစမ်းလိုစိတ်ရဲ့ အလွှာတွေကို ဖော်ထုတ်နေခြင်း၊ မရှာဖွေတွေ့ရှိသေးတဲ့ ဗဟုသုတရဲ့ ရတနာသိုက်တွေဆီသို့ ပို့ဆောင်တဲ့ မေးခွန်းတွေရဲ့ ဝင်္ကပါတစ်ခု,Surprise
လမ်းပြကြယ်ဖြစ်တဲ့ ကျေးဇူးတင်မှု၊ ဘဝရဲ့ တန်ဖိုးရှိတဲ့ အခိုက်အတန့်တွေရဲ့ ကျယ်ပြန့်တဲ့ စကြဝဠာထဲက ကောင်းချီးမင်္ဂလာတွေရဲ့ ကြယ်စုတန်းကို လမ်းညွှန်နေခြင်း,Love
စိတ်အားထက်သန်တဲ့ နှလုံးသားနဲ့အတူ၊ စိတ်အားထက်သန်မှုရဲ့ လယ်ကွင်းတွေထဲမှာ ပြေးလွှားနေခြင်း၊ ပျော်ရွှင်မှုရဲ့ မြက်ခင်းပြင်တွေထဲမှာ နေရောင်ခြည်တွေနဲ့ ရယ်မောခြင်းကို လိုက်ဖမ်းနေခြင်း,Joy
ကရုဏာတရားရှိတဲ့ မိုး၊ စာနာမှုရဲ့ မျက်ရည်တွေက ညင်သာစွာ ကျဆင်းနေပြီး၊ လူသားဆက်ဆံရေးတွေရဲ့ ဥယျာဉ်ထဲက ကြင်နာမှုရဲ့ မျိုးစေ့တွေကို ပြုစုပျိုးထောင်ပေးခြင်း,Love
အောင်မြင်မှုရဲ့ တောင်ထိပ်တွေကို ဂုဏ်ယူစွာ တက်ရောက်နေခြင်း၊ စိန်ခေါ်မှုတွေကို အောင်နိုင်ပြီး အောင်မြင်မှုရဲ့ အလံကို စိုက်ထူနေတဲ့ တောင်တက်သမားတစ်ယောက်,Joy
ဘဝရဲ့ ပျော်ပွဲရွှင်ပွဲထဲက ပျော်ရွှင်စရာ စွန့်စားခန်းတစ်ခု၊ လားရထား ရယ်မောသံတွေနဲ့ သကြားလုံး အိပ်မက်တွေက ပျော်ရွှင်ဖွယ် လေထုထဲမှာ ဝေ့ဝဲနေခြင်း,Joy
စိတ်ကူးစိတ်သန်းရဲ့ တိမ်တိုက်တွေပေါ်မှာ ပျံဝဲနေခြင်း၊ ကောင်းကင်ကို ဖန်တီးမှုရဲ့ စုတ်ချက်တွေနဲ့ ခြယ်မှုန်းနေပြီး၊ အိပ်မက်တွေရဲ့ လက်ရာမြောက် ပန်းချီကားတစ်ချပ်ကို ဖန်တီးနေတဲ့ အနုပညာရှင်တစ်ယောက်,Joy
ကျေနပ်မှုရဲ့ မြစ်ထဲမှာ လမ်းညွှန်နေခြင်း၊ အတွင်းစိတ် ငြိမ်းချမ်းမှုနဲ့ လက်ခံမှုရဲ့ တည်ငြိမ်အေးချမ်းတဲ့ ရေပြင်ထဲမှာ တည်ငြိမ်အေးချမ်းတဲ့ လှေစီးခရီးစဉ်တစ်ခု,Joy
မီးအိမ်ဖြစ်တဲ့ စာနာမှုနဲ့အတူ၊ ဝမ်းနည်းမှုရဲ့ မှောင်မိုက်တဲ့ လမ်းကြားတွေထဲမှာ လှည့်လည်သွားလာနေခြင်း၊ ကရုဏာတရားနဲ့ ဂရုစိုက်မှုတို့နဲ့ လမ်းကို လင်းထိန်ပေးခြင်း,Love
အိပ်မက်တွေရဲ့ တောင်ပံတွေပေါ်မှာ ပျံသန်းနေတဲ့ လွတ်လပ်တဲ့ စိတ်ဓာတ်၊ အဆုံးမဲ့ ဖြစ်နိုင်ခြေတွေရဲ့ ကောင်းကင်ပြာထဲမှာ လွတ်လပ်မှုရဲ့ ခြေရာတွေကို ချန်ထားခဲ့ခြင်း,Joy
ကျေးဇူးသိတတ်မှုရဲ့ ရွှေရောင်အသွေးတွေထဲမှာ နစ်မြုပ်နေခြင်း၊ တန်ဖိုးထားလေးစားမှုရဲ့ နေဝင်ချိန်က နှလုံးသားရဲ့ ရှုခင်းတွေပေါ်သို့ နွေးထွေးတဲ့ အလင်းရောင်ကို ဖြာကျနေခြင်း,Love
ဘဝရဲ့ အကအခုန်ထဲက ယုံကြည်မှုရှိတဲ့ ခြေလှမ်းတွေ၊ မိမိကိုယ်ကို ယုံကြည်မှုက ဦးဆောင်တဲ့ ကပွဲခန်းမ၊ စိန်ခေါ်မှုတွေကြားထဲမှာ ကျက်သရေရှိစွာ လှည့်ပတ်ကခုန်နေခြင်း,Joy
လေရဲ့ မျှော်လင့်ချက်ရှိတဲ့ တီးတိုးသံတွေ၊ ပိုမိုတောက်ပတဲ့ မနက်ဖြန်ရဲ့ ကတိကဝတ်တွေကို သယ်ဆောင်လာခြင်း၊ ဖြစ်နိုင်ခြေတွေရဲ့ လေထုထဲက အကောင်းမြင်စိတ်ရဲ့ သံစုံတီးဝိုင်း,Joy
တာဝန်တွေကို ပျော်ရွှင်စွာ ဟန်ချက်ညီအောင် လုပ်ဆောင်နေခြင်း၊ အလုပ်နဲ့ ပျော်ရွှင်မှုရဲ့ လုပ်ဆောင်ချက်တွေကို ဟန်ချက်ညီအောင် ထိန်းညှိနေပြီး၊ ရယ်မောခြင်းကို လေထဲသို့ ပစ်မြှောက်နေတဲ့ ဆပ်ကပ်သမားတစ်ယောက်,Joy
ကြယ်တွေဆီသို့ စိတ်ကူးစိတ်သန်းရဲ့ ပုံပြင်တွေကို တီးတိုးပြောပြနေခြင်း၊ စိတ်ကူးစိတ်သန်းရဲ့ ချည်မျှင်တွေကနေ ကြယ်စုတန်းတွေကို ဖန်တီးနေတဲ့ ပုံပြင်ပြောသူတစ်ယောက်,Joy
မျှော်လင့်ချက်ရှိတဲ့ မျှော်လင့်ချက်ရဲ့ လှိုင်းလုံးတွေကြားထဲကနေ လမ်းကြောင်းတစ်ခု ရေးဆွဲနေခြင်း၊ မစူးစမ်းရသေးတဲ့ အိပ်မက်တွေရဲ့ ကမ်းခြေတွေဆီသို့ ဦးတည်မောင်းနှင်နေတဲ့ သင်္ဘောသားတစ်ယောက်,Joy
ကရုဏာတရားရှိတဲ့ မိုး၊ စာနာမှုရဲ့ မျက်ရည်တွေက ညင်သာစွာ ကျဆင်းနေပြီး၊ လူသားဆက်ဆံရေးတွေရဲ့ ဥယျာဉ်ထဲက ကြင်နာမှုရဲ့ မျိုးစေ့တွေကို ပြုစုပျိုးထောင်ပေးခြင်း,Love
အောင်မြင်မှုရဲ့ တောင်ထိပ်တွေကို ဂုဏ်ယူစွာ တက်ရောက်နေခြင်း၊ စိန်ခေါ်မှုတွေကို အောင်နိုင်ပြီး အောင်မြင်မှုရဲ့ အလံကို စိုက်ထူနေတဲ့ တောင်တက်သမားတစ်ယောက်,Joy
ဘဝရဲ့ ပျော်ပွဲရွှင်ပွဲထဲက ပျော်ရွှင်စရာ စွန့်စားခန်းတစ်ခု၊ လားရထား ရယ်မောသံတွေနဲ့ သကြားလုံး အိပ်မက်တွေက ပျော်ရွှင်ဖွယ် လေထုထဲမှာ ဝေ့ဝဲနေခြင်း,Joy
စိတ်ကူးစိတ်သန်းရဲ့ တိမ်တိုက်တွေပေါ်မှာ ပျံဝဲနေခြင်း၊ ကောင်းကင်ကို ဖန်တီးမှုရဲ့ စုတ်ချက်တွေနဲ့ ခြယ်မှုန်းနေပြီး၊ အိပ်မက်တွေရဲ့ လက်ရာမြောက် ပန်းချီကားတစ်ချပ်ကို ဖန်တီးနေတဲ့ အနုပညာရှင်တစ်ယောက်,Joy
ကျေနပ်မှုရဲ့ မြစ်ထဲမှာ လမ်းညွှန်နေခြင်း၊ အတွင်းစိတ် ငြိမ်းချမ်းမှုနဲ့ လက်ခံမှုရဲ့ တည်ငြိမ်အေးချမ်းတဲ့ ရေပြင်ထဲမှာ တည်ငြိမ်အေးချမ်းတဲ့ လှေစီးခရီးစဉ်တစ်ခု,Joy
မီးအိမ်ဖြစ်တဲ့ စာနာမှုနဲ့အတူ၊ ဝမ်းနည်းမှုရဲ့ မှောင်မိုက်တဲ့ လမ်းကြားတွေထဲမှာ လှည့်လည်သွားလာနေခြင်း၊ ကရုဏာတရားနဲ့ ဂရုစိုက်မှုတို့နဲ့ လမ်းကို လင်းထိန်ပေးခြင်း,Love
အိပ်မက်တွေရဲ့ တောင်ပံတွေပေါ်မှာ ပျံသန်းနေတဲ့ လွတ်လပ်တဲ့ စိတ်ဓာတ်၊ အဆုံးမဲ့ ဖြစ်နိုင်ခြေတွေရဲ့ ကောင်းကင်ပြာထဲမှာ လွတ်လပ်မှုရဲ့ ခြေရာတွေကို ချန်ထားခဲ့ခြင်း,Joy
ကျေးဇူးသိတတ်မှုရဲ့ ရွှေရောင်အသွေးတွေထဲမှာ နစ်မြုပ်နေခြင်း၊ တန်ဖိုးထားလေးစားမှုရဲ့ နေဝင်ချိန်က နှလုံးသားရဲ့ ရှုခင်းတွေပေါ်သို့ နွေးထွေးတဲ့ အလင်းရောင်ကို ဖြာကျနေခြင်း,Love
ဘဝရဲ့ အကအခုန်ထဲက ယုံကြည်မှုရှိတဲ့ ခြေလှမ်းတွေ၊ မိမိကိုယ်ကို ယုံကြည်မှုက ဦးဆောင်တဲ့ ကပွဲခန်းမ၊ စိန်ခေါ်မှုတွေကြားထဲမှာ ကျက်သရေရှိစွာ လှည့်ပတ်ကခုန်နေခြင်း,Joy
လေရဲ့ မျှော်လင့်ချက်ရှိတဲ့ တီးတိုးသံတွေ၊ ပိုမိုတောက်ပတဲ့ မနက်ဖြန်ရဲ့ ကတိကဝတ်တွေကို သယ်ဆောင်လာခြင်း၊ ဖြစ်နိုင်ခြေတွေရဲ့ လေထုထဲက အကောင်းမြင်စိတ်ရဲ့ သံစုံတီးဝိုင်း,Joy
တာဝန်တွေကို ပျော်ရွှင်စွာ ဟန်ချက်ညီအောင် လုပ်ဆောင်နေခြင်း၊ အလုပ်နဲ့ ပျော်ရွှင်မှုရဲ့ လုပ်ဆောင်ချက်တွေကို ဟန်ချက်ညီအောင် ထိန်းညှိနေပြီး၊ ရယ်မောခြင်းကို လေထဲသို့ ပစ်မြှောက်နေတဲ့ ဆပ်ကပ်သမားတစ်ယောက်,Joy
ကြယ်တွေဆီသို့ စိတ်ကူးစိတ်သန်းရဲ့ ပုံပြင်တွေကို တီးတိုးပြောပြနေခြင်း၊ စိတ်ကူးစိတ်သန်းရဲ့ ချည်မျှင်တွေကနေ ကြယ်စုတန်းတွေကို ဖန်တီးနေတဲ့ ပုံပြင်ပြောသူတစ်ယောက်,Joy
မျှော်လင့်ချက်ရှိတဲ့ မျှော်လင့်ချက်ရဲ့ လှိုင်းလုံးတွေကြားထဲကနေ လမ်းကြောင်းတစ်ခု ရေးဆွဲနေခြင်း၊ မစူးစမ်းရသေးတဲ့ အိပ်မက်တွေရဲ့ ကမ်းခြေတွေဆီသို့ ဦးတည်မောင်းနှင်နေတဲ့ သင်္ဘောသားတစ်ယောက်,Joy
ကရုဏာတရားရှိတဲ့ မိုး၊ စာနာမှုရဲ့ မျက်ရည်တွေက ညင်သာစွာ ကျဆင်းနေပြီး၊ လူသားဆက်ဆံရေးတွေရဲ့ ဥယျာဉ်ထဲက ကြင်နာမှုရဲ့ မျိုးစေ့တွေကို ပြုစုပျိုးထောင်ပေးခြင်း,Love
အောင်မြင်မှုရဲ့ တောင်ထိပ်တွေကို ဂုဏ်ယူစွာ တက်ရောက်နေခြင်း၊ စိန်ခေါ်မှုတွေကို အောင်နိုင်ပြီး အောင်မြင်မှုရဲ့ အလံကို စိုက်ထူနေတဲ့ တောင်တက်သမားတစ်ယောက်,Joy
ဘဝရဲ့ ပျော်ပွဲရွှင်ပွဲထဲက ပျော်ရွှင်စရာ စွန့်စားခန်းတစ်ခု၊ လားရထား ရယ်မောသံတွေနဲ့ သကြားလုံး အိပ်မက်တွေက ပျော်ရွှင်ဖွယ် လေထုထဲမှာ ဝေ့ဝဲနေခြင်း,Joy
စိတ်ပျက်အားငယ်မှုရဲ့ နက်ရှိုင်းသောတွင်းထဲမှာ နစ်မြုပ်နေခြင်း၊ အပိုင်းပိုင်းကွဲကြေသွားတဲ့ နှလုံးသား၊ မျှော်လင့်ချက်မဲ့ခြင်းရဲ့ ပဲ့တင်ထပ်နေတဲ့ တိတ်ဆိတ်မှုထဲမှာ ပျောက်ဆုံးနေခြင်း,Sadness
အဆိပ်ရှိတဲ့ နွယ်ပင်လို အရင်းတည်နေတဲ့ ခါးသီးမှု၊ စိတ်ဝိညာဉ်ကို နာကြည်းမှုရဲ့ ပင့်ကူအိမ်ထဲမှာ ရစ်ပတ်နေခြင်း၊ ငြိမ်းချမ်းမှုရဲ့ ဥယျာဉ်ကို အဆိပ်ခတ်နေခြင်း,Anger
အထီးကျန်မှုရဲ့ သဲကန္တာရထဲမှာ လှည့်လည်သွားလာနေခြင်း၊ ခြေလှမ်းတိုင်းက လေးလံတဲ့ သက်ပြင်းချသံ၊ ချိတ်ဆက်မှုရဲ့ တံလျှပ်တွေက တောက်ပနေပေမယ့် ဘယ်တော့မှ အကောင်အထည်မပေါ်ခြင်း,Sadness
မရှိတော့တဲ့ ထိတွေ့မှုတစ်ခုအတွက် တောင့်တနေခြင်း၊ အဝေးက နွေးထွေးမှုရဲ့ ပဲ့တင်သံတွေက အထီးကျန်မှုရဲ့ အေးစက်တဲ့ ပွေ့ဖက်မှုထဲမှာ နှလုံးသားကို ခြောက်လှန့်နေခြင်း,Neutral
ညဘက်မှာ မျက်လုံးတွေ ကျယ်ကျယ်ဖွင့်ထားခြင်း၊ ကြောက်စရာကောင်းတဲ့ အရိပ်တွေက နံရံတွေပေါ်မှာ ကခုန်နေခြင်း၊ စိတ်က စိတ်ကူးယဉ် ထိတ်လန့်မှုတွေရဲ့ အကျဉ်းသား,Fear
မသေချာမရေရာမှုရဲ့ ကြိုးတန်းပေါ်က စိုးရိမ်ကြောင့်ကြတဲ့ ခြေလှမ်းတွေ၊ ပြုတ်ကျခြင်းက ရှောင်လွှဲလို့မရပုံပေါ်တဲ့ ဟန်ချက်ညီအောင် ထိန်းညှိမှု၊ စိုးရိမ်ပူပန်မှုက အမြဲတမ်း အဖော်,Fear
ကမ္ဘာလောကရဲ့ ဝန်ထုပ်ဝန်ပိုးကြောင့် လွှမ်းမိုးခံနေရခြင်း၊ တုန်ယင်နေတဲ့ ပခုံးတွေနဲ့ အတ္တလပ်စ်၊ တာဝန်တိုင်းက ပင်ပန်းနွမ်းနယ်မှုရဲ့ ရှုခင်းထဲက ကျောက်တုံးကြီးတစ်ခု,Fear
မျက်လုံးစိမ်းနဲ့ မိစ္ဆာဖြစ်တဲ့ မနာလိုဝန်တိုမှု၊ အရိပ်တွေထဲမှာ ပုန်းအောင်းနေခြင်း၊ အခြားသူတွေရဲ့ အောင်မြင်မှုရဲ့ နေရောင်ခြည်အပေါ် မှောင်မိုက်တဲ့ တိမ်တိုက်တစ်ခု ဖုံးလွှမ်းနေခြင်း,Anger
သစ္စာဖောက်မှုရဲ့ မုန်တိုင်းကြောင့် ပျက်စီးဆုံးရှုံးခြင်း၊ ယုံကြည်မှုရဲ့ အပျက်အစီးတွေက အပိုင်းအစတွေလို ပြန့်ကျဲနေခြင်း၊ ကတိပျက်ခြင်းရဲ့ လေပြင်းတွေကြောင့် စုတ်ပြဲနေတဲ့ နှလုံးသား,Sadness
ကီးဘုတ်ကို တတောက်တောက် ခေါက်နေတဲ့ စိတ်ပျက်နေတဲ့ လက်ချောင်းတွေ၊ မပြည့်မီတဲ့ မျှော်လင့်ချက်တွေရဲ့ မဖြေရှင်းနိုင်တဲ့ ပဟေဠိတစ်ခုကို ရေးစပ်နေတဲ့ စိတ်အနှောင့်အယှက်ဖြစ်မှုရဲ့ သံစုံတီးဝိုင်း,Anger
ရွှေချထားတဲ့ ဆုတံဆိပ်ကို စိုက်ကြည့်နေတဲ့ ငြူစူတဲ့ မျက်လုံးတွေ၊ ထာဝရ လက်လှမ်းမမီပုံပေါ်တဲ့ ပိုင်ဆိုင်မှုတွေအတွက် နာကျင်ဖွယ် ဆန္ဒက တွန်းအားပေးတဲ့ နှလုံးသားနာကျင်မှု,Anger
ပယ်ချတဲ့ အကြည့်တွေ၊ လျစ်လျူရှုမှုနဲ့ တည်ဆောက်ထားတဲ့ ခံတပ်၊ နားလည်မှုနဲ့ အသိအမှတ်ပြုမှုရဲ့ တောင်းပန်သံတွေကို ထိုးဖောက်လို့မရတဲ့ နံရံတွေ,Neutral
ကွဲကြေသွားတဲ့ အိပ်မက်တွေက ကြမ်းပြင်ပေါ်မှာ ဖန်ကွဲစတွေလို ပြန့်ကျဲနေခြင်း၊ စိတ်ပျက်မှုရဲ့ လက်တွေနဲ့ ဖန်တီးထားတဲ့ စိတ်ပျက်မှုရဲ့ စပ်ဟပ်ပုံ,Anger
အထီးကျန်မှု၊ ညဘက်က တိတ်ဆိတ်တဲ့ အဖော်၊ အထီးကျန်မှုရဲ့ အခန်းထဲက တစ်ခုတည်းသော ပဲ့တင်သံ၊ နှလုံးသားရဲ့ တစ်ကိုယ်တည်း ညသီချင်း,Sadness
အမှောင်ထဲက ကြောက်ရွံ့ဖွယ် တီးတိုးသံတွေ၊ စိတ်က မသိသေးတဲ့အရာရဲ့ တစ္ဆေကြောင့် ခြောက်လှန့်ခံနေရခြင်း၊ စိုးရိမ်ပူပန်မှုရဲ့ တေးသံစဉ်အတိုင်း ကခုန်နေတဲ့ အရိပ်တွေ,Fear
ခါးသီးမှု၊ လျှာပေါ်မှာ ကျန်ရစ်နေတဲ့ ခါးသက်တဲ့ အရသာ၊ စကားလုံးတိုင်းက အချိန်ကုန်လွန်တာနဲ့အမျှ ကျက်ဖို့ ငြင်းဆန်နေတဲ့ ဒဏ်ရာတွေရဲ့ သတိပေးချက်,Anger
မျှော်လင့်ချက်တွေရဲ့ ဆူညံပွက်လောရိုက်မှုကြောင့် လွှမ်းမိုးခံနေရခြင်း၊ ဖိအားရဲ့ မုန်တိုင်းထဲက နစ်မြုပ်နေတဲ့ စိတ်ဝိညာဉ်၊ ရေပေါ်ပေါ်နေဖို့ ရုန်းကန်နေရခြင်း,Fear
မနာလိုဝန်တိုမှု၊ သွေးကြောတွေထဲကို စိမ့်ဝင်နေတဲ့ အဆိပ်၊ နှလုံးသားကို အဆိပ်ခတ်ပြီး မကျေနပ်မှုတွေ ပေါက်ဖွားရာနေရာအဖြစ်သို့ ပြောင်းလဲခြင်း,Anger
သစ္စာဖောက်မှု ဖော်ထုတ်ခြင်းကြောင့် ပျက်စီးဆုံးရှုံးခြင်း၊ ယုံကြည်မှုက ကြေလွယ်တဲ့ ဖန်သားလို ကွဲကြေသွားပြီး၊ နာကျင်မှုရဲ့ အပိုင်းအစတွေကို ချန်ထားခဲ့ခြင်း,Sadness
ပျက်စီးနေတဲ့ ချိတ်ဆက်မှုတစ်ခုကို ပြုပြင်ဖို့ စိတ်ပျက်ဖွယ် ကြိုးပမ်းမှုတွေ၊ နားလည်မှုရဲ့ ချည်မျှင်တွေက သဲမှုန်တွေလို လက်ချောင်းတွေကြားကနေ လျှောကျနေခြင်း,Anger
အောင်မြင်မှုရဲ့ စင်မြင့်ပေါ်သို့ ပစ်လွှတ်လိုက်တဲ့ ငြူစူတဲ့ အကြည့်တွေ၊ မျိုချလိုက်ရတဲ့ ခါးသက်တဲ့ ဆေးလုံး၊ မရောက်ရှိသေးတဲ့ အမြင့်တွေရဲ့ အမြဲတမ်း သတိပေးချက်အဖြစ် ကျန်ရစ်နေတဲ့ အရသာ,Anger
ပယ်ချတဲ့ အမူအရာတွေ၊ ထိခိုက်လွယ်မှုကို ကာကွယ်ဖို့ ချထားတဲ့ ကန့်လန့်ကာ၊ စိတ်ခံစားမှုတွေက လျစ်လျူရှုမှုရဲ့ ဖျော်ဖြေမှုနောက်ကို ရောက်သွားတဲ့ စင်မြင့်,Neutral
လေးလံတဲ့ မြူနှင်းလို စိတ်ပျက်အားငယ်မှု၊ အတွေးတိုင်းကို လွှမ်းခြုံနေခြင်း၊ ရှေ့ဆက်ရမယ့် လမ်းကို ဝေဝါးစေခြင်း၊ လုံးဝ မျှော်လင့်ချက်မဲ့ခြင်းရဲ့ ဝင်္ကပါထဲက ခရီးစဉ်တစ်ခု,Sadness
ခါးသီးမှု၊ လေထုထဲက ခါးသက်တဲ့ အအေးဓာတ်၊ အခိုက်အတန့်တွေကို အန္တရာယ်ရှိစွာ ချိတ်ဆွဲထားတဲ့ နာကြည်းမှုရဲ့ ရေခဲချောင်းတွေအဖြစ်သို့ အေးခဲစေခြင်း၊ အမှတ်တရရဲ့ ရှုခင်းအပေါ်မှာ,Anger
အထီးကျန်မှု၊ ကြယ်မရှိတဲ့ ကောင်းကင်ထဲက တစ်ကိုယ်တည်း လ၊ အထီးကျန်မှုရဲ့ ရှုခင်းပေါ်သို့ အေးစက်တဲ့ အလင်းရောင်ကို ဖြာကျနေခြင်း၊ လွတ်နေတဲ့ နေရာတွေမှာ ပဲ့တင်သံတွေ ပြန်ဟပ်နေတဲ့နေရာ,Sadness
ကွယ်ပျောက်သွားတဲ့ နေရဲ့ နွေးထွေးမှုအတွက် တောင့်တနေခြင်း၊ မိုးကုတ်စက်ဝိုင်းကို ဘယ်တော့မှ မချီးမြှင့်ခဲ့တဲ့ နေဝင်ချိန်ရဲ့ အရောင်အသွေးတွေနဲ့ ခြယ်မှုန်းထားတဲ့ နှလုံးသားနာကျင်မှု,Neutral
အရိပ်တွေကို စူးစမ်းကြည့်နေတဲ့ ကြောက်ရွံ့ဖွယ် မျက်လုံးတွေ၊ ညရဲ့ အကျဉ်းသား၊ စိတ်ရဲ့ အမှောင်မိုက်ဆုံး ထောင့်တွေကနေ မွေးဖွားလာတဲ့ ပုန်းအောင်းနေတဲ့ မိစ္ဆာတွေကြောင့် ထိတ်လန့်နေခြင်း,Fear
လေထဲက စိုးရိမ်ကြောင့်ကြတဲ့ တီးတိုးသံတွေ၊ မသေချာမရေရာမှုရဲ့ ခန့်မှန်းချက်၊ သံသယရဲ့ မုန်တိုင်းထဲမှာ ရိုင်းစိုင်းစွာ လည်ပတ်နေတဲ့ စိတ်ရဲ့ လေညွှန်ကိရိယာ,Fear
မျှော်လင့်ချက်တွေရဲ့ ဝင်္ကပါကြောင့် လွှမ်းမိုးခံနေရခြင်း၊ ဝင်္ကပါထဲမှာ ပုန်းအောင်းနေပြီး၊ ကြံ့ကြံ့ခံနိုင်ရည်ရဲ့ စိတ်ဓာတ်ကို ဝါးမြိုဖို့ စောင့်ဆိုင်းနေတဲ့ ဖိအားရဲ့ မီနိုတော,Fear
မနာလိုဝန်တိုမှု၊ အနာစိမ်းဖြစ်နေတဲ့ ဒဏ်ရာ၊ ခြံစည်းရိုးအလွန်မှာ ပွင့်လန်းနေတဲ့ အခြားသူတွေရဲ့ အောင်မြင်မှုတွေရဲ့ ဥယျာဉ်ကို ကြည့်လိုက်တိုင်း နာကျင်မှုက ပိုမိုပြင်းထန်လာခြင်း,Anger
ပျက်စီးဆုံးရှုံးခြင်း၊ အပျက်အစီးတွေကြားက နှလုံးသား၊ ကွဲကြေသွားတဲ့ အိပ်မက်တွေရဲ့ ပဲ့တင်သံတွေက အခန်းတွေထဲမှာ ပြန်ဟပ်နေခြင်း၊ တစ်ချိန်က ပြည့်စုံခဲ့တဲ့အရာအတွက် ဝမ်းနည်းဖွယ် တေးသံ,Sadness
ရှုပ်ထွေးမှုရဲ့ အထုံးကို ဖြေရှင်းဖို့ စိတ်ပျက်ဖွယ် ကြိုးပမ်းမှုတွေ၊ နားလည်မှုလွဲမှားခြင်းရဲ့ ဝင်္ကပါထဲသို့ ပိုမိုလျှောကျသွားတဲ့ နားလည်မှုရဲ့ ချည်မျှင်တွေ,Anger
အခွင့်အလမ်းတွေရဲ့ ရတနာသေတ္တာကို စိုက်ကြည့်နေတဲ့ ငြူစူတဲ့ မျက်လုံးတွေ၊ ထာဝရ ရှောင်တိမ်းနေပုံပေါ်တဲ့ သော့တွေအတွက် ဆန္ဒက တွန်းအားပေးတဲ့ နှလုံးသားနာကျင်မှု,Anger
ပယ်ချတဲ့ အမူအရာတွေ၊ ထိခိုက်လွယ်မှုကို ကာကွယ်ဖို့ ချထားတဲ့ ကန့်လန့်ကာ၊ စိတ်ခံစားမှုတွေက လျစ်လျူရှုမှုရဲ့ ဖျော်ဖြေမှုနောက်ကို ရောက်သွားတဲ့ စင်မြင့်,Neutral
ကွဲကြေသွားတဲ့ အိပ်မက်တွေက ကြမ်းပြင်ပေါ်မှာ ဖန်ကွဲစတွေလို ပြန့်ကျဲနေခြင်း၊ စိတ်ပျက်မှုရဲ့ လက်တွေနဲ့ ဖန်တီးထားတဲ့ စိတ်ပျက်မှုရဲ့ စပ်ဟပ်ပုံ,Anger
အထီးကျန်မှု၊ ညဘက်က တိတ်ဆိတ်တဲ့ အဖော်၊ အထီးကျန်မှုရဲ့ အခန်းထဲက တစ်ခုတည်းသော ပဲ့တင်သံ၊ နှလုံးသားရဲ့ တစ်ကိုယ်တည်း ညသီချင်း,Sadness
တောင်တန်းတွေပေါ်က ရင်သပ်ရှုမောဖွယ် နေထွက်ချိန်ကို အံ့သြတကြီး ငေးမောမိပါတယ်,Surprise
စိန်ခေါ်မှုတွေကြားထဲကနေ စိတ်ပိုင်းဖြတ်မှုနဲ့ လမ်းညွှန်ဖြတ်သန်းနေပါတယ်,Joy
ဓာတ်ပုံအယ်လ်ဘမ်ဟောင်းတစ်ခုကို လှန်လှောကြည့်ရင်း အတိတ်ကိုတမ်းတစိတ် ဝင်လာပါတယ်,Sadness
ယဉ်ကျေးမှု ပွဲတော်တစ်ခုရဲ့ ခမ်းနားထည်ဝါမှုကို တွေ့မြင်ရလို့ စိတ်လှုပ်ရှားမိပါတယ်,Joy
ပြတင်းပေါက်မှန်ပေါ်က မိုးစက်တွေရဲ့ စည်းချက်ထဲမှာ တည်ငြိမ်အေးချမ်းမှုကို ရှာဖွေတွေ့ရှိပါတယ်,Joy
ကိုယ်ပိုင်စိန်ခေါ်မှုတစ်ခုအတွင်း ရရှိခဲ့တဲ့ အားပေးကူညီမှုတွေကြောင့် လွှမ်းမိုးခံစားရပါတယ်,Fear
အရမ်းစောင့်မျှော်နေတဲ့ အားလပ်ရက်အတွက် နောက်ပြန်ရေတွက်မှု စတင်ချိန်မှာ စိတ်လှုပ်ရှားမှုတွေ တိုးပွားလာပါတယ်,Joy
ဘဝခရီးစဉ်ကို ပြန်လည်သုံးသပ်ရင်း၊ သင်ယူခဲ့ရတဲ့ သင်ခန်းစာတွေအတွက် ကျေးဇူးတင်မိပါတယ်,Love
ချစ်ခင်ရတဲ့ သူငယ်ချင်းတစ်ယောက်ကို နှုတ်ဆက်ခွဲခွာချိန်မှာ ချိုမြိန်ခါးသက်တဲ့ စိတ်ခံစားမှုတွေ ဖြစ်ပေါ်လာပါတယ်,Neutral
လျှို့ဝှက်ဆန်းကြယ်တဲ့ ရှေးဟောင်းအပျက်အစီးတစ်ခုကို စူးစမ်းရှာဖွေရင်း စူးစမ်းလိုစိတ် ဖြစ်ပေါ်လာပါတယ်,Surprise
လက်မှုပညာနဲ့ ဖန်တီးထားတဲ့ လက်ရာမြောက် ပန်းချီကားတစ်ချပ်ရဲ့ ရှုပ်ထွေးတဲ့ အသေးစိတ်အချက်အလက်တွေကို လေးစားမိပါတယ်,Love
ဆောင်းရာသီ ညနေခင်းတစ်ခုမှာ နွေးထွေးတဲ့ မီးဖိုရဲ့ နွေးထွေးမှုကြောင့် အလွန်ပျော်ရွှင်မိပါတယ်,Joy
တောက်ပတဲ့ နေဝင်ချိန်ရဲ့ အရောင်အသွေးတွေကို ကြည့်ရှုရင်း စိတ်ကူးစိတ်သန်း ဖြစ်ပေါ်လာပါတယ်,Surprise
အားအင်ပြည့်ဝစေတဲ့ လေ့ကျင့်ခန်းတစ်ခုပြီးနောက် ကျန်းမာရေးပန်းတိုင်တွေကို အောင်မြင်ဖို့ စိတ်အားထက်သန်လာပါတယ်,Neutral
မနက်ခင်း ကော်ဖီတစ်ခွက်ထဲမှာ တွေ့ရှိရတဲ့ ရိုးရှင်းတဲ့ ပျော်ရွှင်မှုလေးတွေအတွက် ကျေးဇူးတင်ခြင်း,Love
စိန်ခေါ်မှုရှိတဲ့ တောင်တက်လမ်းတစ်ခုကို အောင်နိုင်ပြီးနောက် စွမ်းဆောင်နိုင်မှု ခံစားရပါတယ်,Joy
ကစားချိန်အတွင်း ဆော့ကစားနေတဲ့ ကြောင်ပေါက်လေးတွေရဲ့ ချစ်စဖွယ် အပြုအမူလေးတွေကြောင့် ပျော်ရွှင်မိပါတယ်,Joy
ကြယ်တွေစုံတဲ့ ညကောင်းကင်အောက်မှာ ဘဝရဲ့ လျှို့ဝှက်ဆန်းကြယ်မှုတွေကို စဉ်းစားတွေးတောနေပါတယ်,Neutral
နှစ်ပေါင်းများစွာ ကွဲကွာပြီးနောက် ကာလကြာရှည် ပျောက်ဆုံးနေတဲ့ သူငယ်ချင်းတွေနဲ့ ပျော်ရွှင်စွာ ပြန်လည်ဆုံစည်းခြင်း,Joy
အံ့အားသင့်ဖွယ် အခမ်းအနားတစ်ခုအတွက် ပြင်ဆင်နေချိန်မှာ စိတ်လှုပ်ရှားမှုတွေ တိုးပွားလာပါတယ်,Joy
ကိုယ်တိုင်လုပ် ပရောဂျက်တစ်ခုကို အောင်မြင်စွာ ပြီးမြောက်ခြင်းကနေ ရရှိတဲ့ ကျေနပ်မှု,Joy
လိုအပ်နေတဲ့အချိန်တွေမှာ အားပေးကူညီတဲ့ လူမှုအသိုင်းအဝိုင်းအတွက် ကောင်းချီးခံစားရပါတယ်,Love
အပြည့်အဝ ပွင့်လန်းနေတဲ့ တည်ငြိမ်အေးချမ်းတဲ့ ဥယျာဉ်တစ်ခုရဲ့ တည်ငြိမ်အေးချမ်းမှုကြောင့် စွဲလန်းမိပါတယ်,Joy
ထူးခြားဆန်းပြားတဲ့ ခရီးစဉ်တစ်ခုမှာ လာမယ့် စွန့်စားခန်းတစ်ခုအတွက် မျှော်လင့်ချက်,Joy
ဘဝအတွေ့အကြုံတွေကနေတစ်ဆင့် ရရှိခဲ့တဲ့ ကိုယ်ပိုင်တိုးတက်မှုကို ပြန်လည်သုံးသပ်နေပါတယ်,Neutral
ငယ်ဘဝ အကြိုက်ဆုံးတွေကို ပြန်လည်လည်ပတ်ချိန်မှာ အတိတ်ကိုတမ်းတတဲ့ အမှတ်တရတွေ ပြည့်လျှံလာပါတယ်,Sadness
ခရီးသွားစဉ်အတွင်း ကြုံတွေ့ခဲ့ရတဲ့ တက်ကြွတဲ့ ယဉ်ကျေးမှုအတွက် တန်ဖိုးထားလေးစားမှု,Love
လူရှေ့စကားပြော ကြောက်ရွံ့မှုကို ကျော်လွှားပြီးနောက် ယုံကြည်မှု မြင့်တက်လာပါတယ်,Neutral
ရယ်မောသံတွေနဲ့ ပြည့်နေတဲ့ မိသားစုစုဝေးပွဲတစ်ခုရဲ့ အလယ်မှာ ကျေနပ်မှု,Joy
ကျွမ်းကျင်မှုအသစ်တွေ သင်ယူပြီး ဗဟုသုတ တိုးပွားဖို့ စိတ်အားထက်သန်မှု,Joy
မြို့ထဲက လျှို့ဝှက်နေရာလေးတစ်ခုကို ရှာဖွေတွေ့ရှိရလို့ အံ့သြဝမ်းသာမှု,Surprise
စိန်ခေါ်မှုရှိတဲ့ လေ့ကျင့်ခန်းတစ်ခု ပြီးမြောက်ပြီးနောက် အောင်မြင်မှု ခံစားချက်,Joy
မိုးရွာပြီးနောက် သက်တံနှစ်ထပ်ရဲ့ အလှတရားကို အံ့သြတကြီး ငေးမောခြင်း,Surprise
စိန်ခေါ်မှုတွေကြားထဲက တောက်ပတဲ့ အနာဂတ်အတွက် အကောင်းမြင်စိတ်,Joy
အသက်မွေးဝမ်းကျောင်း တိုးတက်မှုမှာ ကိုယ်ပိုင်မှတ်တိုင်တစ်ခုကို အောင်မြင်မှုအတွက် ဂုဏ်ယူခြင်း,Joy
နေသာတဲ့နေ့တစ်နေ့မှာ ဥယျာဉ်ထဲက ပန်းတွေလို ပျော်ရွှင်မှု ပွင့်လန်းလာပါတယ်,Joy
ချစ်စရာကောင်းတဲ့ စာအုပ်ဆိုင်လေးတစ်ခုမှာ ရှားပါးစာအုပ်တစ်အုပ် ရှာဖွေတွေ့ရှိခြင်းအပေါ် ရွှင်လန်းတက်ကြွမှု,Joy
ရှေးဟောင်းသုတေသန နေရာတစ်ခုရဲ့ လျှို့ဝှက်ဆန်းကြယ်မှုတွေကြောင့် စူးစမ်းလိုစိတ် ဖြစ်ပေါ်လာပါတယ်,Surprise
လသာညမှာ ပိုးစုန်းကြူးတွေရဲ့ စကြဝဠာအကကြောင့် စွဲလန်းမိပါတယ်,Surprise
Abstract အနုပညာပြပွဲတစ်ခုက အရောင်အသွေးတွေရဲ့ သံစုံတီးဝိုင်းကြောင့် စိတ်ဝင်စားမိပါတယ်,Surprise
ကလေးတွေရဲ့ ကစားပွဲနေ့အတွင်း ရယ်သံလွင်လွင်နဲ့ ပျော်ရွှင်မှုတွေ လေထဲမှာ ပဲ့တင်ထပ်နေပါတယ်,Joy
ကန်နဘေးမှာ သတိပဋ္ဌာန် ကျင့်ကြံနေချိန်မှာ တည်ငြိမ်အေးချမ်းမှုက လွှမ်းခြုံထားပါတယ်,Neutral
ကျယ်ပြန့်တဲ့ ကောင်းကင်ယံမှာ မြင့်မားစွာ ပျံဝဲနေတဲ့ စွန်လို အိပ်မက်တွေကို လိုက်ဖမ်းနေပါတယ်,Neutral
ကြည်လင်တဲ့ မီးဆိုင်းတွေအောက်က ကပွဲခန်းမအကရဲ့ ကျက်သရေရှိမှုကြောင့် စွဲလန်းမိပါတယ်,Neutral
ဒဏ္ဍာရီပုံပြင်တွေနဲ့ မှော်ဆန်တဲ့ သတ္တဝါတွေရဲ့ လောကထဲက စိတ်ကူးယဉ်ဆန်တဲ့ ပျော်ရွှင်မှု,Neutral
မေ့လျော့နေတဲ့ ယဉ်ကျေးမှုတစ်ခုရဲ့ ရှေးဟောင်းအပျက်အစီးတွေကြားထဲက အတွေးနက်နေတဲ့ စဉ်းစားတွေးတောမှု,Neutral
ရိုလာကိုစတာရဲ့ စိတ်လှုပ်ရှားဖွယ် လှည့်ကွက်တွေပေါ်က အရှိန်ရဲ့ သည်းထိတ်ရင်ဖိုမှုကို ပွေ့ဖက်ခြင်း,Joy
ဂီတပညာရှင်တွေက စည်းလုံးညီညွတ်မှုနဲ့ အတူတကွရှိမှုရဲ့ သံစဉ်တစ်ခုကို တီးခတ်ချိန်မှာ သဟဇာတဖြစ်မှုက ပဲ့တင်ထပ်နေပါတယ်,Neutral
အနုပညာရှင်တစ်ယောက်ရဲ့ တိတ်ဆိတ်ငြိမ်သက်တဲ့ တစ်ကိုယ်တည်းနေရာထဲက ဖန်တီးမှု ပေါက်ကွဲထွက်ခြင်း,Surprise
နေရောင်ခြည်ထိတွေ့နေတဲ့ နွေဦးရာသီ မနက်ခင်းမှာ ပွင့်လန်းနေတဲ့ ပန်းတွေနဲ့ တူတဲ့ တောက်ပတဲ့ ပျော်ရွှင်မှု,Joy
ကြယ်ကြည့်တဲ့ညတစ်ညမှာ စကြဝဠာရဲ့ ကျယ်ပြန့်မှုကို အံ့သြတကြီး ခံစားရခြင်း,Surprise
ပင်လယ်ကမ်းစပ်က ဆားငန်လေနဲ့ လှိုင်းသံတွေကြောင့် လန်းဆန်းတက်ကြွလာခြင်း,Neutral
တည်ငြိမ်အေးချမ်းတဲ့ တောအုပ်ထဲက တရှဲရှဲမြည်နေတဲ့ သစ်ရွက်တွေဆီက စိတ်ကူးစိတ်သန်း တီးတိုးသံတွေ,Surprise
အေးစိမ့်တဲ့ ဆောင်းရာသီ ညနေခင်းမှာ ကိုကိုးပူပူတစ်ခွက်ရဲ့ နွေးထွေးမှုကို အရသာခံနေပါတယ်,Neutral
မိသားစု ပြန်လည်ဆုံစည်းပွဲအတွင်း မျှဝေခံစားခဲ့ရတဲ့ ရယ်မောသံတွေအတွက် ရင်ထဲက ကျေးဇူးတင်ခြင်း,Love
အစားအသောက် စွန့်စားခန်းတစ်ခုကို စတင်ခြင်း၊ ကမ္ဘာတစ်ဝှမ်းက ထူးခြားဆန်းပြားတဲ့ အရသာတွေကို အရသာခံခြင်း,Surprise
နောက်ဆုံး ပဟေဠိအပိုင်းအစ နေရာတကျဖြစ်သွားချိန်မှာ အလွန်အမင်း ပျော်ရွှင်မှုတွေ ပြည့်လျှံလာပါတယ်,Joy
ရှေးဟောင်း ဘုရားရှိခိုးကျောင်းကြီးတစ်ခုရဲ့ ရှုပ်ထွေးတဲ့ ဗိသုကာလက်ရာရဲ့ ခမ်းနားထည်ဝါမှုကြောင့် အံ့သြတကြီး ဖြစ်မိပါတယ်,Surprise
ပိုးစုန်းကြူးတွေနဲ့ ပြည့်နေတဲ့ လယ်ကွင်းတစ်ခုရဲ့ အခြားကမ္ဘာဆန်တဲ့ အလှတရားကြောင့် စွဲလန်းမိပါတယ်,Surprise
လမ်းဘေး ဂီတပညာရှင်တစ်ယောက်ရဲ့ တယောရဲ့ စွဲမက်ဖွယ် သံစဉ်တွေထဲမှာ နစ်မြုပ်နေပါတယ်,Neutral
တက်ကြွတဲ့ နွေရာသီ ပျော်ပွဲရွှင်ပွဲတစ်ခုတစ်လျှောက် ပျော်ရွှင်ဖွယ် ရယ်မောသံတွေ ပဲ့တင်ထပ်နေပါတယ်,Joy
သတိပဋ္ဌာန် တရားထိုင်ချိန်အတွင်း အတွင်းစိတ် စကြဝဠာကို စူးစမ်းရှာဖွေနေပါတယ်,Neutral
ကမ်းရိုးတန်း ချောက်ကမ်းပါးရဲ့ လေပြင်းတွေပေါ်မှာ လွတ်လပ်တဲ့ စိတ်ဓာတ်လို ပျံဝဲနေပါတယ်,Surprise
မျက်နှာဖုံးစွပ် ကပွဲတစ်ခုရဲ့ တောက်ပတဲ့ ဝတ်စုံတွေရဲ့ ကျက်သရေရှိမှုကြောင့် အံ့သြမှင်သက်မိပါတယ်,Joy
စိတ်ကူးယဉ်ဆန်တဲ့ ဒဏ္ဍာရီပုံပြင်တွေရဲ့ လောကထဲက စိတ်ကူးယဉ်ဆန်တဲ့ ပျော်ရွှင်မှု,Neutral
မေ့လျော့နေတဲ့ ခေတ်တစ်ခုရဲ့ အပျက်အစီးတွေကြားထဲက ပြန်လည်သုံးသပ် စဉ်းစားတွေးတောမှု,Neutral
ရိုလာကိုစတာရဲ့ ရိုင်းစိုင်းတဲ့ လှည့်ကွက်တွေပေါ်က အဒရီနယ်လင်း ထွက်ရှိမှုရဲ့ စိတ်လှုပ်ရှားမှုကို စီးနင်းနေပါတယ်,Neutral
ဂီတပညာရှင်တွေက စည်းလုံးညီညွတ်မှုရဲ့ သံစုံတီးဝိုင်းတစ်ခုကို တီးခတ်ချိန်မှာ သဟဇာတဖြစ်မှုက ပဲ့တင်ထပ်နေပါတယ်,Neutral
အနုပညာရှင်တစ်ယောက်ရဲ့ တိတ်ဆိတ်ငြိမ်သက်မှုထဲက အနုပညာ ဖန်တီးမှု ပေါက်ကွဲထွက်ခြင်း,Neutral
နေရောင်ခြည်ထိတွေ့နေတဲ့ နွေဦးရာသီ မနက်ခင်းမှာ ပွင့်လန်းနေတဲ့ ပန်းတွေနဲ့ တူတဲ့ တောက်ပတဲ့ ပျော်ရွှင်မှု,Joy
ကြယ်ကြည့်တဲ့ညတစ်ညမှာ စကြဝဠာရဲ့ ကျယ်ပြန့်မှုကြောင့် အံ့သြတကြီး ဖြစ်မိပါတယ်,Surprise
ပင်လယ်ကမ်းစပ်က ဆားငန်လေနဲ့ လှိုင်းသံတွေကြောင့် လန်းဆန်းတက်ကြွလာခြင်း,Neutral
တည်ငြိမ်အေးချမ်းတဲ့ တောအုပ်ထဲက တရှဲရှဲမြည်နေတဲ့ သစ်ရွက်တွေဆီက စိတ်ကူးစိတ်သန်း တီးတိုးသံတွေ,Surprise
အေးစိမ့်တဲ့ ဆောင်းရာသီ ညနေခင်းမှာ ကိုကိုးပူပူတစ်ခွက်ရဲ့ နွေးထွေးမှုကို အရသာခံနေပါတယ်,Neutral
မိသားစု ပြန်လည်ဆုံစည်းပွဲအတွင်း မျှဝေခံစားခဲ့ရတဲ့ ရယ်မောသံတွေအတွက် ရင်ထဲက ကျေးဇူးတင်ခြင်း,Love
အစားအသောက် ခရီးရှည်တစ်ခုကို စတင်ခြင်း၊ ကမ္ဘာတစ်ဝှမ်းက အရသာတွေကို အရသာခံခြင်း,Neutral
နောက်ဆုံး ပဟေဠိအပိုင်းအစ ကွက်တိဖြစ်သွားချိန်မှာ အလွန်အမင်း ပျော်ရွှင်မှုတွေ ပြည့်လျှံလာပါတယ်,Joy
ရှေးဟောင်း ဘုရားရှိခိုးကျောင်းကြီးတစ်ခုရဲ့ ရှုပ်ထွေးတဲ့ ဗိသုကာလက်ရာရဲ့ ခမ်းနားထည်ဝါမှုကြောင့် အံ့သြတကြီး ငေးမောမိပါတယ်,Surprise
ရှေးဟောင်းသုတေသန နေရာတစ်ခုရဲ့ လျှို့ဝှက်ဆန်းကြယ်မှုတွေကြောင့် စူးစမ်းလိုစိတ် နိုးကြားလာပါတယ်,Surprise
ပထမဆုံး နှင်းပွင့်လေးတွေ ကောင်းကင်ကနေ ကခုန်ကျလာချိန်မှာ စိတ်လှုပ်ရှားမှုကြောင့် မူးဝေနောက်ကျိနေပါတယ်,Joy
လတ်လတ်ဆတ်ဆတ် ဖုတ်ထားတဲ့ ပေါင်မုန့်ရဲ့ ရနံ့က လေထဲမှာ ပြည့်နှက်နေချိန်မှာ ကျေနပ်မှုက လွှမ်းခြုံလာပါတယ်,Joy
မုန်တိုင်းထဲမှာ မားမားမတ်မတ် ရပ်တည်နေတဲ့ တစ်ပင်တည်းသော သစ်ပင်ရဲ့ ကြံ့ကြံ့ခံနိုင်ရည်ကြောင့် စိတ်အားတက်ကြွမှု ရရှိပါတယ်,Neutral
စွဲမက်ဖွယ် ဝတ္ထုတစ်အုပ်ရဲ့ စာမျက်နှာတွေထဲမှာ ပျောက်ဆုံးနေခြင်း၊ အခြားကမ္ဘာတစ်ခုဆီသို့ သယ်ဆောင်သွားခြင်း,Neutral
မိသားစု ဓာတ်ပုံအယ်လ်ဘမ်ဟောင်းတစ်ခုကို လှန်လှောကြည့်ရင်း အတိတ်ကိုတမ်းတစိတ်တွေနဲ့ စိုရွှဲနေပါတယ်,Sadness
စိတ်ကူးစိတ်သန်းရဲ့ မီးပွားက ညကောင်းကင်ထဲက ကြယ်ကြွေတစ်ခုလို တောက်လောင်လာပါတယ်,Joy
နွေးထွေးတဲ့ လက်ဖက်ရည်တစ်ခွက်ရဲ့ ရိုးရှင်းတဲ့ ပျော်ရွှင်မှုအတွက် ကျေးဇူးတင်စိတ်တွေနဲ့ ပြည့်နှက်နေပါတယ်,Love
တက်ကြွတဲ့ လမ်းဘေးဈေးတစ်ခုက အရောင်အသွေးစုံလင်တဲ့ ကမ္ဘာ့ရုပ်စုံကြည့်မှန်ကို အံ့သြတကြီး ငေးမောနေပါတယ်,Surprise
တည်ငြိမ်အေးချမ်းတဲ့ ကန်နဘေး အပန်းဖြေစခန်းတစ်ခုအပေါ် နေဝင်ချိန်မှာ တည်ငြိမ်အေးချမ်းမှုတွေနဲ့ ပြည့်နှက်နေပါတယ်,Joy
ဆုံးရှုံးသွားတဲ့ အချစ်ရဲ့ အမှတ်တရတွေ ပြန်ပေါ်လာချိန်မှာ ဝမ်းနည်းမှုထဲမှာ နစ်မြုပ်နေပါတယ်,Sadness
အထီးကျန်မှုရဲ့ ဝန်ထုပ်ဝန်ပိုးက ပိုလေးလာချိန်မှာ ထုံကျင်မှု ဝင်လာပါတယ်,Sadness
မျက်ရည်တွေက မိုးစက်တွေလို ကျဆင်းနေတယ်၊ တန်ဖိုးထားရတဲ့ သူငယ်ချင်းဆက်ဆံရေးတစ်ခုရဲ့ အဆုံးသတ်အတွက် ဝမ်းနည်းပူဆွေးနေခြင်း,Sadness
စိတ်ပျက်အားငယ်မှုက စိတ်ကို တိမ်ဖုံးနေတယ်၊ အဆုံးမရှိတဲ့ အမှောင်ပင်လယ်ထဲမှာ လေလွင့်နေတယ်လို့ ခံစားရခြင်း,Sadness
သစ္စာဖောက်မှုကြောင့် ကွဲကြေသွားခြင်း၊ ယုံကြည်မှုက ကြေလွယ်တဲ့ ဖန်သားလို ပြိုကျသွားခြင်း,Sadness
နာကျင်နေတဲ့ နှလုံးသား၊ နာကျင်မှုရဲ့ သံစုံတီးဝိုင်းက အထီးကျန်မှုရဲ့ တိတ်ဆိတ်မှုထဲမှာ တီးခတ်နေခြင်း,Sadness
စိတ်ခံစားမှု မုန်တိုင်း၊ ဝမ်းနည်းမှုရဲ့ လေပွေက အတွေးတိုင်းကို ဝါးမြိုသွားခြင်း,Sadness
နောင်တတွေကြောင့် ခြောက်လှန့်ခံနေရခြင်း၊ အတိတ်ရဲ့ တစ္ဆေက မရပ်မနား လှည့်လည်နေခြင်း,Sadness
ဝမ်းနည်းပူဆွေးမှုကြောင့် စုတ်ပြဲသွားခြင်း၊ ဆုံးရှုံးမှုရဲ့ ပဲ့တင်သံတွေက စိတ်ဝိညာဉ်တစ်လျှောက် ပြန်ဟပ်နေခြင်း,Sadness
အထီးကျန်မှုက ပိုမိုနက်ရှိုင်းလာတယ်၊ နွေးထွေးမှုက အဝေးက အမှတ်တရတစ်ခုသာဖြစ်တဲ့ စိတ်ခံစားမှု ဆောင်းရာသီ,Sadness
စိတ်ဝိညာဉ်ကို ကြေမွစေတဲ့ စိတ်ပျက်မှု၊ မျှော်လင့်ချက်တွေက ကြေလွယ်တဲ့ ဖန်သားလို ကွဲကြေသွားခြင်း,Sadness
တစ်ချိန်က တန်ဖိုးထားခဲ့တဲ့ အချစ်ရဲ့ နာကျင်ဖွယ် ပဲ့တင်သံတွေ၊ အခု အချိန်ရဲ့ နက်ရှိုင်းသောတွင်းထဲမှာ ပျောက်ဆုံးနေခြင်း,Sadness
နှလုံးသားနာကျင်မှုက ပိုမိုနက်ရှိုင်းလာတယ်၊ စိတ်ပျက်အားငယ်မှုရဲ့ နက်ရှိုင်းသောတွင်းထဲက တစ်ကိုယ်တည်း ခရီးစဉ်,Sadness
ဝမ်းနည်းမှုက ဆက်ရှိနေတယ်၊ အထီးကျန်မှုရဲ့ တိတ်ဆိတ်ငြိမ်သက်မှုထဲက ချိုမြိန်ခါးသက်တဲ့ တေးသံ,Sadness
အဆိပ်လို ခါးသီးမှု၊ ဒဏ်ရာရနေတဲ့ နှလုံးသားရဲ့ အက်ကွဲကြောင်းတိုင်းထဲသို့ စိမ့်ဝင်နေခြင်း,Anger
စိတ်ခံစားမှု ပင်ပန်းနွမ်းနယ်ခြင်း၊ ကမ္ဘာလောကရဲ့ ဝန်ထုပ်ဝန်ပိုးက ပင်ပန်းနေတဲ့ ပခုံးတွေကို ကြိတ်ချေနေခြင်း,Sadness
ဝမ်းနည်းဖွယ် ပဲ့တင်သံတွေ၊ ဆုံးရှုံးမှုရဲ့ ကြိုးတွေနဲ့ တီးခတ်တဲ့ နာကျင်မှုရဲ့ သံစုံတီးဝိုင်း,Sadness
အမှောင်ထု ကျဆင်းလာပြီး၊ စိတ်ဝိညာဉ်ကို စိတ်ပျက်အားငယ်မှုရဲ့ အရိပ်တွေထဲမှာ ဝါးမြိုသွားခြင်း,Sadness
စိတ်အားထက်သန်မှုက တီးတိုးပြောတယ်၊ နက်ရှိုင်းသောတွင်းထဲက မျှော်လင့်ချက် အလင်းတန်းလေးတစ်ခုအတွက် တိတ်ဆိတ်စွာ တောင်းပန်ခြင်း,Sadness
အပျက်အစီးတွေကြားက နှလုံးသား၊ ကွဲကြေသွားတဲ့ အိပ်မက်တွေရဲ့ အကြွင်းအကျန်တွေက လေထဲမှာ ပြန့်ကျဲနေခြင်း,Neutral
ကွဲကြေသွားတဲ့ အိပ်မက်တစ်ခုရဲ့ ပဲ့တင်သံတွေကြောင့် ကွဲကြေသွားခြင်း၊ မျှော်လင့်ချက် အပိုင်းအစတွေ ပြန့်ကျဲနေခြင်း,Sadness
နောင်တရဲ့ ဆူးတွေကို ရှောင်ရှားရင်း၊ နောင်တရဲ့ လမ်းပေါ်မှာ ခြေဗလာနဲ့ လျှောက်လှမ်းနေခြင်း,Sadness
ဝမ်းနည်းပူဆွေးမှုရဲ့ ဝင်္ကပါထဲမှာ၊ နံရံတွေက ဆုံးရှုံးသွားတဲ့ ပျော်ရွှင်မှုရဲ့ ခြေသံတွေနဲ့ ပဲ့တင်ထပ်နေခြင်း,Sadness
အထီးကျန်မှု ပင်လယ်ထဲမှာ လေလွင့်နေတဲ့ စိတ်ဝိညာဉ်၊ အထီးကျန်မှုရဲ့ လှိုင်းလုံးတွေက မရပ်မနား ရိုက်ခတ်နေခြင်း,Sadness
သစ္စာဖောက်မှုရဲ့ ခါးသီးမှု၊ ကျန်ရစ်နေတဲ့ အရသာ၊ ယုံကြည်မှုရဲ့ အာခေါင်ကို စွန်းထင်းစေခြင်း,Anger
မျှော်လင့်ချက်ရဲ့ အပျက်အစီးတွေထဲမှာ၊ ကွဲကြေသွားတဲ့ အိပ်မက်တွေရဲ့ ပဲ့တင်သံတွေက ဆုံးရှုံးမှုရဲ့ ပုံပြင်တွေကို တီးတိုးပြောပြနေခြင်း,Sadness
နှလုံးကြေကွဲမှု သမုဒ္ဒရာထဲမှာ ကျောက်တုံးလို နစ်မြုပ်နေခြင်း၊ လှိုင်းဂယက်တိုင်းက စိတ်ပျက်အားငယ်မှုရဲ့ သက်ပြင်းချသံ,Sadness
မျက်ရည်တွေ၊ ဒိုင်ယာရီရဲ့ စာမျက်နှာတွေကို စွန်းထင်းစေတဲ့ မှင်၊ တိတ်ဆိတ်စွာ ဝမ်းနည်းပူဆွေးမှုရဲ့ သက်သေ,Sadness
ဆုံးရှုံးသွားတဲ့ ယုံကြည်မှုရဲ့ မြေရိုင်းလွင်ပြင်ထဲမှာ၊ ကတိပျက်ခြင်းရဲ့ ပဲ့တင်သံတွေက ပြန်ဟပ်နေခြင်း,Sadness
ကွဲကြေသွားတဲ့ အိပ်မက်တွေရဲ့ အပိုင်းအစတွေကို ရှောင်ရှားရင်း၊ ကြံ့ကြံ့ခံနိုင်ရည်ရဲ့ ကြိုးတန်းပေါ်မှာ လျှောက်လှမ်းနေခြင်း,Neutral
တစ်ချိန်က ရယ်မောသံတွေ ရှင်သန်ခဲ့တဲ့ အထီးကျန်မှုရဲ့ တိတ်ဆိတ်မှုထဲမှာ အသက်ရှူကြပ်နေခြင်း,Sadness
ဆုံးရှုံးသွားတဲ့ ဖြစ်နိုင်ခြေတွေရဲ့ တစ္ဆေကြောင့် ခြောက်လှန့်ခံနေရခြင်း၊ မှေးမှိန်ဖို့ ငြင်းဆန်နေတဲ့ တစ္ဆေ,Sadness
စိတ်ပျက်အားငယ်မှုရဲ့ ဝင်္ကပါထဲမှာ၊ ကွဲကြေနေတဲ့ နှလုံးသားရဲ့ ပဲ့တင်သံတွေက အဆုံးမရှိ ပြန်ဟပ်နေခြင်း,Sadness
ဝမ်းနည်းမှု မြစ်ထဲက ဆောင်းဦး သစ်ရွက်တွေလို နစ်မြုပ်နေခြင်း၊ ရေစီးကြောင်းနဲ့အတူ မျောပါသွားခြင်း,Sadness
ကွဲကြေသွားတဲ့ အိပ်မက်တွေရဲ့ ဥယျာဉ်ထဲမှာ၊ ပွင့်ချပ်တွေ ကြွေကျနေတယ်၊ ကွဲကြေသွားတဲ့ မျှော်လင့်ချက်တွေရဲ့ တိတ်ဆိတ်တဲ့ သက်သေ,Sadness
မျက်ရည်တွေ၊ ဝမ်းနည်းပူဆွေးမှုရဲ့ ငွေကြေး၊ ဆုံးရှုံးသွားတဲ့ အချစ်နဲ့ တမ်းတမှုရဲ့ ဈေးကွက်ထဲမှာ သုံးစွဲခြင်း,Sadness
သစ္စာဖောက်မှုရဲ့ ဝင်္ကပါထဲမှာ လှည့်လည်သွားလာနေခြင်း၊ လမ်းမှားတိုင်းမှာ နံရံတွေက ပိတ်ဆို့လာခြင်း,Sadness
နှလုံးကြေကွဲမှု မုန်တိုင်းကြောင့် ကြံ့ကြံ့ခံခဲ့ရတဲ့ စိတ်ဝိညာဉ်၊ မုန်တိုင်းပြီးနောက် ငြိမ်သက်မှုထဲမှာ ခိုလှုံရာ ရှာဖွေနေခြင်း,Sadness
စိတ်ပျက်အားငယ်မှုရဲ့ ကော်ဇောထဲမှာ၊ မျှော်လင့်ချက်ရဲ့ ချည်မျှင်တွေက ပြေလျော့သွားပြီး၊ ဝမ်းနည်းမှုရဲ့ ပုံတူကို ချန်ထားခဲ့ခြင်း,Sadness
အချစ်ရဲ့ ဥယျာဉ်ထဲက ညှိုးနွမ်းနေတဲ့ နှင်းဆီလို၊ ပွင့်ချပ်တွေ ကြွေကျနေတယ်၊ အချိန်ကို တိတ်ဆိတ်စွာ လက်နက်ချခြင်း,Sadness
နှလုံးသားနာကျင်မှုရဲ့ လေဟာနယ်ထဲမှာ၊ အချစ်သီချင်းတစ်ပုဒ်ရဲ့ ပဲ့တင်သံတွေ တီးခတ်နေတယ်၊ တေးသွားတိုင်းက တမ်းတမှုရဲ့ နာကျင်မှု,Neutral
အတိတ်ကိုတမ်းတခြင်း၊ တန်ဖိုးထားရတဲ့ အမှတ်တရတွေရဲ့ လရောင်အောက်က ကပွဲခန်းမထဲက ချိုမြိန်ခါးသက်တဲ့ အက,Sadness
ဝမ်းနည်းပူဆွေးမှုရဲ့ သံစုံတီးဝိုင်းထဲမှာ၊ မျက်ရည်တိုင်းက တေးသွားတစ်ခု၊ ဝမ်းနည်းဖွယ် သံစဉ်တစ်ခုကို ရေးစပ်နေခြင်း,Sadness
သစ္စာဖောက်မှု၊ ယုံကြည်မှုရဲ့ ဥယျာဉ်ထဲမှာ တွားသွားနေတဲ့ အဆိပ်ရှိတဲ့ မြွေ၊ အမြစ်တွေကို အဆိပ်ခတ်ခြင်း,Sadness
စိတ်ပျက်အားငယ်မှုရဲ့ သဲနွံထဲမှာ နစ်မြုပ်နေခြင်း၊ သင် ပိုရုန်းကန်လေ၊ သင် ပိုနက်ရှိုင်းစွာ နစ်မြုပ်လေ,Sadness
ဆုံးရှုံးသွားတဲ့ အိပ်မက်တွေရဲ့ သင်္ချိုင်းကုန်းထဲမှာ လှည့်လည်သွားလာနေခြင်း၊ မပြောပြနိုင်တဲ့ ဝမ်းနည်းမှုတွေကို မှတ်သားထားတဲ့ သင်္ချိုင်းကျောက်တိုင်တွေ,Sadness
နောင်တရဲ့ မြစ်ကြောင့် မျောပါသွားခြင်း၊ အတိတ်ရဲ့ ရေစီးကြောင်းတွေက လွှတ်ပေးဖို့ ငြင်းဆန်နေခြင်း,Sadness
ဆုံးရှုံးသွားတဲ့ အချစ်ရဲ့ တီးတိုးသံတွေက နှလုံးသားရဲ့ ထပ်ခိုးထဲမှာ ကျန်ရစ်နေတယ်၊ မေ့လျော့နေပေမယ့် မဖျက်ဆီးနိုင်ခြင်း,Sadness
ကတိပျက်ခြင်းတွေရဲ့ ပြခန်းထဲမှာ၊ ကွဲကြေသွားတဲ့ သစ္စာစကားတိုင်းကို ဘောင်ခတ်ထားခြင်း၊ နာကျင်ဖွယ် ပြပွဲ,Sadness
အထီးကျန်မှုရဲ့ ပဲ့တင်သံတွေ၊ စိတ်ဝိညာဉ်နဲ့ သူ့ရဲ့ အရိပ်တွေကြားက တိတ်ဆိတ်တဲ့ စကားပြောဆိုမှု,Sadness
နေရောင်ခြည်ပေါ်မှာ ကခုန်နေခြင်း၊ ခြေလှမ်းတိုင်းက ရိုးရှင်းတဲ့ အခိုက်အတန့်တွေထဲမှာ တွေ့ရှိရတဲ့ ပျော်ရွှင်မှုရဲ့ ဂုဏ်ပြုပွဲ,Joy
ရယ်မောသံတွေ လေထဲမှာ ပဲ့တင်ထပ်နေတယ်၊ စိတ်ဓာတ်ကို ပိုမိုမြင့်မားစေတဲ့ ပျော်ရွှင်မှုရဲ့ သံပြိုင်သီချင်း,Joy
ကျေနပ်မှုရဲ့ ဥယျာဉ်ထဲမှာ၊ ပန်းပွင့်တိုင်းက အတွင်းစိတ် ငြိမ်းချမ်းမှုနဲ့ ပျော်ရွှင်မှုရဲ့ ပုံပြင်တွေကို တီးတိုးပြောပြနေခြင်း,Joy
တောက်ပတဲ့ ကောင်းကင်အောက်မှာ အိပ်မက်တွေကို လိုက်ဖမ်းနေခြင်း၊ မျှော်လင့်ချက်နဲ့ စိတ်အားထက်သန်မှုတို့က တွန်းအားပေးတဲ့ ခရီးစဉ်တစ်ခု,Joy
ကျေးဇူးတင်စိတ်တွေ ပြည့်နေတဲ့ နှလုံးသားနဲ့ ကြယ်တွေကို တေးသီချင်းဆိုနေခြင်း၊ ကျေးဇူးသိတတ်မှုရဲ့ သံစဉ်,Love
အောင်မြင်မှုရဲ့ အလင်းရောင်ထဲမှာ နေပူစာလှုံနေခြင်း၊ မှတ်တိုင်တိုင်းက ပျော်ရွှင်မှုဆီသို့ လှေကားထစ်တစ်ခု,Joy
အကောင်းမြင်စိတ်ရဲ့ အကအခုန်ထဲမှာ၊ ခြေလှမ်းတိုင်းက စည်းချက်တစ်ခု၊ စိတ်ဝိညာဉ်ကို သဟဇာတဖြစ်စွာ မြှင့်တင်ပေးခြင်း,Neutral
ပျော်ရွှင်မှုတွေ ပြည့်လျှံနေခြင်း၊ သူငယ်ချင်းတွေနဲ့ မျှဝေခံစားရတဲ့ ရယ်မောခြင်းတစ်ခွက်၊ တန်ဖိုးထားရတဲ့ အခိုက်အတန့်,Joy
ကြင်နာမှုရဲ့ နွေးထွေးမှုထဲမှာ လွှမ်းခြုံထားခြင်း၊ အချစ်နဲ့ ချုပ်ထားတဲ့ ကရုဏာတရားရဲ့ စောင်တစ်ထည်,Love
သူငယ်ချင်းဆက်ဆံရေးတွေရဲ့ ဥယျာဉ်ထဲမှာ၊ ပန်းပွင့်တိုင်းက ရင်းနှီးခင်မင်မှုရဲ့ အလှတရားရဲ့ သက်သေ,Love
အချစ်ရဲ့ ပွေ့ဖက်မှုထဲမှာ၊ နှလုံးခုန်သံတိုင်းက သံစဉ်တစ်ခု၊ ချစ်ခင်ကြင်နာမှုရဲ့ စည်းချက်အတိုင်း ကခုန်နေခြင်း,Love
ပျော်ရွှင်မှုရဲ့ အရောင်အသွေးတွေနဲ့ ဝန်းရံထားခြင်း၊ ရယ်မောခြင်းနဲ့ အဆုံးမရှိတဲ့ အပြုံးတွေနဲ့ ခြယ်မှုန်းထားတဲ့ ပန်းချီကားချပ်တစ်ခု,Joy
စိတ်လှုပ်ရှားမှုရဲ့ သံစုံတီးဝိုင်းထဲမှာ၊ တေးသွားတိုင်းက စွမ်းအင် ပေါက်ကွဲထွက်ခြင်း၊ စိတ်ဝိညာဉ်ကို ပြင်းပြတဲ့ စိတ်အားထက်သန်မှုနဲ့ မီးညှိပေးခြင်း,Joy
မျှော်လင့်ချက်ထဲမှာ ထုပ်ပိုးထားတဲ့ အံ့အားသင့်ဖွယ် လက်ဆောင်တစ်ခု၊ ပျော်ရွှင်မှုနဲ့ အံ့သြမှုရဲ့ အခိုက်အတန့်တစ်ခုကို ဖွင့်လှစ်ပြသခြင်း,Surprise
စူးစမ်းလိုစိတ်ရဲ့ ဝင်္ကပါထဲမှာ ပျောက်ဆုံးနေခြင်း၊ လှည့်ကွက်တိုင်းက ရှာဖွေတွေ့ရှိမှုရဲ့ ရတနာတွေကို ဖော်ထုတ်ပြသခြင်း,Surprise
ကျေးဇူးတင်မှုရဲ့ တိမ်တိုက်တွေပေါ်မှာ ပျံဝဲနေခြင်း၊ မိုးစက်တိုင်းက ကောင်းချီးမင်္ဂလာ၊ ကျေးဇူးသိတတ်မှုရဲ့ မိုးရွာသွန်းမှု,Love
စိတ်ကူးစိတ်သန်းရဲ့ ကြယ်တံခွန်လို၊ ဖန်တီးမှုရဲ့ ကောင်းကင်ထဲမှာ ဖြတ်သန်းသွားခြင်း၊ ထက်မြက်မှုရဲ့ ခြေရာတွေကို ချန်ထားခဲ့ခြင်း,Surprise
အောင်မြင်မှုရဲ့ ဂုဏ်ပြုပွဲထဲမှာ၊ ပြီးမြောက်မှုရဲ့ မီးရှူးမီးပန်းတွေက အောင်ပွဲရဲ့ ညကောင်းကင်ကို လင်းထိန်စေခြင်း,Neutral
ရယ်မောခြင်းရဲ့ သံစုံတီးဝိုင်း၊ တေးသွားတိုင်းက အဆုံးမဲ့ ပျော်ရွှင်မှုရဲ့ တံခါးကို ဖွင့်လှစ်ဖို့ သော့ချက်,Joy
စိတ်ခံစားမှုတွေရဲ့ ပျော်ပွဲရွှင်ပွဲထဲမှာ၊ သည်းထိတ်ရင်ဖိုမှုရဲ့ ရိုလာကိုစတာက နှလုံးသားကို ရိုင်းစိုင်းတဲ့ စီးနင်းမှုတစ်ခုဆီသို့ ပို့ဆောင်ခြင်း,Joy
အီဖယ်လ်မျှော်စင်ရဲ့ ခမ်းနားထည်ဝါမှုရှေ့မှာ ရပ်နေခြင်း၊ ပါရီမြို့ အိပ်မက်တွေရဲ့ အလှတရားကို ပြန်လည်သုံးသပ်ဖို့ အခိုက်အတန့်,Neutral
ဒစ္စနီလန်ရဲ့ စွဲမက်ဖွယ်ရာထဲမှာ ပျောက်ဆုံးနေခြင်း၊ စီးနင်းမှုတိုင်းက ငယ်ဘဝ စိတ်ကူးယဉ်တွေရဲ့ နယ်ပယ်ဆီသို့ ခရီးစဉ်တစ်ခု,Surprise
ဖာရာရီကမ္ဘာ့ရဲ့ အံ့ဖွယ်ရာတွေကို စူးစမ်းရှာဖွေနေခြင်း၊ အင်ဂျင်တွေရဲ့ ဟိန်းသံက အရှိန်ရဲ့ သံစုံတီးဝိုင်းတစ်ခုကို ဖန်တီးနေခြင်း,Joy
Keukenhof ရဲ့ ကျူးလစ်ပန်းခင်းတွေကြားထဲမှာ၊ စိတ်ဝိညာဉ်ကို နွေဦးရာသီ ပျော်ရွှင်မှုနဲ့ ခြယ်မှုန်းတဲ့ အရောင်အသွေးတွေရဲ့ ကော်ဇောတစ်ခု,Joy
ကျိုတိုရဲ့ သမိုင်းဝင် လမ်းတွေတစ်လျှောက် လှည့်လည်သွားလာနေခြင်း၊ ခြေလှမ်းတိုင်းက ဂျပန်ရဲ့ ရိုးရာဓလေ့တွေရဲ့ နှလုံးသားဆီသို့ ခရီးစဉ်တစ်ခု,Surprise
ဂရန်းကင်ညွန်ရဲ့ ပွေ့ဖက်မှုထဲမှာ၊ သဘာဝတရားရဲ့ လက်ရာမြောက် ပန်းချီကား၊ ကမ္ဘာမြေရဲ့ ခမ်းနားထည်ဝါမှုကို အံ့သြတကြီး ငေးမောဖို့ အခိုက်အတန့်,Surprise
ဆန်တိုရီနီရဲ့ တည်ငြိမ်အေးချမ်းမှုထဲမှာ ခရီးသွားနေခြင်း၊ နေဝင်ချိန်တိုင်းက ကောင်းကင်ကို တည်ငြိမ်အေးချမ်းမှု အရောင်အသွေးတွေနဲ့ ခြယ်မှုန်းတဲ့နေရာ,Joy
ပီထရာရဲ့ ဗိသုကာ အံ့ဖွယ်ရာတွေကြောင့် အံ့သြမိခြင်း၊ ကျောက်တုံးတိုင်းက ရှေးဟောင်း ယဉ်ကျေးမှုတစ်ခုရဲ့ ပုံပြင်တွေကို ပြောပြနေခြင်း,Surprise
ဗင်းနစ်မြို့မှာ ဂွန်ဒိုလာလှေစီးခြင်းကို စတင်ခြင်း၊ တူးမြောင်းတိုင်းက ဒီအချိန်မရွေး ခေတ်မီတဲ့ မြို့ရဲ့ အချစ်ဇာတ်လမ်းကို ထင်ဟပ်နေခြင်း,Love
မာချူးပီချူးရဲ့ တောင်ထိပ်မှာ၊ ရှေးဟောင်း ယဉ်ကျေးမှုတွေရဲ့ လျှို့ဝှက်ချက်တွေကို တီးတိုးပြောပြတဲ့ ရင်သပ်ရှုမောဖွယ် ရှုခင်းကျယ်,Surprise
နယူးယောက်မြို့ရဲ့ နှလုံးသားထဲမှာ၊ တိုင်းမ်စကွဲက မီးရောင်တွေနဲ့ တောက်ပနေတယ်၊ မြို့ပြစွမ်းအင်ရဲ့ တက်ကြွတဲ့ ရှုခင်း,Joy
ကော်လိုဆီယမ်ရဲ့ သမိုင်းဝင် ဆွဲဆောင်မှုကြောင့် စွဲလန်းမိခြင်း၊ ကျောက်တုံးတိုင်းက ဓားရေးသမား ရဲစွမ်းသတ္တိရဲ့ ပုံပြင်တွေကို ပဲ့တင်ထပ်နေခြင်း,Surprise
မော်လ်ဒိုက်ရဲ့ ကောင်းကင်ပြာရောင် ရေပြင်ပေါ်မှာ ရွက်လွှင့်နေခြင်း၊ လှိုင်းလုံးတိုင်းက ပရဒိသုဘုံထဲက တည်ငြိမ်အေးချမ်းမှုရဲ့ တီးတိုးသံ,Joy
အမေဇုန် မိုးသစ်တောရဲ့ အလယ်မှာ၊ တောရိုင်းတိရစ္ဆာန်တွေရဲ့ သံစုံတီးဝိုင်းက သဘာဝတရားရဲ့ အံ့ဖွယ်ရာတွေရဲ့ တီးဝိုင်းတစ်ခုကို ဖန်တီးနေခြင်း,Surprise
တရုတ်ပြည်ရဲ့ မဟာတံတိုင်းကြီးပေါ်မှာ လျှောက်လှမ်းနေခြင်း၊ ခြေလှမ်းတိုင်းက ရှေးဟောင်း အင်ဂျင်နီယာ အံ့ဖွယ်ရာတွေရဲ့ သက်သေ,Surprise
ဖူဂျီတောင်ရဲ့ တောင်ထိပ်မှာ၊ ကောင်းကင်ကို ပြီးမြောက်မှု အရောင်အသွေးတွေနဲ့ ခြယ်မှုန်းတဲ့ ရင်သပ်ရှုမောဖွယ် နေထွက်ချိန်,Joy
အန်ကောဝပ်ရဲ့ ရှေးဟောင်းအပျက်အစီးတွေကို စူးစမ်းရှာဖွေနေခြင်း၊ ကျောက်တုံးတိုင်းက ခမာယဉ်ကျေးမှုရဲ့ ပုံပြင်တွေကို တီးတိုးပြောပြနေခြင်း,Surprise
ဆွစ်ဇာလန် အယ်လ်ပ်တောင်တန်းရဲ့ တောင်စောင်းတွေပေါ်မှာ နှင်းလျှောစီးနေခြင်း၊ အလှည့်တိုင်းက နှင်းဖုံးတောင်ထိပ်တွေရဲ့ ခမ်းနားထည်ဝါမှုနဲ့ အကတစ်ခု,Surprise
ကျိုတိုရဲ့ ဝါးတောရဲ့ တည်ငြိမ်အေးချမ်းမှုထဲမှာ၊ ရှေးဟောင်း ဇင်ပညာရဲ့ တီးတိုးသံတွေက တောအုပ်တွေတစ်လျှောက် ပဲ့တင်ထပ်နေခြင်း,Neutral
နော်ဝေးရဲ့ ဖီအော့ဒ်ရေလက်ကြားတွေကို လှေစီးခရီးသွားနေခြင်း၊ ရေခဲဖုံး ရှုခင်းတိုင်းက သဘာဝတရားရဲ့ ခမ်းနားထည်ဝါမှုရဲ့ ရင်သပ်ရှုမောဖွယ် လက်ရာမြောက် ပန်းချီကား,Neutral
Adele ရဲ့ ဖျော်ဖြေပွဲရဲ့ ရှေ့ဆုံးတန်းမှာ၊ 'Someone Like You' ရဲ့ တေးသွားတိုင်းက စိတ်ဝိညာဉ်ကို လှုပ်နှိုးတဲ့ စိတ်ခံစားမှုနဲ့ ပဲ့တင်ထပ်နေခြင်း,Neutral
Beyoncé ရဲ့ တိုက်ရိုက်ဖျော်ဖြေပွဲမှာ ကြယ်တွေအောက်မှာ ကခုန်နေခြင်း၊ လှုပ်ရှားမှုတိုင်းမှာ 'Single Ladies' ရဲ့ စွမ်းအားကို ခံစားနေရခြင်း,Neutral
Taylor Swift ဖျော်ဖြေပွဲရဲ့ လူအုပ်ထဲမှာ၊ 'Love Story' ရဲ့ သီချင်းစာသားတွေက စွဲမက်ဖွယ် ဒဏ္ဍာရီပုံပြင်တစ်ခုကို ဖန်တီးနေခြင်း,Surprise
Queen ဂုဏ်ပြုဖျော်ဖြေပွဲမှာ ဂစ်တာဆိုလိုတွေကို တီးခတ်နေခြင်း၊ Freddie ရဲ့ စိတ်ဓာတ်နဲ့အတူ အတိတ်ဆီသို့ ခရီးစဉ်တစ်ခု,Sadness
Ed Sheeran ရဲ့ acoustic သံစဉ်တွေအတိုင်း ယိမ်းနွဲ့နေခြင်း၊ 'Perfect' အခိုက်အတန့်တွေနဲ့ ပြည့်နေတဲ့ တည်ငြိမ်အေးချမ်းတဲ့ ညနေခင်း,Joy
Bruno Mars ဖျော်ဖြေပွဲရဲ့ တုန်ခါနေတဲ့ စည်းချက်တွေထဲမှာ နစ်မြုပ်နေခြင်း၊ 'Uptown Funk' က ပျော်ရွှင်မှုရဲ့ မြို့တော်ဖြစ်လာတဲ့နေရာ,Joy
Michael Jackson ဂုဏ်ပြုပွဲမှာ၊ ဟစ်သီချင်းတွေတစ်လျှောက် moonwalk လုပ်နေခြင်း၊ ပေါ့ပ်ဘုရင်ကို ဂုဏ်ပြုခြင်း,Joy
Frank Sinatra ဂုဏ်ပြုပွဲရဲ့ စည်းချက်တွေအတိုင်း လွှဲယမ်းနေခြင်း၊ 'Fly Me to the Moon' ရဲ့ အချိန်မရွေး ခေတ်မီတဲ့ ဆွဲဆောင်မှုကို ခံစားနေရခြင်း,Neutral
Metallica ဖျော်ဖြေပွဲရဲ့ mosh pit ထဲမှာ၊ မိုးခြိမ်းသံလို ဂီတသံတွေက ခေါင်းခါရမ်းခြင်းရဲ့ အလွန်အမင်း ပျော်ရွှင်မှု သံစုံတီးဝိုင်းတစ်ခုကို ဖန်တီးနေခြင်း,Joy
Coldplay ဖျော်ဖြေပွဲရဲ့ မှော်ဆန်မှုကို ခံစားနေရခြင်း၊ 'Fix You' က ညဘက်မှာ မျှော်လင့်ချက်ရဲ့ မီးပြတိုက်ဖြစ်လာတဲ့နေရာ,Joy
Justin Bieber ဖျော်ဖြေပွဲမှာ၊ 'Baby' ရဲ့ ကူးစက်လွယ်တဲ့ စည်းချက်တွေက ထိန်းချုပ်မရတဲ့ စိတ်အားထက်သန်မှုရဲ့ ကပွဲကြမ်းပြင်တစ်ခုကို ဖန်တီးနေခြင်း,Joy
Lady Gaga ပွဲရဲ့ မီးမောင်းထိုးမှုအောက်မှာ၊ ဝတ်စုံပြောင်းလဲမှုတိုင်းက ဖန်တီးမှုနဲ့ အနုပညာရဲ့ ပုံစံပြောင်းလဲမှုတစ်ခု,Surprise
Adele ရဲ့ စိတ်ခံစားမှုပါတဲ့ သံစဉ်တွေထဲမှာ နစ်မြုပ်နေခြင်း၊ 'Hello' ရဲ့ စိတ်ခံစားမှုကြောင့် လှုပ်ရှားပြီး မျက်ရည်တွေ လွတ်လပ်စွာ စီးကျနေခြင်း,Neutral
Katy Perry ဖျော်ဖြေပွဲမှာ စက္ကူစတွေနဲ့ စိုရွှဲနေခြင်း၊ ညကောင်းကင်ကို မီးညှိပေးတဲ့ အရောင်အသွေးစုံလင်တဲ့ ကမ္ဘာ့ရုပ်စုံကြည့်မှန်,Surprise
Jay-Z ဖျော်ဖြေမှုရဲ့ ပရိသတ်ထဲမှာ၊ 'Empire State of Mind' ရဲ့ သီချင်းစာသားတွေက ဂုဏ်ယူမှုရဲ့ သီချင်းဖြစ်လာခြင်း,Joy
Shakira ရဲ့ စည်းချက်ကျတဲ့ တေးသွားတွေအတိုင်း ကခုန်နေခြင်း၊ 'Hips Don't Lie' ရဲ့ စိတ်ညှို့အားကောင်းတဲ့ ဆွဲဆောင်မှုအတိုင်း တင်ပါးတွေ ယိမ်းနွဲ့နေခြင်း,Neutral
U2 ဖျော်ဖြေပွဲမှာ၊ 'With or Without You' ရဲ့ သံပြိုင်သီချင်း ဂီတသံတွေက အချိန်မရွေး ခေတ်မီတဲ့ ချိတ်ဆက်မှု အခိုက်အတန့်တစ်ခုကို ဖန်တီးနေခြင်း,Love
Guns N' Roses ပွဲမှာ တီးခတ်နေခြင်း၊ 'Sweet Child o' Mine' ရဲ့ အထင်ကရ ဂစ်တာသံတွေက ညဘက်မှာ ပဲ့တင်ထပ်နေခြင်း,Neutral
Ariana Grande ဖျော်ဖြေပွဲရဲ့ လူအုပ်ထဲမှာ၊ 'Into You' ရဲ့ အမြင့်ဆုံး တေးသွားတွေက အလွန်အမင်း ပျော်ရွှင်မှု သံစုံတီးဝိုင်းတစ်ခုကို ဖန်တီးနေခြင်း,Joy
Bob Marley ဂုဏ်ပြုဖျော်ဖြေပွဲရဲ့ reggae ခံစားချက်တွေအတိုင်း ယိမ်းနွဲ့နေခြင်း၊ ဂီတသံတိုင်းက ဂျမေကာရဲ့ စိတ်ဝိညာဉ်ဆီသို့ ခရီးစဉ်တစ်ခု,Neutral
စွဲမက်ဖွယ် ဇာတ်လမ်းအလှည့်အပြောင်းတွေကြောင့် စွဲလန်းမိပြီး၊ ပရိသတ်က လက်ခုပ်တီးကြတယ်၊ ရုပ်ရှင်ပွဲဦးထွက်မှာ စိတ်ခံစားမှု ရိုလာကိုစတာတစ်ခုကို ခံစားနေရခြင်း,Joy
Credit တွေ လည်ပတ်နေချိန်မှာ၊ ဂန္ထဝင်ရုပ်ရှင်တွေထဲက တန်ဖိုးထားရတဲ့ အခိုက်အတန့်တွေကို အမှတ်ရစေတဲ့ နက်ရှိုင်းတဲ့ အတိတ်ကိုတမ်းတစိတ်က လွှမ်းခြုံလာခြင်း,Sadness
နောက်ဆုံးထွက် web series ကို streaming ကြည့်ရှုနေခြင်း၊ ကြည့်ရှုသူက ဇာတ်ကောင်တွေရဲ့ ခရီးစဉ်ထဲမှာ နစ်မြုပ်နေပြီး၊ ချိတ်ဆက်မှုနဲ့ စာနာမှု ခံစားချက်ကို ခံစားနေရခြင်း,Neutral
ရုပ်ရှင်ပွဲတော်မှာ၊ indie ရုပ်ရှင်ရိုက်ကူးသူရဲ့ ဖန်တီးမှုက မတ်တပ်ရပ် လက်ခုပ်သြဘာပေးခြင်းကို ရရှိပြီး၊ ဂုဏ်ယူမှုနဲ့ ပြီးမြောက်မှု ခံစားချက်ကို ဖြစ်ပေါ်စေခြင်း,Joy
ရင်နွေးဖွယ် မိသားစု ဒရာမာတစ်ခုကို ကြည့်ရှုနေခြင်း၊ ဇာတ်ကောင်တွေက စိန်ခေါ်မှုတွေကို ကျော်လွှားချိန်မှာ မျက်ရည်တွေ လွတ်လပ်စွာ စီးကျပြီး၊ ကြည့်ရှုသူကို နွေးထွေးတဲ့ အလင်းရောင်နဲ့ ချန်ထားခဲ့ခြင်း,Neutral
အော်စကာဆုပေးပွဲမှာ၊ သရုပ်ဆောင်က ဆုတစ်ခုကို ကျေးဇူးတင်စွာ လက်ခံပြီး၊ သူတို့ရဲ့ ထူးချွန်တဲ့ သရုပ်ဆောင်မှုအတွက် အသိအမှတ်ပြုမှုအပေါ် ပျော်ရွှင်မှုနဲ့ ကျေးဇူးတင်မှုကို ဖြာကျနေခြင်း,Love
မှတ်တမ်းရုပ်ရှင် လောကထဲက လျှို့ဝှက်ရတနာတစ်ခုကို ရှာဖွေတွေ့ရှိခြင်း၊ ကြည့်ရှုသူက အသိဉာဏ်ပွင့်လင်းပြီး စိတ်အားတက်ကြွလာတယ်၊ အသစ်ပြန်လည်ဖြစ်ပေါ်လာတဲ့ စူးစမ်းလိုစိတ်ကို ခံစားနေရခြင်း,Surprise
ရုပ်ရှင် credit တွေ လည်ပတ်နေချိန်မှာ၊ ကြည့်ရှုသူက အံ့သြမှုနဲ့ စဉ်းစားတွေးတောမှု ရောနှောမှုကို ခံစားရတယ်၊ ဇာတ်လမ်းထဲမှာ ရက်ယှက်ထားတဲ့ ပိုမိုနက်ရှိုင်းတဲ့ အဓိပ္ပါယ်တွေကို စဉ်းစားတွေးတောနေခြင်း,Neutral
သည်းထိတ်ရင်ဖို မှုခင်းစီးရီးတစ်ခုကို ဆက်တိုက်ကြည့်ရှုနေခြင်း၊ သည်းထိတ်ရင်ဖိုမှုက ကြည့်ရှုသူကို ထိုင်ခုံအစွန်းမှာ ထိုင်နေစေပြီး၊ အဒရီနယ်လင်း ထွက်ရှိမှုရဲ့ စိတ်လှုပ်ရှားမှုကို ဖန်တီးနေခြင်း,Fear
အပိတ်အခန်း ပြသချိန်မှာ၊ ကျေနပ်မှု ခံစားချက်က လွှမ်းခြုံလာပြီး၊ ရုပ်ရှင်ခရီးစဉ်ကို နက်ရှိုင်းပြီး ပြည့်စုံတဲ့ အဆုံးသတ်နဲ့ ပြီးဆုံးစေခြင်း,Joy
ကမ္ဘာ့ဖလားမှာ သမိုင်းဝင် အောင်ပွဲတစ်ခုကို ဂုဏ်ပြုနေခြင်း၊ နိုင်ငံက ပျော်ရွှင်မှုနဲ့ ပေါက်ကွဲထွက်လာတယ်၊ သူတို့ရဲ့ ဘောလုံးအသင်းရဲ့ အောင်ပွဲကြောင့် စည်းလုံးညီညွတ်ခြင်း,Joy
အိုလံပစ်ပွဲတော်မှာ၊ အားကစားသမားရဲ့ ဇွဲလုံ့လက ထွန်းလင်းတောက်ပလာပြီး၊ ရွှေတံဆိပ်တစ်ခု ရရှိကာ သူတို့ရဲ့ ထူးခြားတဲ့ အောင်မြင်မှုနဲ့ မျိုးဆက်တစ်ခုကို စိတ်အားတက်ကြွစေခြင်း,Surprise
ခရစ်ကတ် ချန်ပီယံရှစ်မှာ၊ ရင်ခုန်စိတ်လှုပ်ရှားဖွယ် အဆုံးသတ်က ပရိသတ်တွေကို ထိုင်ခုံအစွန်းမှာ ထိုင်နေစေပြီး၊ စိတ်ခံစားမှု ရိုလာကိုစတာတစ်ခုကို ခံစားနေရခြင်း,Joy
စံချိန်တင် မာရသွန်ပြိုင်ပွဲတစ်ခုကို တွေ့မြင်နေခြင်း၊ ကြည့်ရှုသူတွေက အပြေးသမားတွေရဲ့ ခံနိုင်ရည်နဲ့ စိတ်အားထက်သန်မှုအတွက် အံ့သြမှုနဲ့ လေးစားမှုတို့နဲ့ ပြည့်နေခြင်း,Love
တင်းနစ် ဂရင်းစလမ်မှာ၊ ပြင်းထန်တဲ့ ပြိုင်ဆိုင်မှုတစ်ခု ဖြစ်ပေါ်လာပြီး၊ ကမ္ဘာ့စင်မြင့်ပေါ်က ကျွမ်းကျင်မှုနဲ့ အားကစားစိတ်ဓာတ် ပြသမှုနဲ့ ပရိသတ်တွေကို စွဲဆောင်နေခြင်း,Surprise
ဘတ်စကတ်ဘော ဗိုလ်လုပွဲမှာ အောက်တန်းကျသူကို အားပေးနေခြင်း၊ အသင်းက အတားအဆီးတွေကို ဆန့်ကျင်ပြီး ချန်ပီယံဆုကို ရယူချိန်မှာ လူအုပ်က လက်ခုပ်သြဘာပေးသံတွေနဲ့ ပေါက်ကွဲထွက်လာခြင်း,Joy
ဂေါက်သီးပြိုင်ပွဲမှာ၊ ဂေါက်သီးသမားရဲ့ တိကျမှုနဲ့ အာရုံစူးစိုက်မှုက အံ့မခန်း အောင်ပွဲတစ်ခုဆီသို့ ပို့ဆောင်ပြီး၊ ကြည့်ရှုသူတွေကို သူတို့ရဲ့ ထူးခြားတဲ့ ကျွမ်းကျင်မှုကြောင့် အံ့သြစေခြင်း,Surprise
အရှိန်မြင့် Formula 1 ပြိုင်ပွဲရဲ့ သည်းထိတ်ရင်ဖိုမှုကို ခံစားနေရခြင်း၊ ယာဉ်မောင်းတွေက ချန်ပီယံဆုအတွက် ယှဉ်ပြိုင်နေချိန်မှာ ပရိသတ်တွေက ထိုင်ခုံအစွန်းမှာ ထိုင်နေခြင်း,Joy
စက်ဘီး ကမ္ဘာ့ချန်ပီယံရှစ်မှာ၊ တောင်တက်သမားက စိန်ခေါ်မှုရှိတဲ့ မြေပြင်တွေကို အောင်နိုင်ပြီး၊ အတားအဆီးတွေကြားက စိတ်ပိုင်းဖြတ်မှုနဲ့ အောင်မြင်မှုကို ကိုယ်စားပြုခြင်း,Joy
ဟော်ကီ ဗိုလ်လုပွဲမှာ ရင်နွေးဖွယ် ပြန်လည်ရောက်ရှိလာမှုကို တွေ့မြင်နေခြင်း၊ အသင်းက အခက်အခဲတွေပြီးနောက် သမိုင်းဝင် အောင်ပွဲတစ်ခု ရယူချိန်မှာ ပရိသတ်တွေက ပျော်ရွှင်မျက်ရည်တွေ မျှဝေခံစားခြင်း,Joy
ရှုံးပွဲဆက်တိုက် ကြုံတွေ့ပြီးနောက်၊ ဘောလုံးအသင်းက စိတ်ပျက်မှုကို ရင်ဆိုင်နေရတယ်၊ စိန်ခေါ်မှုရှိတဲ့ ရာသီတစ်ခုထဲက အကောင်းဘက်ကို ရှာဖွေဖို့ ရုန်းကန်နေရခြင်း,Sadness
တင်းနစ်ပြိုင်ပွဲမှာ၊ အရမ်းမျှော်လင့်ထားတဲ့ ကစားသမားတစ်ယောက်က အဆင်မပြေမှု ကြုံတွေ့ရပြီး၊ ပရိသတ်တွေကို တုန်လှုပ်စေကာ မမျှော်လင့်ထားတဲ့ အဖြစ်အပျက်တွေရဲ့ အလှည့်အပြောင်းကို မေးခွန်းထုတ်စေခြင်း,Anger
ချန်ပီယံရှစ်မှာ ရှုံးနိမ့်မှုကို ရင်ဆိုင်နေရခြင်း၊ လက်ဝှေ့သမားက စိန်ခေါ်မှုတွေကို ပြန်လည်သုံးသပ်ပြီး၊ နောက်လာမယ့် ပွဲစဉ်မှာ ပိုမိုအားကောင်းပြီး ပိုမိုစိတ်ပိုင်းဖြတ်မှုရှိစွာ ပြန်လာဖို့ သန္နိဋ္ဌာန်ချခြင်း,Neutral
စက်ဘီးပြိုင်ပွဲတစ်ခုရဲ့ အလယ်မှာ၊ တာယာပေါက်ကွဲမှုက စက်ဘီးသမားအတွက် စိတ်ပျက်မှုကို ဖြစ်စေတယ်၊ သူက မမျှော်လင့်ထားတဲ့ အတားအဆီးကို ရဲရင့်စွာ ကျော်လွှားဖို့ ကြိုးစားခြင်း,Neutral
ကျွမ်းဘားသမားရဲ့ လေ့ကျင့်ခန်းတစ်ခုအတွင်း မမျှော်လင့်ထားတဲ့ ပြုတ်ကျမှုက ပရိသတ်တွေဆီက စာနာမှုလှိုင်းတစ်ခုကို ဖြစ်ပေါ်စေပြီး၊ အားကစားရဲ့ ထိခိုက်လွယ်မှုကို မီးမောင်းထိုးပြခြင်း,Neutral
ဂေါက်သီးပြိုင်ပွဲမှာ၊ အရေးကြီးတဲ့ ပတ်ရိုက်ချက်တစ်ခု လွဲချော်မှုက ရှုံးနိမ့်မှုကို ဖြစ်စေပြီး၊ ဂေါက်သီးသမားကို အလောင်းအစားကြီးတဲ့ ပြိုင်ဆိုင်မှုရဲ့ ဖိအားအပေါ် ပြန်လည်သုံးသပ်စေခြင်း,Fear
ဘတ်စကတ်ဘော ရာသီမှာ ရှုံးပွဲဆက်တိုက် ကြုံတွေ့နေရခြင်း၊ အသင်းက စိတ်ပျက်မှုနဲ့ ရုန်းကန်နေရတယ်၊ အသစ်ပြန်လည် ကြိုးပမ်းမှုနဲ့ အခြေအနေကို ပြောင်းလဲဖို့ စိတ်ပိုင်းဖြတ်ထားခြင်း,Neutral
အလေးမသမားရဲ့ ကိုယ်ပိုင်စံချိန်တင်ဖို့ မအောင်မြင်တဲ့ ကြိုးပမ်းမှုက စိတ်ပျက်မှုကို ဖြစ်စေပြီး၊ ရုပ်ပိုင်းဆိုင်ရာ ကန့်သတ်ချက်တွေကို တွန်းအားပေးခြင်းရဲ့ စိန်ခေါ်မှု သဘာဝကို မီးမောင်းထိုးပြခြင်း,Neutral
ဘောလုံးပွဲတစ်ခုရဲ့ အလယ်မှာ၊ မမျှော်လင့်ထားတဲ့ ကိုယ့်ဂိုးကိုယ်သွင်းမှုက ကစားသမားအတွက် စိတ်ပျက်အားငယ်မှု အခိုက်အတန့်တစ်ခုကို ဖန်တီးတယ်၊ အသင်းဖော်တွေက နှစ်သိမ့်အားပေးခြင်း,Sadness
နေဝင်ချိန်ရဲ့ တည်ငြိမ်အေးချမ်းတဲ့ အလှတရားထဲမှာ၊ သဘာဝတရားက အရောင်အသွေးတွေရဲ့ ပန်းချီကားချပ်တစ်ခုကို ဖွင့်လှစ်ပြသပြီး၊ တည်ငြိမ်အေးချမ်းမှုနဲ့ အံ့သြမှု ခံစားချက်ကို ဖြစ်ပေါ်စေခြင်း,Neutral
အလိုအလျောက် ကားနဲ့ခရီးထွက်ခြင်းကို စတင်ခြင်း၊ ခရီးသွားက လျှို့ဝှက်ရတနာတွေကို ရှာဖွေတွေ့ရှိပြီး၊ တစ်သက်တာ တန်ဖိုးထားရမယ့် အမှတ်တရတွေကို ဖန်တီးခြင်း,Surprise
စည်ကားနေတဲ့ မြို့ကြီးရဲ့ အလယ်မှာ၊ တိတ်ဆိတ်ငြိမ်သက်တဲ့ ကဖေးဆိုင်လေးတစ်ခုက စဉ်းစားတွေးတောမှုအတွက် ခိုလှုံရာနေရာ ဖြစ်လာတယ်၊ ကော်ဖီတစ်ခွက်က လေလွင့်နေတဲ့ စိတ်ကို နှစ်သိမ့်မှု ယူဆောင်လာတဲ့နေရာ,Neutral
ယဉ်ကျေးမှု ရပ်ကွက်တစ်ခုက တက်ကြွတဲ့ လမ်းဘေးအနုပညာကို စူးစမ်းရှာဖွေနေခြင်း၊ နံရံဆေးရေးပန်းချီတိုင်းက ပုံပြင်တစ်ပုဒ် ပြောပြနေပြီး၊ မြို့ကို ဖန်တီးမှုနဲ့ ဖော်ပြမှုတို့နဲ့ ပြည့်နှက်စေခြင်း,Surprise
သိပ္ပံလောကထဲမှာ၊ ထိုးဖောက်ရှာဖွေတွေ့ရှိမှုတစ်ခု ဖြစ်ပေါ်လာပြီး၊ ဗဟုသုတရဲ့ နယ်နိမိတ်တွေကို တွန်းအားပေးကာ စူးစမ်းရှာဖွေမှုရဲ့ နယ်ပယ်အသစ်တွေကို ဖွင့်လှစ်ပေးခြင်း,Neutral
တိုက်ရိုက် တီးဝိုင်းတစ်ခုရဲ့ သံစဉ်နဲ့ ချိတ်ဆက်ခြင်း၊ ဂီတ ဝါသနာရှင်က စိတ်ဝိညာဉ်အတွင်း နက်ရှိုင်းစွာ ပဲ့တင်ထပ်တဲ့ သံစုံတီးဝိုင်းတစ်ခုကို ခံစားရခြင်း,Neutral
လတ်လတ်ဆတ်ဆတ် ဖုတ်ထားတဲ့ ပေါင်မုန့်ရဲ့ ရနံ့ကို ပွေ့ဖက်ခြင်း၊ အိမ်တွင်းစားဖိုမှူးက မုန့်ဖုတ်အနုပညာထဲမှာ ပျော်ရွှင်မှုကို ရှာဖွေတွေ့ရှိပြီး၊ ချစ်ခင်ရသူတွေအတွက် အရသာရှိတဲ့ အမှတ်တရတွေကို ဖန်တီးခြင်း,Neutral
သမိုင်းဝင် ပြတိုက်တစ်ခုတစ်လျှောက် လှည့်လည်သွားလာနေခြင်း၊ သမိုင်း ဝါသနာရှင်က အတိတ်ရဲ့ ပုံပြင်တွေထဲမှာ နစ်မြုပ်သွားပြီး၊ ကုန်လွန်သွားတဲ့ ခေတ်တွေကို စိတ်ကူးပုံဖော်ခြင်း,Neutral
စာပေနယ်ပယ်ထဲမှာ၊ စွဲမက်ဖွယ် ဝတ္ထုတစ်အုပ်က စာဖတ်သူကို အဝေးက မြေနေရာတွေဆီသို့ သယ်ဆောင်သွားပြီး၊ စိတ်ကူးစိတ်သန်းနဲ့ လွတ်မြောက်မှုရဲ့ ကော်ဇောတစ်ခုကို ရက်ယှက်ခြင်း,Surprise
စည်ကားနေတဲ့ ဈေးတစ်ခုရဲ့ အနှစ်သာရကို ဖမ်းယူနေခြင်း၊ ဓာတ်ပုံဆရာက အခိုက်အတန့်တွေကို အချိန်ထဲမှာ အေးခဲစေပြီး၊ ဖရိမ်တိုင်းက ထူးခြားပြီး တက်ကြွတဲ့ ပုံပြင်တစ်ပုဒ် ပြောပြနေခြင်း,Surprise
မြို့ပြမီးရောင်တွေအောက်မှာ၊ အကသမားက ကျက်သရေရှိတဲ့ လှုပ်ရှားမှုတွေကနေတစ်ဆင့် စိတ်ခံစားမှုတွေကို ဖော်ပြပြီး၊ ညကောင်းကင်အောက်မှာ စွဲမက်ဖွယ် ဖျော်ဖြေမှုတစ်ခုကို ဖန်တီးနေခြင်း,Surprise
စည်ကားနေတဲ့ ဈေးတစ်ခုရဲ့ နှလုံးသားထဲမှာ၊ လမ်းဘေးအစားအစာ ကျွမ်းကျင်သူက အစားအသောက် စွန့်စားခန်းတစ်ခုကို ခံစားပြီး၊ ကွဲပြားတဲ့ အရသာတွေနဲ့ ရနံ့တွေကို အရသာခံခြင်း,Neutral
ပထမဆုံး နှင်းပွင့်လေး ကျဆင်းလာချိန်မှာ၊ ဆောင်းရာသီ ဝါသနာရှင်က နှင်းဖုံး ရှုခင်းတွေရဲ့ မှော်ဆန်မှုကို မျှော်လင့်ရင်း၊ နှင်းခဲ ပျော်ရွှင်မှုတွေရဲ့ ရာသီတစ်ခုအတွက် စိတ်အားထက်သန်စွာ ပြင်ဆင်နေခြင်း,Neutral
စွဲမက်ဖွယ် လျှို့ဝှက်ဆန်းကြယ် ဝတ္ထုတစ်အုပ်ရဲ့ စာမျက်နှာတွေကြားထဲမှာ၊ စာဖတ်သူက သဲလွန်စတွေနဲ့ လျှို့ဝှက်ချက်တွေကို ဖော်ထုတ်ပြီး၊ သည်းထိတ်ရင်ဖိုမှုနဲ့ ဖော်ထုတ်မှုရဲ့ စိတ်လှုပ်ရှားဖွယ် ခရီးစဉ်တစ်ခုကို ခံစားနေရခြင်း,Neutral
ပန်းဥယျာဉ်တစ်ခုက တက်ကြွတဲ့ အရောင်အသွေးတွေနဲ့ ဝန်းရံထားခြင်း၊ ဥယျာဉ်မှူးက ပန်းပွင့်တွေကို ပြုစုပျိုးထောင်ပြီး၊ သဘာဝတရားရဲ့ အမြဲတမ်း ပြောင်းလဲနေတဲ့ ပန်းချီကားချပ်ရဲ့ အလှတရားထဲမှာ ပျော်ရွှင်မှုကို ရှာဖွေတွေ့ရှိခြင်း,Neutral
နက္ခတ္တဗေဒ လေ့လာရေးစခန်းမှာ၊ ကြယ်ကြည့်သူက စကြဝဠာရဲ့ ကျယ်ပြန့်မှုကို အံ့သြတကြီး ငေးမောပြီး၊ ကောင်းကင်ယံ ကျယ်ပြန့်မှုအတွင်း ဝှက်ထားတဲ့ လျှို့ဝှက်ဆန်းကြယ်မှုတွေကို စဉ်းစားတွေးတောနေခြင်း,Neutral
လတ်လတ်ဆတ်ဆတ် ဖျော်ထားတဲ့ ကော်ဖီရဲ့ ရနံ့ထဲမှာ နစ်မြုပ်နေခြင်း၊ စာရေးဆရာက သောက်လိုက်တိုင်းမှာ စိတ်ကူးစိတ်သန်းကို ရှာဖွေတွေ့ရှိပြီး၊ ဖန်တီးမှုနဲ့ စကားပြေရဲ့ ခရီးစဉ်တစ်ခုကို စတင်ခြင်း,Neutral
ဖက်ရှင်နယ်ပယ်ထဲမှာ၊ ဒီဇိုင်နာက ပုံပြင်တစ်ပုဒ် ပြောပြတဲ့ collection တစ်ခုကို ဖော်ထုတ်ပြသပြီး၊ ဖန်တီးမှုရဲ့ ပြေးလမ်းပေါ်မှာ ဆန်းသစ်မှုနဲ့ ရိုးရာဓလေ့ကို ရောစပ်ခြင်း,Neutral
လှိုင်းလုံးတွေက ကမ်းခြေကို ရိုက်ခတ်ချိန်မှာ၊ လှိုင်းစီးသမားက သမုဒ္ဒရာရဲ့ စွမ်းအင်ကို စီးနင်းခြင်းရဲ့ သည်းထိတ်ရင်ဖိုမှုကို ပွေ့ဖက်ပြီး၊ လှိုင်းလုံးတိုင်းမှာ လွတ်လပ်မှုရဲ့ အနှစ်သာရကို ဖမ်းယူခြင်း,Neutral
ရှေးဟောင်းမြို့တစ်မြို့ရဲ့ သမိုင်းဝင် ဗိသုကာလက်ရာကို စူးစမ်းရှာဖွေနေခြင်း၊ ခရီးသွားက ကုန်လွန်သွားတဲ့ ခေတ်တစ်ခုဆီသို့ သယ်ဆောင်သွားခြင်း၊ အထိမ်းအမှတ်အဆောက်အအုံတိုင်းက အတိတ်ရဲ့ ပုံပြင်တွေကို တီးတိုးပြောပြနေတဲ့နေရာ,Neutral
စင်္ကြံမှာ ကိုယ့် crush နဲ့ မျက်လုံးချင်းမဆုံအောင် အောင်မြင်စွာ ရှောင်လိုက်နိုင်ပြီ မစ်ရှင်ပြီးမြောက် #ဆယ်ကျော်သက်အချစ် #ကိုယ်ပျောက်မုဒ်,Joy
ရုပ်ရှင်မာရသွန်ကြည့်နေတုန်း သရေစာကုန်သွားပြီ အကျပ်အတည်းအဆင့် - အရေးပေါ်! #ရုပ်ရှင်ညအခက်အခဲများ #ဆယ်ကျော်သက်ပြဿနာများ,Sadness
Selfie အတွက် အကောင်းဆုံး filter ရွေးဖို့ တစ်နာရီကုန်သွားတယ် အဲ့ဒီ Instagram အလှတရားအတွက် ရုန်းကန်မှုက တကယ့်ကိုအစစ် #Selfieဘုရင်မ #ဆယ်ကျော်သက်ခံစားချက်များ,Joy
နားကြပ်တွေ ထပ်ပျောက်သွားပြန်ပြီ သူတို့ ဘယ်လို လေထဲမှာ ပျောက်ကွယ်သွားတာလဲ #နားကြပ်လျှို့ဝှက်ဆန်းကြယ်မှု #ဆယ်ကျော်သက်ဘဝ,Anger
စာမေးပွဲအတွက် စာကျက်ဖို့ ဆုံးဖြတ်လိုက်ပေမယ့် စာကျက်တာနဲ့ပတ်သက်တဲ့ meme တွေပဲ လုပ်ဖြစ်သွားတယ် အချိန်ဆွဲခြင်းအဆင့် - ကျွမ်းကျင်သူ #အချိန်ဆွဲနိုင်ငံ #ဆယ်ကျော်သက်ဝန်ခံချက်များ,Surprise
နေ့အတွက် အဝတ်အစားဝတ်ပြီးမှ စနေနေ့ဆိုတာ သတိရသွားတယ် အိုး #စနေတနင်္ဂနွေခံစားချက်များ #ဆယ်ကျော်သက်ရုန်းကန်မှုများ,Sadness
Group project တစ်ခုကို ဒရာမာမရှိဘဲ ရှင်သန်ကျော်လွှားနိုင်ခဲ့တယ် အံ့ဖွယ်အမှုတွေ တကယ်ဖြစ်တာပဲ #အဖွဲ့လိုက်ပရောဂျက်အောင်မြင်မှု #ဆယ်ကျော်သက်အောင်မြင်မှုများ,Joy
ချက်ပြုတ်ဖို့ ရည်ရွယ်ချက်နဲ့ မီးဖိုချောင်ထဲဝင်သွားတယ် အာလူးကြော်တစ်ထုပ်နဲ့ ထွက်လာတယ် ချက်ပြုတ်တာက ဘာပဲဖြစ်ဖြစ် အပိုပဲ #လေ့ကျင့်ဆဲမာစတာစားဖိုမှူး #ဆယ်ကျော်သက်ဟာသ,Anger
စာသင်ခန်းထဲမှာ နာရီကို စိုက်ကြည့်ရင်း၊ ခေါင်းလောင်းတီးဖို့ စောင့်နေတာက တစ်နေ့တာရဲ့ စိတ်လှုပ်ရှားစရာအကောင်းဆုံး အဖြစ်အပျက်လိုပဲ #အတန်းချိန်ရေတွက်မှု #ဆယ်ကျော်သက်ဘဝ,Surprise
စာအုပ်စီးရီးအသစ်တစ်ခု ရှာဖွေတွေ့ရှိပြီး တစ်ညလုံး စာဖတ်နေခဲ့တယ် ဘယ်သူက အိပ်ချိန်လိုလို့လဲ #စာအုပ်ပိုးဘဝ #ညဉ့်နက်စာဖတ်ခြင်း,Joy
ဗီဒီယိုဂိမ်းအသစ်ဝယ်၊ နာရီပေါင်းများစွာ ကစား၊ စားဖို့မေ့သွားတယ် အဆုံးစွန် ဂိမ်းကစားချိန် #ဂိမ်းသမားဘဝ #အစားအစာမပါဂိမ်းကစားခြင်း,Joy
စီးရီးအသစ်တစ်ခုကို တစ်နေ့လုံး ဆက်တိုက်ကြည့်ရှုခဲ့တယ် ကုန်ထုတ်စွမ်းအားအဆင့် - သုည #ပျင်းရိတဲ့နေ့ #တီဗီစီးရီးမာရသွန်,Joy
နောက်ဆုံးပေါ် ဖက်ရှင်ခေတ်ရေစီးကြောင်းတွေကို လိုက်မီပြီး အခု ဈေးဝယ်ထွက်ဖို့ စီစဉ်နေပါတယ် #ဖက်ရှင်ကျသူ #ခေတ်မှီဆယ်ကျော်သက်,Joy
တူရိယာအသစ်တစ်ခု သင်ယူဖို့ ဆုံးဖြတ်လိုက်တယ် ပထမနေ့ - ဘယ်လိုကိုင်ရမလဲဆိုတာ ခုထိ ကြိုးစားနေဆဲ #ဂီတအသစ်သင် #သင်ယူမှုခရီးစဉ်,Anger
စိတ်ခံစားမှုတိုင်းအတွက် ပြီးပြည့်စုံတဲ့ playlist ဖန်တီးဖို့ နာရီပေါင်းများစွာ ကုန်ဆုံးခဲ့တယ် ဂီတက ကျွန်တော့်ရဲ့ ကုထုံး #Playlistပြုလုပ်သူ #ဆယ်ကျော်သက်ဂီတချစ်သူ,Joy
မိသားစုအတွက် အရသာရှိတဲ့ အစားအစာတစ်ခုကို အောင်မြင်စွာ ချက်ပြုတ်နိုင်ခဲ့တယ် စားဖိုမှူး ကျွမ်းကျင်မှုတွေ ပွင့်သွားပြီ! #စားဖိုမှူးမုဒ် #ဆယ်ကျော်သက်စားဖိုမှူး,Joy
အလိုအလျောက် စနေ၊ တနင်္ဂနွေ အပန်းဖြေခရီးတစ်ခု ကြိုတင်မှာယူလိုက်တယ် စွန့်စားခန်းက စောင့်ကြိုနေတယ်! #ခရီးသွားပိုး #စနေတနင်္ဂနွေလွတ်မြောက်မှု,Joy
ဖျော်ဖြေပွဲတစ်ခု တက်ရောက်ပြီး တစ်ညလုံး ကခုန်ခဲ့တယ် ဂီတက ဘဝရဲ့ နှလုံးခုန်သံ #ဖျော်ဖြေပွဲခံစားချက်များ #တစ်ညလုံးကခုန်ခြင်း,Joy
ငယ်ဘဝ ကာတွန်းတွေကို ပြန်လည်ရှာဖွေတွေ့ရှိပြီး အတိတ်ကိုတမ်းတစိတ်တွေ ပြည့်နေတဲ့ မာရသွန်တစ်ခု ကြည့်ခဲ့တယ် #ကာတွန်းအတိတ်ကိုတမ်းတခြင်း #ဆယ်ကျော်သက်အမှတ်တရများ,Joy
ကိုယ်တိုင်လုပ် အိမ်အလှဆင် ပရောဂျက်တစ်ခုကို စတင်လိုက်တယ် နောက်ဆုံးတစ်ခေါက်ထက် ပိုကောင်းမယ်လို့ မျှော်လင့်ကြရအောင် #DIYစွန့်စားခန်း #ဆယ်ကျော်သက်အိမ်အလှဆင်,Joy
ပြတိုက်မှာ နေ့လည်ခင်းကို ဖြတ်သန်းခဲ့တယ်၊ ယဉ်ကျေးမှုရှိချင်ယောင်ဆောင်ရင်း ဖြစ်ပေါ်လာဆဲ အနုပညာဝါသနာရှင် #ပြတိုက်နေ့ #ဆယ်ကျော်သက်အနုပညာချစ်သူ,Surprise
ကျပန်း အတွေးတွေနဲ့ စဉ်းစားတွေးတောမှုတွေအကြောင်း ဘလော့ဂ်တစ်ခု စတင်လိုက်တယ် ဘလော့ဂ်ရေးတာက ဒိုင်ယာရီအသစ် #ဘလော့ဂါဘဝ #ဆယ်ကျော်သက်ဘလော့ဂါ,Surprise
ဂန္ထဝင် ဝတ္ထုတစ်အုပ်နဲ့ ငြိမ်းချမ်းတဲ့ နေ့လည်ခင်းကို အရသာခံနေပါတယ် တိတ်ဆိတ်ငြိမ်သက်တဲ့ အခိုက်အတန့်တွေက အကောင်းဆုံး အခိုက်အတန့်တွေ #စာအုပ်ချစ်သူ #ငြိမ်းချမ်းတဲ့နေ့လည်ခင်း,Joy
တစ်သက်တာ အမှတ်တရတွေကို ပြန်လည်သုံးသပ်ရင်း၊ အရေးအကြောင်းတိုင်းက ပုံပြင်တစ်ပုဒ် ပြောပြနေတယ် အိုမင်းခြင်းရဲ့ အလှတရားကို ပွေ့ဖက်ခြင်း #ဘဝပြန်လည်သုံးသပ်မှုများ #အိုမင်းခြင်းထဲကအလှတရား,Love
ဒစ်ဂျစ်တယ် အနုပညာလောကကို စူးစမ်းရှာဖွေနေပါတယ် ဝါသနာအသစ်တွေ ရှာဖွေတွေ့ရှိဖို့ ဘယ်တော့မှ နောက်မကျဘူး #ဒစ်ဂျစ်တယ်အနုပညာ #နောက်ကျမှပွင့်သူ,Surprise
အိမ်ချက်ဟင်းရဲ့ အရသာတွေကို အရသာခံနေပါတယ် ရိုးရှင်းတဲ့ ပျော်ရွှင်မှုတွေက ပျော်ရွှင်မှုရဲ့ နှလုံးသား #အိမ်ချက်ဟင်း #ရိုးရှင်းတဲ့ပျော်ရွှင်မှုများ,Joy
ဘာသာစကားအသစ်တစ်ခု သင်ယူခြင်းရဲ့ ခရီးစဉ်ကို စတင်နေပါတယ် စကားလုံးအသစ်တိုင်းနဲ့အတူ စိတ်က နုပျိုနေဆဲ #ဘာသာစကားသင်ယူခြင်း #ဘယ်တော့မှနောက်မကျဘူး,Surprise
ဂန္ထဝင် ဂီတဖျော်ဖြေပွဲတစ်ခု တက်ရောက်ခဲ့တယ်၊ အချိန်မရွေး ခေတ်မီတဲ့ သံစဉ်တွေ ပဲ့တင်ထပ်နေတာကို ခံစားရတယ် ဂီတက မျိုးဆက်တွေကို ကျော်လွှားတယ် #ဂန္ထဝင်ဂီတ #အချိန်မရွေးခေတ်မီတဲ့သံစဉ်များ,Joy
ဓာတ်ပုံရိုက်ကူးခြင်းကနေတစ်ဆင့် သဘာဝတရားရဲ့ အလှကို ဖမ်းယူနေပါတယ် လျှပ်တစ်ပြက်ပုံတိုင်းက ရတနာတစ်ခု #သဘာဝဓာတ်ပုံရိုက်ကူးခြင်း #အကြီးတန်းဓာတ်ပုံဆရာ,Joy
သူငယ်ချင်းဟောင်းတွေနဲ့ လက်ဖက်ရည်တစ်ခွက်သောက်ရင်း ပြန်လည်ချိတ်ဆက်နေပါတယ် သူငယ်ချင်းဆက်ဆံရေး၊ အဖော်ဖြစ်ခြင်းရဲ့ စစ်မှန်တဲ့ အနှစ်သာရ #သူငယ်ချင်းဟောင်းများ #အဖော်ဖြစ်ခြင်း,Joy
အတိတ်က တန်ဖိုးထားရတဲ့ နေရာတွေကို ပြန်လည်လည်ပတ်ဖို့ ကားနဲ့ခရီးထွက်ခြင်းကို စတင်လိုက်တယ် အတိတ်ကိုတမ်းတခြင်း၊ အဆုံးစွန် ခရီးသွားအဖော် #ကားနဲ့ခရီးထွက်ခြင်း #အတိတ်ကိုတမ်းတခရီးစဉ်,Joy
လူထု သံပြိုင်တေးဂီတအဖွဲ့တစ်ခု ဝင်ရောက်ခဲ့တယ်၊ အဖော်အသံတွေနဲ့ သံစဉ်ညီအောင် သီဆိုနေခြင်း ဂီတက အချိန်ကို ကြံ့ကြံ့ခံနိုင်တဲ့ ချည်နှောင်မှုတွေကို ဖန်တီးတယ် #လူထုသံပြိုင်တေးဂီတအဖွဲ့ #အိုမင်းခြင်းထဲကသဟဇာတဖြစ်မှု,Joy
တရားထိုင်ခြင်း အနုပညာကို စူးစမ်းရှာဖွေနေခြင်း၊ စိတ်ရဲ့ ငြိမ်သက်မှုထဲမှာ တည်ငြိမ်အေးချမ်းမှုကို ရှာဖွေတွေ့ရှိခြင်း #တရားထိုင်ခရီးစဉ် #တည်ငြိမ်အေးချမ်းတဲ့စိတ်,Joy
ဥယျာဉ်ထဲမှာ လမ်းလျှောက်ထွက်ရင်း၊ ပွင့်လန်းနေတဲ့ ပန်းတွေရဲ့ အလှကို တန်ဖိုးထားလေးစားနေပါတယ် သဘာဝတရားရဲ့ အံ့ဖွယ်ရာတွေက ဘယ်တော့မှ မရပ်တန့်ဘူး #ဥယျာဉ်လမ်းလျှောက်ခြင်း #ပန်းအလှ,Joy
အကြိုက်ဆုံး vintage ဝိုင်တစ်ခွက်ကို သောက်သုံးနေရင်း၊ သောက်လိုက်တိုင်းက ကုန်လွန်သွားတဲ့ နှစ်တွေရဲ့ ပုံပြင်တစ်ပုဒ် ပြောပြနေတယ် ကောင်းမွန်စွာ နေထိုင်ခဲ့တဲ့ ဘဝအတွက် ချီးယားစ် #ဝိုင်ချစ်သူ #Vintageချီးယားစ်,Joy
လူထု အနုပညာသင်တန်းတစ်ခုမှာ ပါဝင်ခဲ့တယ်၊ ရွှေရောင်နှစ်တွေမှာ ဖန်တီးမှုကို ထုတ်လွှတ်နေခြင်း အနုပညာမှာ အသက်ကန့်သတ်ချက်မရှိဘူး #အနုပညာသင်တန်း #အကြီးတန်းအနုပညာ,Joy
ကိုယ်တိုင်ရေး အတ္ထုပ္ပတ္တိတစ်ခု ရေးသားခြင်းရဲ့ ခရီးစဉ်ကို စတင်နေပါတယ်၊ တစ်သက်တာ အတွေ့အကြုံတွေကို မှတ်တမ်းတင်နေခြင်း ပုံပြင်တိုင်းက အရေးကြီးတယ် #ကိုယ်တိုင်ရေးအတ္ထုပ္ပတ္တိရေးသားခြင်း #အကြီးတန်းပုံပြင်များ,Love
သမိုင်းဆိုင်ရာ ဟောပြောပွဲတစ်ခု တက်ရောက်ခဲ့တယ်၊ အတိတ်က သင်ခန်းစာတွေကြောင့် အမြဲတမ်း စွဲလန်းမိတယ် သင်ယူခြင်းက တစ်သက်တာ စွန့်စားခန်း #သမိုင်းဟောပြောပွဲ #အကြီးတန်းသင်ယူခြင်း,Surprise
ရိုးရာ မိသားစု ဟင်းချက်နည်းတွေကို ချက်ပြုတ်ခြင်းရဲ့ ပျော်ရွှင်မှုကို ပြန်လည်ရှာဖွေတွေ့ရှိခဲ့တယ် မီးဖိုချောင်၊ တန်ဖိုးထားရတဲ့ အမှတ်တရတွေရဲ့ နေရာ #မိသားစုဟင်းချက်နည်းများ #အကြီးတန်းချက်ပြုတ်ခြင်း,Joy
သဘာဝ ဓာတ်ပုံရိုက်ကူးခြင်း ကလပ်တစ်ခု ဝင်ရောက်ခဲ့တယ်၊ ပြင်ပလောကကြီးရဲ့ အလှကို ဖမ်းယူနေခြင်း ကလစ်တိုင်းက သဘာဝတရားနဲ့ ချိတ်ဆက်မှုတစ်ခု #သဘာဝဓာတ်ပုံရိုက်ကူးခြင်း #အကြီးတန်းဓာတ်ပုံဆရာ,Joy
ဂျက်ဇ် ဖျော်ဖြေပွဲတစ်ခု တက်ရောက်ခဲ့ပြီး အချိန်မရွေး ခေတ်မီတဲ့ တေးသွားတွေရဲ့ စည်းချက်အတိုင်း ယိမ်းနွဲ့ခဲ့တယ် ဂီတ၊ ရွှေရောင်နှစ်တွေမှာ အမြဲတမ်း အဖော် #ဂျက်ဇ်ဖျော်ဖြေပွဲ #အကြီးတန်းဂီတ,Joy
စာရေးအဖွဲ့တစ်ခု ဝင်ရောက်ခဲ့တယ်၊ အတွေးတွေနဲ့ ပြန်လည်သုံးသပ်မှုတွေကို ရေးချနေခြင်း စာရေးခြင်း၊ စိတ်ဝိညာဉ်ရဲ့ နက်ရှိုင်းမှုတွေဆီသို့ ခရီးစဉ်တစ်ခု #စာရေးအဖွဲ့ #အကြီးတန်းစာရေးဆရာ,Love
တစ်ကိုယ်တော် ခရီးသွား စွန့်စားခန်းတစ်ခုကို စတင်လိုက်တယ်၊ ကိုယ့်အရှိန်နဲ့ကိုယ် နေရာအသစ်တွေရဲ့ အလှကို ရှာဖွေတွေ့ရှိခြင်း #တစ်ကိုယ်တော်ခရီးသွား #အကြီးတန်းစူးစမ်းရှာဖွေသူ,Joy
Vintage ကားပြပွဲတစ်ခု တက်ရောက်ခဲ့တယ်၊ တစ်ချိန်က လမ်းတွေကို စိုးမိုးခဲ့တဲ့ ဂန္ထဝင်ကားတွေအကြောင်း ပြန်လည်အမှတ်ရနေခြင်း rev တိုင်းမှာ အတိတ်ကိုတမ်းတခြင်း #Vintageကားများ #ဂန္ထဝင်စီးနင်းမှုများ,Joy
လူထု ဥယျာဉ်တစ်ခု စတင်လိုက်တယ်၊ အပင်တွေတင်မက သူငယ်ချင်းဆက်ဆံရေးတွေကိုပါ စိုက်ပျိုးနေခြင်း စိမ်းလန်းသော လက်မများ စည်းလုံးကြ! #လူထုဥယျာဉ် #အကြီးတန်းဥယျာဉ်မှူး,Joy
မိသားစု ညစာစားပွဲတစ်ခု ကျင်းပခဲ့တယ်၊ ရယ်မောသံတွေက ပန်းကန်ခွက်ယောက် တချွင်ချွင်မြည်သံထက် ပိုကျယ်လောင်စွာ ပဲ့တင်ထပ်နေတဲ့နေရာ မိသားစု၊ ပျော်ရွှင်မှုရဲ့ နှလုံးသား #မိသားစုညစာစားပွဲ #အကြီးတန်းအိမ်ရှင်,Joy
သက်ကြီးရွယ်အိုများအတွက် အကသင်တန်းတစ်ခု စာရင်းသွင်းခဲ့တယ်၊ ဘဝရဲ့ စည်းချက်အတိုင်း လှုပ်ရှားနေခြင်း ကပွဲကြမ်းပြင်ပေါ်မှာ အသက်က ဂဏန်းတစ်ခုမျှသာ #အကသင်တန်း #အကြီးတန်းအကသမား,Joy
အနုပညာပြခန်းတစ်ခု လည်ပတ်ခဲ့တယ်၊ ဖန်တီးမှုရဲ့ ပုံပြင်တွေ ပြောပြနေတဲ့ စုတ်ချက်တွေကို တန်ဖိုးထားလေးစားနေခြင်း အနုပညာ၊ ထာဝရ အဖော် #အနုပညာပြခန်း #အကြီးတန်းအနုပညာချစ်သူ,Joy
သက်ကြီးရွယ်အိုများအတွက် စာအုပ်ကလပ်တစ်ခု စတင်လိုက်တယ်၊ ဆွေးနွေးမှုတွေက ဝတ္ထုတွေထဲက ဇာတ်ကောင်တွေလိုပဲ တက်ကြွနေတဲ့နေရာ #စာအုပ်ကလပ် #အကြီးတန်းစာဖတ်သူများ,Joy
ပန်းခြံထဲမှာ ပျော်ပွဲစားထွက်ပွဲတစ်ခု ကျင်းပခဲ့တယ်၊ သူငယ်ချင်းဆက်ဆံရေးနဲ့ နေရောင်ခြည်ရဲ့ နွေးထွေးမှုထဲမှာ နေပူစာလှုံနေခြင်း ရိုးရှင်းတဲ့ ပျော်ရွှင်မှုများ၊ အချိန်မရွေး ခေတ်မီတဲ့ အမှတ်တရများ #ပန်းခြံပျော်ပွဲစားထွက်ပွဲ #အကြီးတန်းပျော်ရွှင်မှု,Joy
ဒေသခံ ပြဇာတ်ထုတ်လုပ်မှုတစ်ခုမှာ ပါဝင်ခဲ့တယ်၊ စင်မြင့်က အသက်အရွယ်တိုင်းနဲ့ သက်ဆိုင်တယ်ဆိုတာ သက်သေပြနေခြင်း #ပြဇာတ်ထုတ်လုပ်မှု #အကြီးတန်းသရုပ်ဆောင်,Joy
တောင်တက် စွန့်စားခန်းတစ်ခုကို စတင်လိုက်တယ်၊ လမ်းတွေကို အောင်နိုင်ပြီး သဘာဝတရားရဲ့ အလှကို အရသာခံနေခြင်း တောင်ထိပ်ပေါ်မှာ အသက်က ဂဏန်းတစ်ခုမျှသာ #တောင်တက်စွန့်စားခန်း #အကြီးတန်းတောင်တက်သမား,Joy
ကောင်းမွန်စွာ နေထိုင်ခဲ့တဲ့ ဘဝရဲ့ လျှပ်တစ်ပြက်ပုံတွေ ပါဝင်တဲ့ ဓာတ်ပုံပြပွဲတစ်ခု ကျင်းပခဲ့တယ် ဓာတ်ပုံတိုင်းမှာ ပြောပြစရာ ပုံပြင်တစ်ပုဒ်ရှိတယ် #ဓာတ်ပုံပြပွဲ #အကြီးတန်းဓာတ်ပုံဆရာ,Love
သက်ကြီးရွယ်အို စက်ဘီးစီးကလပ်တစ်ခု ဝင်ရောက်ခဲ့တယ်၊ ဆံပင်ထဲက လေကို ခံစားရပြီး လမ်းဖွင့်ရဲ့ လွတ်လပ်မှုကို ခံစားရခြင်း #စက်ဘီးစီးကလပ် #အကြီးတန်းစက်ဘီးသမား,Joy
ဝိုင်အရသာခံပွဲတစ်ခု တက်ရောက်ခဲ့တယ်၊ ကောင်းမွန်တဲ့ ဝိုင်လို အသက်အရွယ်ရင့်ကျက်လာတဲ့ အရသာတွေရဲ့ ကြွယ်ဝမှုကို အရသာခံနေခြင်း ရွှေရောင်နှစ်တွေအတွက် ချီးယားစ်! #ဝိုင်အရသာခံပွဲ #အကြီးတန်းဝိုင်ချစ်သူ,Joy
ကပွဲခန်းမအက သင်ယူခြင်း စတင်လိုက်တယ်၊ ကပွဲကြမ်းပြင်ပေါ်မှာ ကျက်သရေရှိစွာ လျှောတိုက်ကခုန်နေခြင်း ခြေလှမ်းတိုင်းမှာ အသက်အရွယ်မရွေး ကျက်သရေရှိမှု #ကပွဲခန်းမအက #အကြီးတန်းအကသမား,Joy
လူထု ပန်းချီရေးဆွဲပွဲတစ်ခု စီစဉ်ခဲ့တယ်၊ ဗလာ ပန်းချီကားချပ်တွေကို မျှဝေခံစားရတဲ့ ဖန်တီးမှုရဲ့ လက်ရာမြောက် ပန်းချီကားတစ်ခုအဖြစ်သို့ ပြောင်းလဲခြင်း #ပန်းချီရေးဆွဲပွဲ #အကြီးတန်းအနုပညာရှင်,Joy
သူငယ်ချင်းဟောင်းတွေနဲ့ 'အမှတ်တရလမ်း' ညနေခင်းတစ်ခု ကျင်းပခဲ့တယ်၊ ကျွန်တော်တို့ရဲ့ ဘဝတွေကို ပုံဖော်ခဲ့တဲ့ စွန့်စားခန်းတွေအကြောင်း ပြန်လည်အမှတ်ရနေခြင်း #အမှတ်တရလမ်း #အကြီးတန်းပြန်လည်အမှတ်ရခြင်း,Love
သက်ကြီးရွယ်အို နက္ခတ္တဗေဒ ကလပ်တစ်ခု ဝင်ရောက်ခဲ့တယ်၊ ကြယ်ကြည့်ပြီး စကြဝဠာရဲ့ ကျယ်ပြန့်မှုထဲမှာ အံ့သြမှုကို ရှာဖွေတွေ့ရှိခြင်း #နက္ခတ္တဗေဒကလပ် #အကြီးတန်းကြယ်ကြည့်သူ,Surprise
ဒေသခံ ဂျက်ဇ်ပွဲတော်တစ်ခု တက်ရောက်ခဲ့တယ်၊ အချိန်ရဲ့ စမ်းသပ်မှုကို ကြံ့ကြံ့ခံနိုင်ခဲ့တဲ့ တေးသွားတွေအတိုင်း ခြေချောင်းတွေ တတောက်တောက် ခေါက်နေခြင်း ဂီတ၊ တစ်သက်တာ အချစ်ဇာတ်လမ်း #ဂျက်ဇ်ပွဲတော် #အကြီးတန်းဂီတချစ်သူ,Joy
နှစ်တွေတစ်လျှောက် ရရှိခဲ့တဲ့ ပညာဉာဏ်ကို မျှဝေတဲ့ ဘလော့ဂ်တစ်ခု စတင်လိုက်တယ်၊ နေ့ရက်တိုင်းက သင်ယူပြီး ကြီးထွားဖို့ အခွင့်အရေးတစ်ခုဖြစ်တယ်ဆိုတာ သက်သေပြနေခြင်း #အကြီးတန်းပညာဉာဏ် #ဘလော့ဂ်,Love
ပရဟိတ အပြေးပြိုင်ပွဲတစ်ခုမှာ ပါဝင်ခဲ့တယ်၊ အသက်အရွယ်က အဓိပ္ပါယ်ရှိတဲ့ အကြောင်းရင်းတွေကို ပံ့ပိုးကူညီဖို့ အတားအဆီးမဟုတ်ဘူးဆိုတာ သက်သေပြနေခြင်း #ပရဟိတအပြေးပြိုင်ပွဲ #အကြီးတန်းအပြေးသမား,Joy
စိန်ခေါ်မှုရှိတဲ့ ရူပဗေဒစာမေးပွဲတစ်ခုကို ရှင်သန်ကျော်လွှားနိုင်ခဲ့တယ် ညီမျှခြင်းတွေ၊ မင်း ငါ့ကို အနိုင်ယူလို့မရဘူး!,Neutral
Coding လောကကို စူးစမ်းရှာဖွေနေပါတယ် Debugging လုပ်တာက သူ့ဘာသာသူ စွန့်စားခန်းတစ်ခု! #Codingခရီးစဉ် #အထက်တန်းကျောင်းသားCoder,Joy
ကျောင်း စကားရည်လုအသင်း ဝင်ရောက်ခဲ့တယ် စကားလုံးတွေက ကျွန်တော့်ရဲ့ လက်နက်တွေ၊ စစ်ပွဲအတွက် အသင့်ပဲ!,Joy
ကျောင်းမှာ ဓာတ်ပုံကလပ်တစ်ခု စတင်လိုက်တယ် အခိုက်အတန့်တွေကို ဖမ်းယူနေခြင်း၊ တစ်ခါရိုက် တစ်ပုံနှုန်းနဲ့!,Joy
လာမယ့် prom အကြောင်း နေ့ခင်းကြောင်တောင် အိပ်မက်မက်နေပါတယ် ဝတ်စုံ၊ အက – ဒါက ဖြစ်ပေါ်လာဆဲ ဒဏ္ဍာရီပုံပြင်တစ်ခု!,Joy
ဆရာမကို အတန်းကို အပြင်မှာ သင်ဖို့ နားချနိုင်ခဲ့တယ် လေကောင်းလေသန့် တစ်ဖက်နဲ့ ညီမျှခြင်းတွေ သင်ယူခြင်း!,Joy
အနုပညာသင်တန်းမှာ ဆေး မတော်တဆ ဖိတ်ကျသွားတယ် Abstract အနုပညာ၊ ဟုတ်တယ်မလား #အနုပညာသင်တန်းစွန့်စားခန်းများ #အထက်တန်းကျောင်းသားအနုပညာရှင်,Fear
ကျွန်တော့် စကိတ်ဘုတ်ပေါ်မှာ ပြီးပြည့်စုံတဲ့ kickflip ကို ကျွမ်းကျင်အောင် ကြိုးစားနေပါတယ် ပညာရှင်တစ်ယောက်လို စနေ၊ တနင်္ဂနွေထဲသို့ စကိတ်စီးဝင်နေခြင်း!,Joy
နောက်ဆုံးပေါ် K-pop အကျော်အမော်အကြောင်း သူငယ်ချင်းတွေနဲ့ ရင်းနှီးမှု တည်ဆောက်နေပါတယ် အကောင်းဆုံး Fangirling လုပ်ခြင်း!,Joy
ဓာတုဗေဒ စမ်းသပ်ချက်တစ်ခုကို ပြီးပြည့်စုံအောင် နာရီပေါင်းများစွာ ကုန်ဆုံးခဲ့တယ် မှော်ဆရာတစ်ယောက်လို ဆေးရည်တွေ ရောစပ်နေခြင်း!,Joy
သူငယ်ချင်းတစ်ယောက်အတွက် အံ့အားသင့်ဖွယ် မွေးနေ့ပါတီတစ်ခုကို အောင်မြင်စွာ စီစဉ်နိုင်ခဲ့တယ် ပါတီစီစဉ်ခြင်း ကျွမ်းကျင်သူမုဒ် - အောင်မြင်ပြီ!,Joy
ကျွန်တော့်ရဲ့ အတွင်းစိတ် သရုပ်ဆောင်ကို ထုတ်လွှတ်ဖို့ ဒရာမာကလပ် ဝင်ရောက်ခဲ့တယ် မီးများ၊ ကင်မရာ၊ အက်ရှင်!,Joy
နောက်ဆုံးပေါ် စိတ်ကူးယဉ် ဝတ္ထုတစ်အုပ် လက်ထဲရောက်လာပြီ မှော်အတတ်နဲ့ စွန့်စားခန်း နယ်ပယ်တွေထဲသို့ ခုန်ဆင်းဝင်ရောက်နေခြင်း!,Joy
ပျင်းစရာကောင်းတဲ့ အတန်းတွေအတွင်း ပြီးပြည့်စုံတဲ့ doodle ရေးဆွဲခြင်း အနုပညာကို ကျွမ်းကျင်နေခြင်း Doodles - A+!,Joy
အကြာဆုံး လက်ထောက်ရပ်ခြင်းအတွက် ကျောင်းစံချိန်ကို ချိုးဖျက်ဖို့ ကြိုးစားနေပါတယ် ကျွန်တော့်အတွက် ဆုတောင်းပေးပါ!,Joy
ပညာရှင်တစ်ယောက်လို အတန်းထဲသို့ သရေစာတွေ ခိုးသယ်နေခြင်း သရေစာခိုးသယ်ခြင်း အနုပညာက မြင့်မြတ်တဲ့ ကျွမ်းကျင်မှုတစ်ခု!,Anger
ဒီစနေ၊ တနင်္ဂနွေ သူငယ်ချင်းတွေနဲ့အတူ အိပ်ယာဝင်ပွဲ ကျင်းပနေပါတယ် ရယ်မောခြင်းနဲ့ အမှတ်တရတွေရဲ့ ညတစ်ညအတွက် ပြင်ဆင်နေခြင်း!,Joy
TikTok အကတစ်ခုအတွက် နာရီပေါင်းများစွာ အချိန်ကုန်ခဲ့တယ်၊ ကိုယ့်မှာ ဘယ်ခြေနှစ်ချောင်းရှိတယ်ဆိုတာ သိလိုက်ရမှပဲ အက ကျရှုံးမှု - ထုတ်လွှတ်လိုက်ပြီ!,Fear
ကိုယ့် crush ရဲ့ profile ကို stalk လုပ်နေတုန်း သူတို့ရဲ့ ဓာတ်ပုံဟောင်းတစ်ခုကို မတော်တဆ like လုပ်မိသွားတယ် အဆင်မပြေမှုအဆင့် - အမြင့်ဆုံး!,Fear
ချောမွေ့တဲ့ စကားပြောဆိုမှုနဲ့ ကိုယ့် crush ကို စွဲဆောင်ဖို့ ကြိုးစားခဲ့တယ် ကိုယ့်သောက်စရာ ဖိတ်ကျသွားတာနဲ့ အဆုံးသတ်ခဲ့တယ် ချောမွေ့မှုအဆင့် - မရှိ,Fear
ဟောပြောပွဲအတွင်း စက္ကူလေယာဉ်ပျံ ဖန်တီးခြင်း အနုပညာကို ကျွမ်းကျင်ခဲ့တယ် စက္ကူလေယာဉ်ပျံများ - အမြင့်အသစ်များဆီသို့ ပျံဝဲနေခြင်း!,Joy
အတန်းတွေကြားမှာ ကျောင်းစာအုပ်တွေကို juggle လုပ်ခြင်းဖြင့် ခေတ်ရေစီးကြောင်းအသစ်တစ်ခု ဖန်တီးဖို့ ကြိုးစားနေပါတယ် ပညာရေးဆိုင်ရာ juggle လုပ်ခြင်း - ထူးခြားတဲ့ ကျွမ်းကျင်မှုတစ်ခု!,Joy
အရေးပေါ် စားချင်စိတ်များအတွက် ကျောပိုးအိတ်ထဲမှာ သရေစာ သိုလှောင်ရုံတစ်ခု ဖွက်ထားခြင်း သရေစာ နင်ဂျာမုဒ် - အသက်ဝင်ပြီ!,Anger
သူငယ်ချင်းတွေအတွက် အံ့အားသင့်ဖွယ် ရတနာရှာဖွေပွဲတစ်ခု စီစဉ်နေပါတယ် သည်းထိတ်ရင်ဖိုမှုနဲ့ စိတ်လှုပ်ရှားမှုကို မျှော်လင့်နေခြင်း!,Joy
စာမေးပွဲတွေ ပြီးဆုံးတာကို ဂုဏ်ပြုဖို့ မိုးရေထဲမှာ ကခုန်ခဲ့တယ် မိုးရေထဲက အက - မမျှော်လင့်ဘဲ လန်းဆန်းစေတယ်,Joy
သူငယ်ချင်းတစ်ယောက်အတွက် ရည်ရွယ်တဲ့ text တစ်ခုကို အတန်း group chat ထဲသို့ မတော်တဆ ပို့မိသွားတယ် Texting ကျရှုံးမှု - အိုးпс အခိုက်အတန့်!,Fear
အတန်းဖော်တွေကို စွဲဆောင်ဖို့ မှော်ပညာတစ်ခု စမ်းသပ်ခဲ့တယ် မှော်ပညာ ကျရှုံးမှု - အဲ့ဒီ ယုန် ဘယ်ရောက်သွားလဲ,Fear
ပျင်းစရာကောင်းတဲ့ ဟောပြောပွဲတစ်ခုအတွင်း origami ဖန်တီးခြင်း အနုပညာကို ပြီးပြည့်စုံအောင် လုပ်ဆောင်နေခြင်း Origami ကျွမ်းကျင်မှု - A+!,Joy
ဆက်တိုက် hacky sack ကန်ချက် အများဆုံးအတွက် စံချိန်သစ်တင်ဖို့ ကြိုးစားနေပါတယ် Hacky sack ကျွမ်းကျင်မှုများ - ထုတ်လွှတ်လိုက်ပြီ!,Joy
သူငယ်ချင်းတွေနဲ့ လျှို့ဝှက် လက်ဆွဲနှုတ်ဆက်ခြင်းတစ်ခု ဖန်တီးနေပါတယ် သူငယ်ချင်းဆက်ဆံရေးအဆင့် - ကျွမ်းကျင်သူ!,Joy
မြို့ထဲက အကောင်းဆုံး ဘာဂါဆိုင်ကို ရှာဖွေဖို့ မစ်ရှင်တစ်ခု စတင်နေပါတယ် ဘာဂါ ကျွမ်းကျင်သူ - တာဝန်အတွက် သတင်းပို့နေခြင်း!,Joy
လာမယ့် အရည်အချင်းပြပွဲအတွက် stand-up comedy routine တစ်ခု လေ့ကျင့်နေပါတယ် ဟာသ ဖျော်ဖြေမှု - ပြုလုပ်နေဆဲ!,Joy
အချစ်စာတစ်စောင်ကို လူမှားဆီသို့ မတော်တဆ ပို့မိသွားတယ် အချစ်စာ ကျရှုံးမှု - အမြင့်ဆုံး ရှက်ရွံ့မှု!,Fear
အသေးစိတ်ကျတဲ့ သိပ္ပံစမ်းသပ်ချက်တစ်ခုနဲ့ ဆရာမကို စွဲဆောင်ဖို့ ကြိုးစားနေပါတယ် သိပ္ပံ ဝါသနာရှင်မုဒ် - အသက်ဝင်ပြီ!,Joy
အဖွဲ့သားအားလုံးအတွက် ရှုပ်ထွေးတဲ့ သူငယ်ချင်း လက်ပတ်တွေ ဖန်တီးနေပါတယ် သူငယ်ချင်းဆက်ဆံရေးအဆင့် - ကျွမ်းကျင် ရက်ကန်းသမား!,Joy
ဆက်တိုက် cartwheel အများဆုံးအတွက် စံချိန်ကို ချိုးဖျက်ဖို့ ကြိုးစားနေပါတယ် Cartwheel စိန်ခေါ်မှု - လုပ်ဆောင်နေဆဲ!,Joy
သူငယ်ချင်းတွေနဲ့ ရုပ်ရှင်မာရသွန်တစ်ခု စီစဉ်နေပါတယ် ပေါက်ပေါက်ဆုပ်နဲ့ ရုပ်ရှင် စွန့်စားခန်းတွေ စောင့်ကြိုနေတယ်!,Joy
ဆံပင်အရောင်အသစ်တစ်ခုနဲ့ စမ်းသပ်နေပါတယ် ရဲရင့်တဲ့ semester အတွက် ရဲရင့်တဲ့ ပြောင်းလဲမှုတစ်ခု!,Joy
အနာဂတ်အတွက် အမှတ်တရတွေကို ဖမ်းယူဖို့ အချိန်တောင့်တစ်ခု တည်ဆောက်နေပါတယ် အချိန်ခရီးသွား စိတ်ခံစားမှုများ!,Joy
ပထမနေ့မှာ စာသင်ခန်းမှားထဲသို့ မတော်တဆ ဝင်သွားမိတယ် စာသင်ခန်း ရောထွေးမှု - အဆင်မပြေတဲ့ အစပြုမှု!,Fear
အပတ်စဉ် ကျန်းမာရေးနဲ့ ညီညွတ်တဲ့ အစပြုမှုအတွက် smoothie recipe အသစ်တစ်ခု စမ်းသပ်နေပါတယ် Smoothie ဝါသနာရှင် - အဆင့်တက်ပြီ!,Joy
ကျောင်းနှစ်ရဲ့ စိန်ခေါ်မှုတွေကို ပြန်လည်သုံးသပ်နေပါတယ် တာဝန်တွေနဲ့ နည်းနည်း လွှမ်းမိုးခံစားနေရတယ်,Sadness
အွန်လိုင်းမှာ မရည်ရွယ်ဘဲ မကောင်းတဲ့ မှတ်ချက်တချို့ ကြုံတွေ့ခဲ့ရတယ် အွန်လိုင်း အမုန်းတရားကို ရင်ဆိုင်ရတာ ဘယ်တော့မှ မလွယ်ဘူး,Anger
ကျောင်းမှာ နေ့ဆိုးတစ်နေ့ ကြုံခဲ့ရတယ် အရာအားလုံး မှားယွင်းနေပုံပဲ,Anger
အားကစားအသင်းမှာ မပါဝင်ရတဲ့အတွက် စိတ်ဓာတ်ကျနေတယ် စိတ်ပျက်မှုက ဆက်ရှိနေတုန်းပဲ,Sadness
ကန်တင်းမှာ ပြင်းထန်တဲ့ ငြင်းခုံမှုတစ်ခု တွေ့မြင်ခဲ့ရတယ် နေ့လည်စာမှာ မနှစ်မြို့ဖွယ် လေထု,Anger
အဓိက ပရောဂျက်တစ်ခုမှာ သိပ်မကောင်းတဲ့ အဆင့် ရရှိခဲ့တယ် ပညာရေးဆိုင်ရာ စိတ်ပျက်မှု ဝင်လာနေပြီ,Anger
ကိုယ်ပိုင် အဆင်မပြေမှုတစ်ခုကို ရင်ဆိုင်နေရတယ် တစ်ခါတလေ ဘဝက မမျှော်လင့်ထားတဲ့ စိန်ခေါ်မှုတွေ ပစ်ပေါက်တတ်တယ်,Sadness
စနေနေ့ညမှာ အထီးကျန်မှု ခံစားနေရတယ် တစ်ခါတလေ အထီးကျန်မှုက မျှော်လင့်ထားတာထက် ပိုပြင်းထန်စွာ ထိခိုက်တတ်တယ်,Sadness
Cyberbullying ကြုံတွေ့နေရတယ် အွန်လိုင်းက အမုန်းတရား မက်ဆေ့ချ်တွေက စိတ်ပျက်စရာကောင်းတယ်,Anger
ထီးမပါဘဲ သည်းထန်တဲ့ မိုးသက်မုန်တိုင်းထဲမှာ မိနေတယ် ဒီနေ့ ရာသီဥတုက ကံဆိုးတာပဲ,Anger
မမျှော်လင့်ထားတဲ့ အခြေအနေတွေကြောင့် အရေးကြီးတဲ့ ပွဲတစ်ခု လွဲချော်သွားတယ် ဝမ်းနည်းမှုတွေနဲ့ ပြည့်နေတဲ့ နေ့တစ်နေ့,Sadness
ကိုယ်ပိုင်ဘဝအကြောင်း ပျံ့နှံ့နေတဲ့ အခြေအမြစ်မရှိတဲ့ ကောလာဟလတွေကို ရင်ဆိုင်နေရတယ် ကောလာဟလတွေက နာကျင်စေနိုင်တယ်,Anger
အရေးကြီးတဲ့ အစည်းအဝေးတစ်ခု သွားရာလမ်းမှာ တာယာပြားသွားတယ် ဆိုးရွားတဲ့ အဖြစ်အပျက်တွေ ဆက်တိုက်ဖြစ်တာ ပြောစမ်းပါ,Anger
ရင်းနှီးတဲ့ သူငယ်ချင်းတစ်ယောက် ပြောင်းရွှေ့သွားပြီးနောက် လစ်ဟာမှု ခံစားချက် နှုတ်ဆက်ပွဲတွေက အမြဲတမ်း ဝမ်းနည်းစရာကောင်းတယ်,Sadness
အိပ်မက် ကောလိပ်တစ်ခုကနေ ငြင်းပယ်ခံရခြင်း စိတ်ပျက်မိပေမယ့် အခြားလမ်းကြောင်းတွေကို စူးစမ်းရှာဖွေဖို့ စိတ်ပိုင်းဖြတ်ထားတယ်,Sadness
ဂိမ်းကစားချိန်အတွင်း အွန်လိုင်း အဆိပ်အတောက် ကြုံတွေ့ရခြင်း အမုန်းတရား မှတ်ချက်တွေက ပျော်ရွှင်မှုကို ဖျက်ဆီးနိုင်တယ်,Anger
ဆံပင်ပုံစံဆိုးတဲ့နေ့ ကြုံပြီး ကိုယ့်ကိုယ်ကို သတိထားမိနေခြင်း ဆံပင်ပုံစံဆိုးတဲ့နေ့တွေက ယုံကြည်မှုကို ထိခိုက်စေနိုင်တယ်,Anger
အဓိက ပရောဂျက်တစ်ခု ကျရှုံးပြီးနောက် စိတ်ပျက်အားငယ်မှု ခံစားချက် ကြိုးစားအားထုတ်မှုက ဒီတစ်ခါ အရာမထင်ခဲ့ဘူး,Sadness
ကိုယ်ပိုင် ထင်မြင်ချက်တွေ ဖော်ပြတဲ့အတွက် အမုန်းတရား မှတ်ချက်တွေ ကြုံတွေ့ရခြင်း အွန်လိုင်း အပျက်သဘောဆောင်မှုက လွှမ်းမိုးနေတယ်,Anger
စဉ်ဆက်မပြတ် နည်းပညာ ချို့ယွင်းမှုတွေနဲ့ ကံဆိုးမှု ဆက်တိုက်ကြုံတွေ့နေရခြင်း နည်းပညာ ပြဿနာတွေ အများကြီး!,Anger
မမျှော်လင့်ထားတဲ့ အခြေအနေတွေကြောင့် ကြာရှည်စွာ စောင့်မျှော်နေတဲ့ ပွဲတစ်ခု လွဲချော်သွားခြင်း ဝမ်းနည်းမှုတွေနဲ့ ပြည့်နေတဲ့ နေ့တစ်နေ့,Sadness
လာမယ့် စာမေးပွဲတွေအတွက် စာကျက်နည်းစနစ်အသစ်တစ်ခု စမ်းသပ်နေပါတယ် ကွဲပြားတဲ့ သင်ယူမှု နည်းဗျူဟာတွေကို စူးစမ်းရှာဖွေနေခြင်း,Sadness
ပိုမိုသန့်ရှင်းတဲ့ ရပ်ကွက်တစ်ခုအတွက် လူထု သန့်ရှင်းရေးပွဲတစ်ခု စီစဉ်နေပါတယ် ပတ်ဝန်းကျင်ဆိုင်ရာ အသိပညာပေးမှုကို မြှင့်တင်နေခြင်း,Sadness
အကြိုက်ဆုံး စာအုပ် အကြံပြုချက်တွေကို အတန်းဖော်တွေနဲ့ မျှဝေနေပါတယ် စာအုပ်ကလပ်ငယ်တစ်ခု တည်ဆောက်နေခြင်း,Sadness
ကျောင်း မုန့်ဖုတ်ရောင်းပွဲအတွက် recipe အသစ်တစ်ခုနဲ့ စမ်းသပ်နေပါတယ် မီးဖိုချောင်ထဲက မုန့်ဖုတ် စွန့်စားခန်းများ,Sadness
ရွယ်တူတွေနဲ့ ကျောင်း ပရောဂျက်တစ်ခုမှာ ပူးပေါင်းဆောင်ရွက်နေပါတယ် အဖွဲ့လိုက်လုပ်ဆောင်မှုက အိပ်မက်ကို အကောင်အထည်ဖော်စေတယ်,Sadness
စိတ်ဝင်စားမှုအသစ်တွေ စူးစမ်းရှာဖွေဖို့ ကျောင်း ကလပ်အစည်းအဝေးတစ်ခု တက်ရောက်နေပါတယ် သင်ရိုးပြင်ပ လှုပ်ရှားမှုတွေမှာ ပါဝင်နေခြင်း,Sadness
လုပ်ငန်းအတွေ့အကြုံ ရရှိဖို့ အချိန်ပိုင်းအလုပ် အခွင့်အလမ်းအသစ်တစ်ခု စူးစမ်းရှာဖွေနေပါတယ် အသက်မွေးဝမ်းကျောင်း ဖွံ့ဖြိုးတိုးတက်မှု လုပ်ဆောင်နေဆဲ,Sadness
လာမယ့် ပွဲတွေနဲ့ ကြေညာချက်တွေအကြောင်း သိရှိနေဖို့ ကျောင်း စုဝေးပွဲတစ်ခု တက်ရောက်နေပါတယ် ကျောင်း လှုပ်ရှားမှုတွေနဲ့ ချိတ်ဆက်နေခြင်း,Sadness
အားလပ်ချိန်အတွင်း ဓာတ်ပုံရိုက်ကူးခြင်း ဝါသနာအသစ်တစ်ခု စူးစမ်းရှာဖွေနေပါတယ် မှန်ဘီလူးကနေတစ်ဆင့် အခိုက်အတန့်တွေကို ဖမ်းယူနေခြင်း,Sadness
ထူးခြားတဲ့ စမ်းသပ်ချက်တစ်ခု ပြသဖို့ သိပ္ပံပြပွဲတစ်ခုမှာ ပါဝင်နေပါတယ် ရွယ်တူတွေနဲ့ ဗဟုသုတ မျှဝေနေခြင်း,Sadness
စီစဉ်ဖွဲ့စည်းမှု ကျွမ်းကျင်မှုတွေကို မြှင့်တင်ဖို့ အချိန်စီမံခန့်ခွဲမှုဆိုင်ရာ workshop တစ်ခု တက်ရောက်နေပါတယ် ထိရောက်မှုအတွက် ကြိုးပမ်းနေခြင်း,Sadness
လူမှုအသိုင်းအဝိုင်းကို ပြန်လည်ပေးဆပ်ဖို့ ဒေသခံ ပရဟိတပွဲတစ်ခုမှာ စေတနာ့ဝန်ထမ်းလုပ်နေပါတယ် လူမှုရေး အကြောင်းရင်းတွေကို ပံ့ပိုးကူညီနေခြင်း,Sadness
အဖွဲ့လိုက်လုပ်ဆောင်မှုနဲ့ မျှဝေခံစားရတဲ့ တာဝန်တွေကို မြှင့်တင်ဖို့ group project တစ်ခုမှာ ပူးပေါင်းဆောင်ရွက်နေပါတယ် အဖွဲ့လိုက် ကြိုးပမ်းမှု လုပ်ဆောင်နေဆဲ,Sadness
ဝေဖန်ပိုင်းခြား စဉ်းစားတွေးခေါ်မှုနဲ့ ဆက်သွယ်ရေး ကျွမ်းကျင်မှုတွေကို မြှင့်တင်ဖို့ စကားရည်လုကလပ်တစ်ခုမှာ ပါဝင်နေပါတယ် ဉာဏ်ပညာဆိုင်ရာ ပါဝင်ပတ်သက်မှု လုပ်ဆောင်နေဆဲ,Sadness
သူငယ်ချင်းတစ်ယောက်ရဲ့ မွေးနေ့ကို အံ့အားသင့်ဖွယ် ပါတီတစ်ခုနဲ့ ဂုဏ်ပြုနေပါတယ် ပျော်ရွှင်ဖွယ် အခိုက်အတန့်တွေနဲ့ ရယ်မောသံတွေ ပတ်ပတ်လည်!,Joy
စိန်ခေါ်မှုရှိတဲ့ coding ပရောဂျက်တစ်ခုကို အောင်မြင်စွာ ပြီးမြောက်ခြင်း coding အတားအဆီးတွေကို ကျော်လွှားနိုင်မှုအတွက် စိတ်လှုပ်ရှားခြင်း!,Joy
အတန်းဖော်တွေကို အားပေးဖို့ ကျောင်း အရည်အချင်းပြပွဲတစ်ခု တက်ရောက်နေပါတယ် ပြသထားတဲ့ ကွဲပြားတဲ့ အရည်အချင်းတွေကို လက်ခုပ်တီး အားပေးနေခြင်း!,Joy
စနေ၊ တနင်္ဂနွေမှာ သူငယ်ချင်းတွေနဲ့ တောင်တက်လမ်းအသစ်တစ်ခု စူးစမ်းရှာဖွေနေပါတယ် သဘာဝတရား၊ ရယ်မောခြင်း၊ နဲ့ ကောင်းမွန်တဲ့ ခံစားချက်များ!,Joy
ပြိုင်ဘက်ကျောင်းတွေကို အနိုင်ရတဲ့ ချစ်ကြည်ရေး အားကစားပြိုင်ပွဲတစ်ခု အောင်ပွဲခံပွဲတွေ အရှိန်အဟုန်အပြည့်နဲ့!,Joy
အခြားနိုင်ငံက စာရေးသူငယ်ချင်းတစ်ယောက်ဆီက ရင်ထဲက စာတစ်စောင် လက်ခံရရှိခြင်း ကမ္ဘာတစ်ဝှမ်း ချိတ်ဆက်နေခြင်း!,Joy
အနုပညာ ဝါသနာရှင်တွေနဲ့အတူ လှပတဲ့ နံရံဆေးရေးပန်းချီတစ်ခု ဖန်တီးနေပါတယ် ပူးပေါင်းဆောင်ရွက်မှုနဲ့ ဖန်တီးမှုရဲ့ စွမ်းအား!,Joy
ကျောင်းအဆင့် အနုပညာပြပွဲတစ်ခုမှာ ပါဝင်နေပါတယ် ဖန်တီးမှုကို တွေ့မြင်ပြီး အကောင်းမြင်စိတ်ဓာတ်တွေ ဖြန့်ဝေနေခြင်း!,Joy
ပြေးခုန်ပစ် ပြိုင်ပွဲတစ်ခုမှာ ကိုယ်ပိုင်အကောင်းဆုံးစံချိန် ရရှိခြင်း အောင်ပွဲရဲ့ သည်းထိတ်ရင်ဖိုမှုနဲ့ မိမိကိုယ်ကို တိုးတက်မှု!,Joy
ဒေသဆိုင်ရာ ပြပွဲတစ်ခုမှာ အသိအမှတ်ပြုမှု ရရှိခဲ့တဲ့ သိပ္ပံပရောဂျက်တစ်ခုမှာ ပူးပေါင်းဆောင်ရွက်နေပါတယ် သိပ္ပံ အောင်ပွဲများနဲ့ အပြုံးများ!,Joy
သူငယ်ချင်းတွေက စီစဉ်ပေးတဲ့ အံ့အားသင့်ဖွယ် မွေးနေ့ပါတီတစ်ခု တက်ရောက်နေပါတယ် အချစ်၊ ရယ်မောခြင်း၊ နဲ့ အဖော်ကောင်းတွေနဲ့ ဝန်းရံထားခြင်း!,Joy
ကျောင်း ပရဟိတ အစီအစဉ်တစ်ခုအတွက် အောင်မြင်စွာ ရန်ပုံငွေရှာဖွေနိုင်ခဲ့ခြင်း လူမှုအသိုင်းအဝိုင်းကို ပြန်လည်ပေးဆပ်ခြင်းရဲ့ ပျော်ရွှင်မှု!,Joy
ယဉ်ကျေးမှုပေါင်းစုံ ပွဲတော်တစ်ခုမှာ ပါဝင်နေပါတယ်၊ ဂီတ၊ အက၊ နဲ့ အရသာရှိတဲ့ အစားအစာတွေနဲ့ ကွဲပြားမှုကို ဂုဏ်ပြုနေခြင်း!,Joy
စိန်ခေါ်မှုတွေရှိတဲ့ အချိန်တွေအတွင်း virtual အရည်အချင်းပြပွဲတစ်ခု စီစဉ်နေပါတယ်၊ အတန်းဖော်တွေရဲ့ မျက်နှာတွေဆီသို့ အပြုံးတွေ ယူဆောင်လာခြင်း!,Joy
